gameId,gameDateTimeEst,hometeamId,awayteamId,gameType,season_year,home_win,home_team,away_team,is_playoff,covid_era
22000071,2021-01-01 19:00:00,1610612742,1610612748,Regular Season,2021,1,Dallas Mavericks,Miami Heat,0,1
22000070,2021-01-01 19:00:00,1610612765,1610612738,Regular Season,2021,1,Detroit Pistons,Boston Celtics,0,1
22000069,2021-01-01 19:00:00,1610612766,1610612763,Regular Season,2021,0,Charlotte Hornets,Memphis Grizzlies,0,1
22000072,2021-01-01 19:30:00,1610612751,1610612737,Regular Season,2021,0,Brooklyn Nets,Atlanta Hawks,0,1
22000074,2021-01-01 20:00:00,1610612750,1610612764,Regular Season,2021,0,Minnesota Timberwolves,Washington Wizards,0,1
22000075,2021-01-01 20:00:00,1610612759,1610612747,Regular Season,2021,0,San Antonio Spurs,Los Angeles Lakers,0,1
22000073,2021-01-01 20:00:00,1610612749,1610612741,Regular Season,2021,1,Milwaukee Bucks,Chicago Bulls,0,1
22000077,2021-01-01 21:00:00,1610612762,1610612746,Regular Season,2021,1,Utah Jazz,Los Angeles Clippers,0,1
22000076,2021-01-01 21:00:00,1610612743,1610612756,Regular Season,2021,0,Denver Nuggets,Phoenix Suns,0,1
22000078,2021-01-01 22:30:00,1610612744,1610612757,Regular Season,2021,0,Golden State Warriors,Portland Trail Blazers,0,1
22000079,2021-01-02 17:00:00,1610612745,1610612758,Regular Season,2021,1,Houston Rockets,Sacramento Kings,0,1
22000080,2021-01-02 19:00:00,1610612754,1610612752,Regular Season,2021,0,Indiana Pacers,New York Knicks,0,1
22000082,2021-01-02 19:00:00,1610612755,1610612766,Regular Season,2021,1,Philadelphia 76ers,Charlotte Hornets,0,1
22000081,2021-01-02 19:00:00,1610612753,1610612760,Regular Season,2021,0,Orlando Magic,Oklahoma City Thunder,0,1
22000084,2021-01-02 19:30:00,1610612740,1610612761,Regular Season,2021,1,New Orleans Pelicans,Toronto Raptors,0,1
22000083,2021-01-02 19:30:00,1610612737,1610612739,Regular Season,2021,0,Atlanta Hawks,Cleveland Cavaliers,0,1
22000085,2021-01-03 15:00:00,1610612765,1610612738,Regular Season,2021,0,Detroit Pistons,Boston Celtics,0,1
22000086,2021-01-03 18:00:00,1610612751,1610612764,Regular Season,2021,0,Brooklyn Nets,Washington Wizards,0,1
22000087,2021-01-03 18:00:00,1610612763,1610612747,Regular Season,2021,0,Memphis Grizzlies,Los Angeles Lakers,0,1
22000089,2021-01-03 19:00:00,1610612759,1610612762,Regular Season,2021,0,San Antonio Spurs,Utah Jazz,0,1
22000088,2021-01-03 19:00:00,1610612750,1610612743,Regular Season,2021,0,Minnesota Timberwolves,Denver Nuggets,0,1
22000091,2021-01-03 20:00:00,1610612756,1610612746,Regular Season,2021,0,Phoenix Suns,Los Angeles Clippers,0,1
22000090,2021-01-03 20:00:00,1610612741,1610612742,Regular Season,2021,1,Chicago Bulls,Dallas Mavericks,0,1
22000092,2021-01-03 20:30:00,1610612744,1610612757,Regular Season,2021,1,Golden State Warriors,Portland Trail Blazers,0,1
22000094,2021-01-04 19:00:00,1610612755,1610612766,Regular Season,2021,1,Philadelphia 76ers,Charlotte Hornets,0,1
22000093,2021-01-04 19:00:00,1610612753,1610612739,Regular Season,2021,1,Orlando Magic,Cleveland Cavaliers,0,1
22000095,2021-01-04 19:30:00,1610612737,1610612752,Regular Season,2021,0,Atlanta Hawks,New York Knicks,0,1
22000097,2021-01-04 19:30:00,1610612761,1610612738,Regular Season,2021,0,Toronto Raptors,Boston Celtics,0,1
22000096,2021-01-04 19:30:00,1610612748,1610612760,Regular Season,2021,1,Miami Heat,Oklahoma City Thunder,0,1
22000099,2021-01-04 20:00:00,1610612749,1610612765,Regular Season,2021,1,Milwaukee Bucks,Detroit Pistons,0,1
22000098,2021-01-04 20:00:00,1610612745,1610612742,Regular Season,2021,0,Houston Rockets,Dallas Mavericks,0,1
22000100,2021-01-04 20:00:00,1610612740,1610612754,Regular Season,2021,0,New Orleans Pelicans,Indiana Pacers,0,1
22000101,2021-01-04 22:00:00,1610612744,1610612758,Regular Season,2021,1,Golden State Warriors,Sacramento Kings,0,1
22000102,2021-01-05 19:30:00,1610612751,1610612762,Regular Season,2021,1,Brooklyn Nets,Utah Jazz,0,1
22000103,2021-01-05 20:00:00,1610612763,1610612747,Regular Season,2021,0,Memphis Grizzlies,Los Angeles Lakers,0,1
22000104,2021-01-05 21:00:00,1610612743,1610612750,Regular Season,2021,1,Denver Nuggets,Minnesota Timberwolves,0,1
22000105,2021-01-05 22:00:00,1610612746,1610612759,Regular Season,2021,0,Los Angeles Clippers,San Antonio Spurs,0,1
22000106,2021-01-05 22:30:00,1610612757,1610612741,Regular Season,2021,0,Portland Trail Blazers,Chicago Bulls,0,1
22000107,2021-01-06 19:00:00,1610612754,1610612745,Regular Season,2021,1,Indiana Pacers,Houston Rockets,0,1
22000109,2021-01-06 19:00:00,1610612755,1610612764,Regular Season,2021,1,Philadelphia 76ers,Washington Wizards,0,1
22000108,2021-01-06 19:00:00,1610612753,1610612739,Regular Season,2021,1,Orlando Magic,Cleveland Cavaliers,0,1
22000110,2021-01-06 19:30:00,1610612737,1610612766,Regular Season,2021,0,Atlanta Hawks,Charlotte Hornets,0,1
22000112,2021-01-06 19:30:00,1610612752,1610612762,Regular Season,2021,1,New York Knicks,Utah Jazz,0,1
22000111,2021-01-06 19:30:00,1610612748,1610612738,Regular Season,2021,0,Miami Heat,Boston Celtics,0,1
22000113,2021-01-06 20:00:00,1610612749,1610612765,Regular Season,2021,1,Milwaukee Bucks,Detroit Pistons,0,1
22000114,2021-01-06 20:00:00,1610612740,1610612760,Regular Season,2021,0,New Orleans Pelicans,Oklahoma City Thunder,0,1
22000115,2021-01-06 21:00:00,1610612756,1610612761,Regular Season,2021,1,Phoenix Suns,Toronto Raptors,0,1
22000117,2021-01-06 22:00:00,1610612758,1610612741,Regular Season,2021,1,Sacramento Kings,Chicago Bulls,0,1
22000116,2021-01-06 22:00:00,1610612744,1610612746,Regular Season,2021,0,Golden State Warriors,Los Angeles Clippers,0,1
22000118,2021-01-07 19:30:00,1610612751,1610612755,Regular Season,2021,1,Brooklyn Nets,Philadelphia 76ers,0,1
22000119,2021-01-07 20:00:00,1610612763,1610612739,Regular Season,2021,0,Memphis Grizzlies,Cleveland Cavaliers,0,1
22000122,2021-01-07 22:00:00,1610612757,1610612750,Regular Season,2021,1,Portland Trail Blazers,Minnesota Timberwolves,0,1
22000121,2021-01-07 22:00:00,1610612747,1610612759,Regular Season,2021,0,Los Angeles Lakers,San Antonio Spurs,0,1
22000120,2021-01-07 22:00:00,1610612743,1610612742,Regular Season,2021,0,Denver Nuggets,Dallas Mavericks,0,1
22000123,2021-01-08 19:00:00,1610612765,1610612756,Regular Season,2021,1,Detroit Pistons,Phoenix Suns,0,1
22000124,2021-01-08 19:30:00,1610612738,1610612764,Regular Season,2021,1,Boston Celtics,Washington Wizards,0,1
22000126,2021-01-08 19:30:00,1610612740,1610612766,Regular Season,2021,0,New Orleans Pelicans,Charlotte Hornets,0,1
22000125,2021-01-08 19:30:00,1610612752,1610612760,Regular Season,2021,0,New York Knicks,Oklahoma City Thunder,0,1
22000128,2021-01-08 20:00:00,1610612763,1610612751,Regular Season,2021,1,Memphis Grizzlies,Brooklyn Nets,0,1
22000127,2021-01-08 20:00:00,1610612745,1610612753,Regular Season,2021,1,Houston Rockets,Orlando Magic,0,1
22000129,2021-01-08 20:00:00,1610612749,1610612762,Regular Season,2021,0,Milwaukee Bucks,Utah Jazz,0,1
22000132,2021-01-08 22:00:00,1610612758,1610612761,Regular Season,2021,0,Sacramento Kings,Toronto Raptors,0,1
22000131,2021-01-08 22:00:00,1610612747,1610612741,Regular Season,2021,1,Los Angeles Lakers,Chicago Bulls,0,1
22000130,2021-01-08 22:00:00,1610612744,1610612746,Regular Season,2021,1,Golden State Warriors,Los Angeles Clippers,0,1
22000133,2021-01-09 15:00:00,1610612755,1610612743,Regular Season,2021,0,Philadelphia 76ers,Denver Nuggets,0,1
22000136,2021-01-09 19:00:00,1610612764,1610612748,Regular Season,2021,0,Washington Wizards,Miami Heat,0,1
22000135,2021-01-09 19:00:00,1610612754,1610612756,Regular Season,2021,0,Indiana Pacers,Phoenix Suns,0,1
22000134,2021-01-09 19:00:00,1610612766,1610612737,Regular Season,2021,1,Charlotte Hornets,Atlanta Hawks,0,1
22000138,2021-01-09 20:00:00,1610612750,1610612759,Regular Season,2021,0,Minnesota Timberwolves,San Antonio Spurs,0,1
22000137,2021-01-09 20:00:00,1610612749,1610612739,Regular Season,2021,1,Milwaukee Bucks,Cleveland Cavaliers,0,1
22000139,2021-01-09 20:30:00,1610612742,1610612753,Regular Season,2021,1,Dallas Mavericks,Orlando Magic,0,1
22000140,2021-01-09 22:00:00,1610612758,1610612757,Regular Season,2021,0,Sacramento Kings,Portland Trail Blazers,0,1
22000141,2021-01-10 15:00:00,1610612765,1610612762,Regular Season,2021,0,Detroit Pistons,Utah Jazz,0,1
22000142,2021-01-10 16:00:00,1610612746,1610612741,Regular Season,2021,1,Los Angeles Clippers,Chicago Bulls,0,1
22000143,2021-01-10 18:00:00,1610612751,1610612760,Regular Season,2021,0,Brooklyn Nets,Oklahoma City Thunder,0,1
22000144,2021-01-10 18:00:00,1610612752,1610612743,Regular Season,2021,0,New York Knicks,Denver Nuggets,0,1
22000146,2021-01-10 19:00:00,1610612745,1610612747,Regular Season,2021,0,Houston Rockets,Los Angeles Lakers,0,1
22000147,2021-01-10 20:00:00,1610612750,1610612759,Regular Season,2021,1,Minnesota Timberwolves,San Antonio Spurs,0,1
22000148,2021-01-10 20:30:00,1610612744,1610612761,Regular Season,2021,1,Golden State Warriors,Toronto Raptors,0,1
22000152,2021-01-11 19:00:00,1610612764,1610612756,Regular Season,2021,1,Washington Wizards,Phoenix Suns,0,1
22000151,2021-01-11 19:00:00,1610612753,1610612749,Regular Season,2021,0,Orlando Magic,Milwaukee Bucks,0,1
22000150,2021-01-11 19:00:00,1610612739,1610612763,Regular Season,2021,0,Cleveland Cavaliers,Memphis Grizzlies,0,1
22000149,2021-01-11 19:00:00,1610612766,1610612752,Regular Season,2021,1,Charlotte Hornets,New York Knicks,0,1
22000153,2021-01-11 19:30:00,1610612737,1610612755,Regular Season,2021,1,Atlanta Hawks,Philadelphia 76ers,0,1
22000156,2021-01-11 22:00:00,1610612758,1610612754,Regular Season,2021,1,Sacramento Kings,Indiana Pacers,0,1
22000155,2021-01-11 22:00:00,1610612757,1610612761,Regular Season,2021,1,Portland Trail Blazers,Toronto Raptors,0,1
22000157,2021-01-12 19:00:00,1610612755,1610612748,Regular Season,2021,1,Philadelphia 76ers,Miami Heat,0,1
22000158,2021-01-12 19:30:00,1610612751,1610612743,Regular Season,2021,1,Brooklyn Nets,Denver Nuggets,0,1
22000159,2021-01-12 19:30:00,1610612739,1610612762,Regular Season,2021,0,Cleveland Cavaliers,Utah Jazz,0,1
22000161,2021-01-12 20:00:00,1610612745,1610612747,Regular Season,2021,0,Houston Rockets,Los Angeles Lakers,0,1
22000162,2021-01-12 20:00:00,1610612760,1610612759,Regular Season,2021,0,Oklahoma City Thunder,San Antonio Spurs,0,1
22000163,2021-01-12 22:30:00,1610612744,1610612754,Regular Season,2021,0,Golden State Warriors,Indiana Pacers,0,1
22000165,2021-01-13 19:00:00,1610612765,1610612749,Regular Season,2021,0,Detroit Pistons,Milwaukee Bucks,0,1
22000164,2021-01-13 19:00:00,1610612766,1610612742,Regular Season,2021,0,Charlotte Hornets,Dallas Mavericks,0,1
22000168,2021-01-13 19:30:00,1610612752,1610612751,Regular Season,2021,0,New York Knicks,Brooklyn Nets,0,1
22000170,2021-01-13 20:00:00,1610612760,1610612747,Regular Season,2021,0,Oklahoma City Thunder,Los Angeles Lakers,0,1
22000169,2021-01-13 20:00:00,1610612750,1610612763,Regular Season,2021,0,Minnesota Timberwolves,Memphis Grizzlies,0,1
22000173,2021-01-13 22:00:00,1610612758,1610612757,Regular Season,2021,0,Sacramento Kings,Portland Trail Blazers,0,1
22000172,2021-01-13 22:00:00,1610612746,1610612740,Regular Season,2021,1,Los Angeles Clippers,New Orleans Pelicans,0,1
22000174,2021-01-14 19:00:00,1610612755,1610612748,Regular Season,2021,1,Philadelphia 76ers,Miami Heat,0,1
22000176,2021-01-14 19:30:00,1610612759,1610612745,Regular Season,2021,0,San Antonio Spurs,Houston Rockets,0,1
22000175,2021-01-14 19:30:00,1610612761,1610612766,Regular Season,2021,1,Toronto Raptors,Charlotte Hornets,0,1
22000177,2021-01-14 22:00:00,1610612743,1610612744,Regular Season,2021,1,Denver Nuggets,Golden State Warriors,0,1
22000178,2021-01-14 22:00:00,1610612757,1610612754,Regular Season,2021,0,Portland Trail Blazers,Indiana Pacers,0,1
22000180,2021-01-15 19:30:00,1610612738,1610612753,Regular Season,2021,1,Boston Celtics,Orlando Magic,0,1
22000182,2021-01-15 19:30:00,1610612749,1610612742,Regular Season,2021,1,Milwaukee Bucks,Dallas Mavericks,0,1
22000181,2021-01-15 19:30:00,1610612739,1610612752,Regular Season,2021,1,Cleveland Cavaliers,New York Knicks,0,1
22000184,2021-01-15 20:00:00,1610612760,1610612741,Regular Season,2021,1,Oklahoma City Thunder,Chicago Bulls,0,1
22000186,2021-01-15 21:00:00,1610612762,1610612737,Regular Season,2021,1,Utah Jazz,Atlanta Hawks,0,1
22000188,2021-01-15 22:00:00,1610612758,1610612746,Regular Season,2021,0,Sacramento Kings,Los Angeles Clippers,0,1
22000187,2021-01-15 22:00:00,1610612747,1610612740,Regular Season,2021,1,Los Angeles Lakers,New Orleans Pelicans,0,1
22000189,2021-01-16 17:00:00,1610612759,1610612745,Regular Season,2021,1,San Antonio Spurs,Houston Rockets,0,1
22000190,2021-01-16 18:00:00,1610612751,1610612753,Regular Season,2021,1,Brooklyn Nets,Orlando Magic,0,1
22000191,2021-01-16 19:30:00,1610612761,1610612766,Regular Season,2021,1,Toronto Raptors,Charlotte Hornets,0,1
22000193,2021-01-16 20:00:00,1610612763,1610612755,Regular Season,2021,1,Memphis Grizzlies,Philadelphia 76ers,0,1
22000192,2021-01-16 20:00:00,1610612748,1610612765,Regular Season,2021,0,Miami Heat,Detroit Pistons,0,1
22000195,2021-01-16 22:00:00,1610612757,1610612737,Regular Season,2021,1,Portland Trail Blazers,Atlanta Hawks,0,1
22000196,2021-01-17 13:00:00,1610612738,1610612752,Regular Season,2021,0,Boston Celtics,New York Knicks,0,1
22000198,2021-01-17 15:00:00,1610612742,1610612741,Regular Season,2021,0,Dallas Mavericks,Chicago Bulls,0,1
22000200,2021-01-17 20:00:00,1610612743,1610612762,Regular Season,2021,0,Denver Nuggets,Utah Jazz,0,1
22000201,2021-01-17 21:00:00,1610612758,1610612740,Regular Season,2021,0,Sacramento Kings,New Orleans Pelicans,0,1
22000202,2021-01-17 22:00:00,1610612746,1610612754,Regular Season,2021,1,Los Angeles Clippers,Indiana Pacers,0,1
22000203,2021-01-18 12:00:00,1610612752,1610612753,Regular Season,2021,1,New York Knicks,Orlando Magic,0,1
22000205,2021-01-18 14:30:00,1610612737,1610612750,Regular Season,2021,1,Atlanta Hawks,Minnesota Timberwolves,0,1
22000207,2021-01-18 15:00:00,1610612757,1610612759,Regular Season,2021,0,Portland Trail Blazers,San Antonio Spurs,0,1
22000208,2021-01-18 17:00:00,1610612763,1610612756,Regular Season,2021,1,Memphis Grizzlies,Phoenix Suns,0,1
22000210,2021-01-18 19:30:00,1610612761,1610612742,Regular Season,2021,1,Toronto Raptors,Dallas Mavericks,0,1
22000209,2021-01-18 19:30:00,1610612751,1610612749,Regular Season,2021,1,Brooklyn Nets,Milwaukee Bucks,0,1
22000211,2021-01-18 20:00:00,1610612741,1610612745,Regular Season,2021,1,Chicago Bulls,Houston Rockets,0,1
22000206,2021-01-18 20:00:00,1610612748,1610612765,Regular Season,2021,1,Miami Heat,Detroit Pistons,0,1
22000212,2021-01-18 22:00:00,1610612747,1610612744,Regular Season,2021,0,Los Angeles Lakers,Golden State Warriors,0,1
22000213,2021-01-19 21:00:00,1610612743,1610612760,Regular Season,2021,1,Denver Nuggets,Oklahoma City Thunder,0,1
22000214,2021-01-19 21:00:00,1610612762,1610612740,Regular Season,2021,1,Utah Jazz,New Orleans Pelicans,0,1
22000216,2021-01-20 19:00:00,1610612739,1610612751,Regular Season,2021,1,Cleveland Cavaliers,Brooklyn Nets,0,1
22000218,2021-01-20 19:00:00,1610612755,1610612738,Regular Season,2021,1,Philadelphia 76ers,Boston Celtics,0,1
22000217,2021-01-20 19:00:00,1610612754,1610612742,Regular Season,2021,0,Indiana Pacers,Dallas Mavericks,0,1
22000220,2021-01-20 19:30:00,1610612761,1610612748,Regular Season,2021,0,Toronto Raptors,Miami Heat,0,1
22000219,2021-01-20 19:30:00,1610612737,1610612765,Regular Season,2021,1,Atlanta Hawks,Detroit Pistons,0,1
22000221,2021-01-20 20:00:00,1610612750,1610612753,Regular Season,2021,0,Minnesota Timberwolves,Orlando Magic,0,1
22000222,2021-01-20 21:30:00,1610612745,1610612756,Regular Season,2021,0,Houston Rockets,Phoenix Suns,0,1
22000224,2021-01-20 22:00:00,1610612746,1610612758,Regular Season,2021,1,Los Angeles Clippers,Sacramento Kings,0,1
22000223,2021-01-20 22:00:00,1610612744,1610612759,Regular Season,2021,1,Golden State Warriors,San Antonio Spurs,0,1
22000226,2021-01-21 19:30:00,1610612749,1610612747,Regular Season,2021,0,Milwaukee Bucks,Los Angeles Lakers,0,1
22000228,2021-01-21 22:00:00,1610612744,1610612752,Regular Season,2021,0,Golden State Warriors,New York Knicks,0,1
22000227,2021-01-21 22:00:00,1610612762,1610612740,Regular Season,2021,1,Utah Jazz,New Orleans Pelicans,0,1
22000231,2021-01-22 19:00:00,1610612754,1610612753,Regular Season,2021,1,Indiana Pacers,Orlando Magic,0,1
22000230,2021-01-22 19:00:00,1610612765,1610612745,Regular Season,2021,0,Detroit Pistons,Houston Rockets,0,1
22000229,2021-01-22 19:00:00,1610612766,1610612741,Regular Season,2021,0,Charlotte Hornets,Chicago Bulls,0,1
22000234,2021-01-22 19:30:00,1610612761,1610612748,Regular Season,2021,1,Toronto Raptors,Miami Heat,0,1
22000233,2021-01-22 19:30:00,1610612755,1610612738,Regular Season,2021,1,Philadelphia 76ers,Boston Celtics,0,1
22000232,2021-01-22 19:30:00,1610612739,1610612751,Regular Season,2021,1,Cleveland Cavaliers,Brooklyn Nets,0,1
22000236,2021-01-22 20:00:00,1610612750,1610612737,Regular Season,2021,0,Minnesota Timberwolves,Atlanta Hawks,0,1
22000237,2021-01-22 20:30:00,1610612759,1610612742,Regular Season,2021,0,San Antonio Spurs,Dallas Mavericks,0,1
22000241,2021-01-22 22:00:00,1610612758,1610612752,Regular Season,2021,1,Sacramento Kings,New York Knicks,0,1
22000239,2021-01-22 22:00:00,1610612746,1610612760,Regular Season,2021,1,Los Angeles Clippers,Oklahoma City Thunder,0,1
22000238,2021-01-22 22:00:00,1610612756,1610612743,Regular Season,2021,0,Phoenix Suns,Denver Nuggets,0,1
22000246,2021-01-23 20:00:00,1610612750,1610612740,Regular Season,2021,1,Minnesota Timberwolves,New Orleans Pelicans,0,1
22000244,2021-01-23 20:00:00,1610612751,1610612748,Regular Season,2021,1,Brooklyn Nets,Miami Heat,0,1
22000243,2021-01-23 20:00:00,1610612765,1610612755,Regular Season,2021,0,Detroit Pistons,Philadelphia 76ers,0,1
22000248,2021-01-23 21:00:00,1610612756,1610612743,Regular Season,2021,0,Phoenix Suns,Denver Nuggets,0,1
22000247,2021-01-23 21:00:00,1610612742,1610612745,Regular Season,2021,0,Dallas Mavericks,Houston Rockets,0,1
22000245,2021-01-23 21:00:00,1610612741,1610612747,Regular Season,2021,0,Chicago Bulls,Los Angeles Lakers,0,1
22000242,2021-01-23 21:00:00,1610612762,1610612744,Regular Season,2021,1,Utah Jazz,Golden State Warriors,0,1
22000249,2021-01-24 13:00:00,1610612754,1610612761,Regular Season,2021,0,Indiana Pacers,Toronto Raptors,0,1
22000251,2021-01-24 16:00:00,1610612746,1610612760,Regular Season,2021,1,Los Angeles Clippers,Oklahoma City Thunder,0,1
22000250,2021-01-24 19:00:00,1610612738,1610612739,Regular Season,2021,1,Boston Celtics,Cleveland Cavaliers,0,1
22000252,2021-01-24 19:00:00,1610612753,1610612766,Regular Season,2021,0,Orlando Magic,Charlotte Hornets,0,1
22000253,2021-01-24 20:00:00,1610612759,1610612764,Regular Season,2021,1,San Antonio Spurs,Washington Wizards,0,1
22000254,2021-01-24 20:00:00,1610612749,1610612737,Regular Season,2021,1,Milwaukee Bucks,Atlanta Hawks,0,1
22000256,2021-01-24 22:00:00,1610612757,1610612752,Regular Season,2021,1,Portland Trail Blazers,New York Knicks,0,1
22000259,2021-01-25 19:00:00,1610612753,1610612766,Regular Season,2021,1,Orlando Magic,Charlotte Hornets,0,1
22000258,2021-01-25 19:00:00,1610612754,1610612761,Regular Season,2021,1,Indiana Pacers,Toronto Raptors,0,1
22000257,2021-01-25 19:00:00,1610612765,1610612755,Regular Season,2021,1,Detroit Pistons,Philadelphia 76ers,0,1
22000260,2021-01-25 19:30:00,1610612751,1610612748,Regular Season,2021,1,Brooklyn Nets,Miami Heat,0,1
22000261,2021-01-25 20:00:00,1610612739,1610612747,Regular Season,2021,0,Cleveland Cavaliers,Los Angeles Lakers,0,1
22000265,2021-01-25 20:30:00,1610612742,1610612743,Regular Season,2021,0,Dallas Mavericks,Denver Nuggets,0,1
22000262,2021-01-25 21:00:00,1610612741,1610612738,Regular Season,2021,0,Chicago Bulls,Boston Celtics,0,1
22000267,2021-01-25 22:00:00,1610612757,1610612760,Regular Season,2021,0,Portland Trail Blazers,Oklahoma City Thunder,0,1
22000266,2021-01-25 22:00:00,1610612744,1610612750,Regular Season,2021,1,Golden State Warriors,Minnesota Timberwolves,0,1
22000268,2021-01-26 19:30:00,1610612737,1610612746,Regular Season,2021,1,Atlanta Hawks,Los Angeles Clippers,0,1
22000269,2021-01-26 20:00:00,1610612745,1610612764,Regular Season,2021,1,Houston Rockets,Washington Wizards,0,1
22000270,2021-01-26 21:00:00,1610612762,1610612752,Regular Season,2021,1,Utah Jazz,New York Knicks,0,1
22000273,2021-01-27 19:00:00,1610612753,1610612758,Regular Season,2021,0,Orlando Magic,Sacramento Kings,0,1
22000272,2021-01-27 19:00:00,1610612739,1610612765,Regular Season,2021,1,Cleveland Cavaliers,Detroit Pistons,0,1
22000271,2021-01-27 19:00:00,1610612766,1610612754,Regular Season,2021,0,Charlotte Hornets,Indiana Pacers,0,1
22000277,2021-01-27 19:30:00,1610612761,1610612749,Regular Season,2021,0,Toronto Raptors,Milwaukee Bucks,0,1
22000276,2021-01-27 19:30:00,1610612755,1610612747,Regular Season,2021,1,Philadelphia 76ers,Los Angeles Lakers,0,1
22000275,2021-01-27 19:30:00,1610612748,1610612743,Regular Season,2021,0,Miami Heat,Denver Nuggets,0,1
22000274,2021-01-27 19:30:00,1610612737,1610612751,Regular Season,2021,0,Atlanta Hawks,Brooklyn Nets,0,1
22000280,2021-01-27 20:30:00,1610612759,1610612738,Regular Season,2021,1,San Antonio Spurs,Boston Celtics,0,1
22000282,2021-01-27 21:00:00,1610612762,1610612742,Regular Season,2021,1,Utah Jazz,Dallas Mavericks,0,1
22000281,2021-01-27 21:00:00,1610612756,1610612760,Regular Season,2021,0,Phoenix Suns,Oklahoma City Thunder,0,1
22000279,2021-01-27 21:00:00,1610612740,1610612764,Regular Season,2021,1,New Orleans Pelicans,Washington Wizards,0,1
22000283,2021-01-27 22:00:00,1610612744,1610612750,Regular Season,2021,1,Golden State Warriors,Minnesota Timberwolves,0,1
22000287,2021-01-28 19:30:00,1610612745,1610612757,Regular Season,2021,1,Houston Rockets,Portland Trail Blazers,0,1
22000285,2021-01-28 20:00:00,1610612748,1610612746,Regular Season,2021,0,Miami Heat,Los Angeles Clippers,0,1
22000284,2021-01-28 20:00:00,1610612765,1610612747,Regular Season,2021,1,Detroit Pistons,Los Angeles Lakers,0,1
22000286,2021-01-28 22:00:00,1610612756,1610612744,Regular Season,2021,1,Phoenix Suns,Golden State Warriors,0,1
22000290,2021-01-29 19:00:00,1610612764,1610612737,Regular Season,2021,0,Washington Wizards,Atlanta Hawks,0,1
22000288,2021-01-29 19:00:00,1610612766,1610612754,Regular Season,2021,1,Charlotte Hornets,Indiana Pacers,0,1
22000293,2021-01-29 19:30:00,1610612740,1610612749,Regular Season,2021,1,New Orleans Pelicans,Milwaukee Bucks,0,1
22000292,2021-01-29 19:30:00,1610612761,1610612758,Regular Season,2021,0,Toronto Raptors,Sacramento Kings,0,1
22000291,2021-01-29 19:30:00,1610612752,1610612739,Regular Season,2021,1,New York Knicks,Cleveland Cavaliers,0,1
22000295,2021-01-29 20:00:00,1610612760,1610612751,Regular Season,2021,0,Oklahoma City Thunder,Brooklyn Nets,0,1
22000294,2021-01-29 20:00:00,1610612750,1610612755,Regular Season,2021,0,Minnesota Timberwolves,Philadelphia 76ers,0,1
22000289,2021-01-29 20:00:00,1610612753,1610612746,Regular Season,2021,0,Orlando Magic,Los Angeles Clippers,0,1
22000296,2021-01-29 20:30:00,1610612759,1610612743,Regular Season,2021,1,San Antonio Spurs,Denver Nuggets,0,1
22000297,2021-01-29 22:00:00,1610612762,1610612742,Regular Season,2021,1,Utah Jazz,Dallas Mavericks,0,1
22000298,2021-01-30 20:00:00,1610612741,1610612757,Regular Season,2021,0,Chicago Bulls,Portland Trail Blazers,0,1
22000299,2021-01-30 20:00:00,1610612766,1610612749,Regular Season,2021,1,Charlotte Hornets,Milwaukee Bucks,0,1
22000300,2021-01-30 20:00:00,1610612740,1610612745,Regular Season,2021,0,New Orleans Pelicans,Houston Rockets,0,1
22000301,2021-01-30 20:00:00,1610612748,1610612758,Regular Season,2021,1,Miami Heat,Sacramento Kings,0,1
22000304,2021-01-30 20:30:00,1610612759,1610612763,Regular Season,2021,0,San Antonio Spurs,Memphis Grizzlies,0,1
22000302,2021-01-30 20:30:00,1610612738,1610612747,Regular Season,2021,0,Boston Celtics,Los Angeles Lakers,0,1
22000303,2021-01-30 21:00:00,1610612742,1610612756,Regular Season,2021,0,Dallas Mavericks,Phoenix Suns,0,1
22000305,2021-01-30 22:00:00,1610612744,1610612765,Regular Season,2021,1,Golden State Warriors,Detroit Pistons,0,1
22000308,2021-01-31 13:00:00,1610612752,1610612746,Regular Season,2021,0,New York Knicks,Los Angeles Clippers,0,1
22000306,2021-01-31 15:30:00,1610612743,1610612762,Regular Season,2021,1,Denver Nuggets,Utah Jazz,0,1
22000310,2021-01-31 19:00:00,1610612764,1610612751,Regular Season,2021,1,Washington Wizards,Brooklyn Nets,0,1
22000309,2021-01-31 19:00:00,1610612761,1610612753,Regular Season,2021,1,Toronto Raptors,Orlando Magic,0,1
22000307,2021-01-31 19:00:00,1610612754,1610612755,Regular Season,2021,0,Indiana Pacers,Philadelphia 76ers,0,1
22000311,2021-01-31 20:00:00,1610612750,1610612739,Regular Season,2021,1,Minnesota Timberwolves,Cleveland Cavaliers,0,1
22000314,2021-02-01 19:30:00,1610612748,1610612766,Regular Season,2021,0,Miami Heat,Charlotte Hornets,0,1
22000313,2021-02-01 19:30:00,1610612737,1610612747,Regular Season,2021,0,Atlanta Hawks,Los Angeles Lakers,0,1
22000312,2021-02-01 20:00:00,1610612739,1610612750,Regular Season,2021,1,Cleveland Cavaliers,Minnesota Timberwolves,0,1
22000315,2021-02-01 20:00:00,1610612741,1610612752,Regular Season,2021,1,Chicago Bulls,New York Knicks,0,1
22000318,2021-02-01 20:00:00,1610612760,1610612745,Regular Season,2021,0,Oklahoma City Thunder,Houston Rockets,0,1
22000317,2021-02-01 20:00:00,1610612740,1610612758,Regular Season,2021,0,New Orleans Pelicans,Sacramento Kings,0,1
22000316,2021-02-01 20:00:00,1610612749,1610612757,Regular Season,2021,1,Milwaukee Bucks,Portland Trail Blazers,0,1
22000320,2021-02-01 20:30:00,1610612759,1610612763,Regular Season,2021,0,San Antonio Spurs,Memphis Grizzlies,0,1
22000319,2021-02-01 20:30:00,1610612742,1610612756,Regular Season,2021,0,Dallas Mavericks,Phoenix Suns,0,1
22000323,2021-02-02 19:00:00,1610612753,1610612761,Regular Season,2021,0,Orlando Magic,Toronto Raptors,0,1
22000324,2021-02-02 19:30:00,1610612751,1610612746,Regular Season,2021,1,Brooklyn Nets,Los Angeles Clippers,0,1
22000559,2021-02-02 20:00:00,1610612764,1610612757,Regular Season,2021,0,Washington Wizards,Portland Trail Blazers,0,1
22000322,2021-02-02 20:00:00,1610612754,1610612763,Regular Season,2021,1,Indiana Pacers,Memphis Grizzlies,0,1
22000326,2021-02-02 22:00:00,1610612744,1610612738,Regular Season,2021,0,Golden State Warriors,Boston Celtics,0,1
22000325,2021-02-02 22:00:00,1610612762,1610612765,Regular Season,2021,1,Utah Jazz,Detroit Pistons,0,1
22000329,2021-02-03 19:00:00,1610612749,1610612754,Regular Season,2021,1,Milwaukee Bucks,Indiana Pacers,0,1
22000327,2021-02-03 19:00:00,1610612766,1610612755,Regular Season,2021,0,Charlotte Hornets,Philadelphia 76ers,0,1
22000330,2021-02-03 19:30:00,1610612737,1610612742,Regular Season,2021,0,Atlanta Hawks,Dallas Mavericks,0,1
22000328,2021-02-03 20:00:00,1610612739,1610612746,Regular Season,2021,0,Cleveland Cavaliers,Los Angeles Clippers,0,1
22000332,2021-02-03 20:00:00,1610612741,1610612752,Regular Season,2021,0,Chicago Bulls,New York Knicks,0,1
22000333,2021-02-03 20:00:00,1610612760,1610612745,Regular Season,2021,1,Oklahoma City Thunder,Houston Rockets,0,1
22000331,2021-02-03 20:00:00,1610612748,1610612764,Regular Season,2021,0,Miami Heat,Washington Wizards,0,1
22000334,2021-02-03 20:30:00,1610612759,1610612750,Regular Season,2021,1,San Antonio Spurs,Minnesota Timberwolves,0,1
22000335,2021-02-03 21:30:00,1610612740,1610612756,Regular Season,2021,1,New Orleans Pelicans,Phoenix Suns,0,1
22000336,2021-02-03 22:00:00,1610612758,1610612738,Regular Season,2021,1,Sacramento Kings,Boston Celtics,0,1
22000339,2021-02-04 19:30:00,1610612742,1610612744,Regular Season,2021,0,Dallas Mavericks,Golden State Warriors,0,1
22000338,2021-02-04 19:30:00,1610612737,1610612762,Regular Season,2021,0,Atlanta Hawks,Utah Jazz,0,1
22000337,2021-02-04 20:00:00,1610612755,1610612757,Regular Season,2021,0,Philadelphia 76ers,Portland Trail Blazers,0,1
22000340,2021-02-04 21:00:00,1610612763,1610612745,Regular Season,2021,0,Memphis Grizzlies,Houston Rockets,0,1
22000341,2021-02-04 22:00:00,1610612747,1610612743,Regular Season,2021,1,Los Angeles Lakers,Denver Nuggets,0,1
22000344,2021-02-05 19:00:00,1610612753,1610612741,Regular Season,2021,1,Orlando Magic,Chicago Bulls,0,1
22000343,2021-02-05 19:00:00,1610612754,1610612740,Regular Season,2021,0,Indiana Pacers,New Orleans Pelicans,0,1
22000345,2021-02-05 19:30:00,1610612751,1610612761,Regular Season,2021,0,Brooklyn Nets,Toronto Raptors,0,1
22000346,2021-02-05 19:30:00,1610612739,1610612749,Regular Season,2021,0,Cleveland Cavaliers,Milwaukee Bucks,0,1
22000342,2021-02-05 20:00:00,1610612766,1610612762,Regular Season,2021,0,Charlotte Hornets,Utah Jazz,0,1
22000348,2021-02-05 20:00:00,1610612760,1610612750,Regular Season,2021,0,Oklahoma City Thunder,Minnesota Timberwolves,0,1
22000347,2021-02-05 20:00:00,1610612748,1610612764,Regular Season,2021,1,Miami Heat,Washington Wizards,0,1
22000349,2021-02-05 21:00:00,1610612756,1610612765,Regular Season,2021,1,Phoenix Suns,Detroit Pistons,0,1
22000350,2021-02-05 22:00:00,1610612746,1610612738,Regular Season,2021,0,Los Angeles Clippers,Boston Celtics,0,1
22000351,2021-02-06 13:00:00,1610612752,1610612757,Regular Season,2021,1,New York Knicks,Portland Trail Blazers,0,1
22000352,2021-02-06 17:00:00,1610612758,1610612743,Regular Season,2021,1,Sacramento Kings,Denver Nuggets,0,1
22000353,2021-02-06 19:00:00,1610612753,1610612741,Regular Season,2021,0,Orlando Magic,Chicago Bulls,0,1
22000358,2021-02-06 20:00:00,1610612745,1610612759,Regular Season,2021,0,Houston Rockets,San Antonio Spurs,0,1
22000357,2021-02-06 20:00:00,1610612739,1610612749,Regular Season,2021,0,Cleveland Cavaliers,Milwaukee Bucks,0,1
22000356,2021-02-06 20:00:00,1610612737,1610612761,Regular Season,2021,1,Atlanta Hawks,Toronto Raptors,0,1
22000354,2021-02-06 20:00:00,1610612755,1610612751,Regular Season,2021,1,Philadelphia 76ers,Brooklyn Nets,0,1
22000359,2021-02-06 20:00:00,1610612760,1610612750,Regular Season,2021,1,Oklahoma City Thunder,Minnesota Timberwolves,0,1
22000360,2021-02-06 20:30:00,1610612742,1610612744,Regular Season,2021,1,Dallas Mavericks,Golden State Warriors,0,1
22000355,2021-02-06 21:00:00,1610612740,1610612763,Regular Season,2021,1,New Orleans Pelicans,Memphis Grizzlies,0,1
22000361,2021-02-06 22:00:00,1610612747,1610612765,Regular Season,2021,1,Los Angeles Lakers,Detroit Pistons,0,1
22000364,2021-02-07 13:00:00,1610612752,1610612748,Regular Season,2021,0,New York Knicks,Miami Heat,0,1
22000363,2021-02-07 13:00:00,1610612754,1610612762,Regular Season,2021,0,Indiana Pacers,Utah Jazz,0,1
22000215,2021-02-07 13:00:00,1610612766,1610612764,Regular Season,2021,1,Charlotte Hornets,Washington Wizards,0,1
22000365,2021-02-07 14:00:00,1610612756,1610612738,Regular Season,2021,1,Phoenix Suns,Boston Celtics,0,1
22000366,2021-02-07 15:00:00,1610612746,1610612758,Regular Season,2021,0,Los Angeles Clippers,Sacramento Kings,0,1
22000367,2021-02-08 19:00:00,1610612766,1610612745,Regular Season,2021,1,Charlotte Hornets,Houston Rockets,0,1
22000369,2021-02-08 20:00:00,1610612763,1610612761,Regular Season,2021,0,Memphis Grizzlies,Toronto Raptors,0,1
22000368,2021-02-08 20:00:00,1610612741,1610612764,Regular Season,2021,0,Chicago Bulls,Washington Wizards,0,1
22000371,2021-02-08 20:30:00,1610612759,1610612744,Regular Season,2021,1,San Antonio Spurs,Golden State Warriors,0,1
22000370,2021-02-08 20:30:00,1610612742,1610612750,Regular Season,2021,1,Dallas Mavericks,Minnesota Timberwolves,0,1
22000372,2021-02-08 21:00:00,1610612756,1610612739,Regular Season,2021,1,Phoenix Suns,Cleveland Cavaliers,0,1
22000373,2021-02-08 21:30:00,1610612743,1610612749,Regular Season,2021,0,Denver Nuggets,Milwaukee Bucks,0,1
22000374,2021-02-08 22:00:00,1610612747,1610612760,Regular Season,2021,1,Los Angeles Lakers,Oklahoma City Thunder,0,1
22000375,2021-02-09 19:00:00,1610612765,1610612751,Regular Season,2021,1,Detroit Pistons,Brooklyn Nets,0,1
22000377,2021-02-09 19:30:00,1610612740,1610612745,Regular Season,2021,1,New Orleans Pelicans,Houston Rockets,0,1
22000376,2021-02-09 19:30:00,1610612748,1610612752,Regular Season,2021,1,Miami Heat,New York Knicks,0,1
22000378,2021-02-09 20:30:00,1610612759,1610612744,Regular Season,2021,0,San Antonio Spurs,Golden State Warriors,0,1
22000379,2021-02-09 22:00:00,1610612762,1610612738,Regular Season,2021,1,Utah Jazz,Boston Celtics,0,1
22000381,2021-02-09 22:00:00,1610612758,1610612755,Regular Season,2021,0,Sacramento Kings,Philadelphia 76ers,0,1
22000380,2021-02-09 22:00:00,1610612757,1610612753,Regular Season,2021,1,Portland Trail Blazers,Orlando Magic,0,1
22000382,2021-02-10 19:00:00,1610612764,1610612761,Regular Season,2021,0,Washington Wizards,Toronto Raptors,0,1
22000384,2021-02-10 19:30:00,1610612742,1610612737,Regular Season,2021,1,Dallas Mavericks,Atlanta Hawks,0,1
22000387,2021-02-10 20:00:00,1610612750,1610612746,Regular Season,2021,0,Minnesota Timberwolves,Los Angeles Clippers,0,1
22000386,2021-02-10 20:00:00,1610612763,1610612766,Regular Season,2021,1,Memphis Grizzlies,Charlotte Hornets,0,1
22000383,2021-02-10 20:00:00,1610612751,1610612754,Regular Season,2021,1,Brooklyn Nets,Indiana Pacers,0,1
22000388,2021-02-10 21:00:00,1610612743,1610612739,Regular Season,2021,1,Denver Nuggets,Cleveland Cavaliers,0,1
22000385,2021-02-10 21:00:00,1610612741,1610612740,Regular Season,2021,1,Chicago Bulls,New Orleans Pelicans,0,1
22000390,2021-02-10 22:00:00,1610612747,1610612760,Regular Season,2021,1,Los Angeles Lakers,Oklahoma City Thunder,0,1
22000389,2021-02-10 22:00:00,1610612756,1610612749,Regular Season,2021,1,Phoenix Suns,Milwaukee Bucks,0,1
22000398,2021-02-11 19:30:00,1610612738,1610612761,Regular Season,2021,1,Boston Celtics,Toronto Raptors,0,1
22000392,2021-02-11 19:30:00,1610612745,1610612748,Regular Season,2021,0,Houston Rockets,Miami Heat,0,1
22000391,2021-02-11 20:00:00,1610612765,1610612754,Regular Season,2021,0,Detroit Pistons,Indiana Pacers,0,1
22000393,2021-02-11 22:00:00,1610612744,1610612753,Regular Season,2021,1,Golden State Warriors,Orlando Magic,0,1
22000394,2021-02-11 22:00:00,1610612757,1610612755,Regular Season,2021,1,Portland Trail Blazers,Philadelphia 76ers,0,1
22000395,2021-02-12 19:00:00,1610612766,1610612750,Regular Season,2021,1,Charlotte Hornets,Minnesota Timberwolves,0,1
22000396,2021-02-12 19:00:00,1610612764,1610612752,Regular Season,2021,0,Washington Wizards,New York Knicks,0,1
22000399,2021-02-12 19:30:00,1610612742,1610612740,Regular Season,2021,1,Dallas Mavericks,New Orleans Pelicans,0,1
22000397,2021-02-12 19:30:00,1610612737,1610612759,Regular Season,2021,0,Atlanta Hawks,San Antonio Spurs,0,1
22000412,2021-02-12 20:00:00,1610612738,1610612765,Regular Season,2021,0,Boston Celtics,Detroit Pistons,0,1
22000400,2021-02-12 20:00:00,1610612741,1610612746,Regular Season,2021,0,Chicago Bulls,Los Angeles Clippers,0,1
22000402,2021-02-12 21:00:00,1610612762,1610612749,Regular Season,2021,1,Utah Jazz,Milwaukee Bucks,0,1
22000401,2021-02-12 21:00:00,1610612743,1610612760,Regular Season,2021,1,Denver Nuggets,Oklahoma City Thunder,0,1
22000405,2021-02-12 22:00:00,1610612758,1610612753,Regular Season,2021,0,Sacramento Kings,Orlando Magic,0,1
22000404,2021-02-12 22:00:00,1610612757,1610612739,Regular Season,2021,1,Portland Trail Blazers,Cleveland Cavaliers,0,1
22000403,2021-02-12 22:00:00,1610612747,1610612763,Regular Season,2021,1,Los Angeles Lakers,Memphis Grizzlies,0,1
22000406,2021-02-13 15:00:00,1610612756,1610612755,Regular Season,2021,1,Phoenix Suns,Philadelphia 76ers,0,1
22000407,2021-02-13 19:30:00,1610612737,1610612754,Regular Season,2021,0,Atlanta Hawks,Indiana Pacers,0,1
22000408,2021-02-13 20:00:00,1610612752,1610612745,Regular Season,2021,1,New York Knicks,Houston Rockets,0,1
22000409,2021-02-13 20:30:00,1610612744,1610612751,Regular Season,2021,0,Golden State Warriors,Brooklyn Nets,0,1
22000410,2021-02-13 21:00:00,1610612762,1610612748,Regular Season,2021,1,Utah Jazz,Miami Heat,0,1
22000560,2021-02-14 13:00:00,1610612764,1610612738,Regular Season,2021,1,Washington Wizards,Boston Celtics,0,1
22000413,2021-02-14 19:00:00,1610612761,1610612750,Regular Season,2021,0,Toronto Raptors,Minnesota Timberwolves,0,1
22000561,2021-02-14 19:00:00,1610612765,1610612740,Regular Season,2021,1,Detroit Pistons,New Orleans Pelicans,0,1
22000414,2021-02-14 19:00:00,1610612766,1610612759,Regular Season,2021,0,Charlotte Hornets,San Antonio Spurs,0,1
22000411,2021-02-14 19:30:00,1610612742,1610612757,Regular Season,2021,0,Dallas Mavericks,Portland Trail Blazers,0,1
22000415,2021-02-14 20:00:00,1610612760,1610612749,Regular Season,2021,1,Oklahoma City Thunder,Milwaukee Bucks,0,1
22000417,2021-02-14 21:00:00,1610612756,1610612753,Regular Season,2021,1,Phoenix Suns,Orlando Magic,0,1
22000419,2021-02-14 22:00:00,1610612746,1610612739,Regular Season,2021,1,Los Angeles Clippers,Cleveland Cavaliers,0,1
22000418,2021-02-14 22:00:00,1610612758,1610612763,Regular Season,2021,0,Sacramento Kings,Memphis Grizzlies,0,1
22000416,2021-02-14 22:00:00,1610612743,1610612747,Regular Season,2021,1,Denver Nuggets,Los Angeles Lakers,0,1
22000421,2021-02-15 19:00:00,1610612764,1610612745,Regular Season,2021,1,Washington Wizards,Houston Rockets,0,1
22000420,2021-02-15 19:00:00,1610612754,1610612741,Regular Season,2021,0,Indiana Pacers,Chicago Bulls,0,1
22000422,2021-02-15 19:30:00,1610612752,1610612737,Regular Season,2021,1,New York Knicks,Atlanta Hawks,0,1
22000423,2021-02-15 21:00:00,1610612762,1610612755,Regular Season,2021,1,Utah Jazz,Philadelphia 76ers,0,1
22000424,2021-02-15 22:00:00,1610612744,1610612739,Regular Season,2021,1,Golden State Warriors,Cleveland Cavaliers,0,1
22000426,2021-02-15 22:00:00,1610612758,1610612751,Regular Season,2021,0,Sacramento Kings,Brooklyn Nets,0,1
22000425,2021-02-15 22:00:00,1610612746,1610612748,Regular Season,2021,1,Los Angeles Clippers,Miami Heat,0,1
22000427,2021-02-16 19:00:00,1610612738,1610612743,Regular Season,2021,1,Boston Celtics,Denver Nuggets,0,1
22000432,2021-02-16 20:00:00,1610612760,1610612757,Regular Season,2021,0,Oklahoma City Thunder,Portland Trail Blazers,0,1
22000431,2021-02-16 20:00:00,1610612750,1610612747,Regular Season,2021,0,Minnesota Timberwolves,Los Angeles Lakers,0,1
22000430,2021-02-16 20:00:00,1610612749,1610612761,Regular Season,2021,0,Milwaukee Bucks,Toronto Raptors,0,1
22000429,2021-02-16 20:00:00,1610612763,1610612740,Regular Season,2021,0,Memphis Grizzlies,New Orleans Pelicans,0,1
22000433,2021-02-16 22:30:00,1610612756,1610612751,Regular Season,2021,0,Phoenix Suns,Brooklyn Nets,0,1
22000436,2021-02-17 19:00:00,1610612753,1610612752,Regular Season,2021,1,Orlando Magic,New York Knicks,0,1
22000438,2021-02-17 19:30:00,1610612738,1610612737,Regular Season,2021,0,Boston Celtics,Atlanta Hawks,0,1
22000439,2021-02-17 19:30:00,1610612755,1610612745,Regular Season,2021,1,Philadelphia 76ers,Houston Rockets,0,1
22000437,2021-02-17 20:00:00,1610612764,1610612743,Regular Season,2021,1,Washington Wizards,Denver Nuggets,0,1
22000564,2021-02-17 20:00:00,1610612741,1610612765,Regular Season,2021,1,Chicago Bulls,Detroit Pistons,0,1
22000440,2021-02-17 20:00:00,1610612750,1610612754,Regular Season,2021,0,Minnesota Timberwolves,Indiana Pacers,0,1
22000562,2021-02-17 21:00:00,1610612763,1610612760,Regular Season,2021,1,Memphis Grizzlies,Oklahoma City Thunder,0,1
22000441,2021-02-17 21:00:00,1610612740,1610612757,Regular Season,2021,0,New Orleans Pelicans,Portland Trail Blazers,0,1
22000444,2021-02-17 22:00:00,1610612746,1610612762,Regular Season,2021,0,Los Angeles Clippers,Utah Jazz,0,1
22000443,2021-02-17 22:00:00,1610612744,1610612748,Regular Season,2021,1,Golden State Warriors,Miami Heat,0,1
22000445,2021-02-18 19:30:00,1610612749,1610612761,Regular Season,2021,0,Milwaukee Bucks,Toronto Raptors,0,1
22000447,2021-02-18 22:00:00,1610612758,1610612748,Regular Season,2021,0,Sacramento Kings,Miami Heat,0,1
22000446,2021-02-18 22:00:00,1610612747,1610612751,Regular Season,2021,0,Los Angeles Lakers,Brooklyn Nets,0,1
22000563,2021-02-19 19:00:00,1610612739,1610612743,Regular Season,2021,0,Cleveland Cavaliers,Denver Nuggets,0,1
22000449,2021-02-19 19:00:00,1610612753,1610612744,Regular Season,2021,1,Orlando Magic,Golden State Warriors,0,1
22000451,2021-02-19 19:30:00,1610612738,1610612737,Regular Season,2021,1,Boston Celtics,Atlanta Hawks,0,1
22000450,2021-02-19 19:30:00,1610612755,1610612741,Regular Season,2021,1,Philadelphia 76ers,Chicago Bulls,0,1
22000452,2021-02-19 20:00:00,1610612763,1610612765,Regular Season,2021,1,Memphis Grizzlies,Detroit Pistons,0,1
22000455,2021-02-19 20:00:00,1610612740,1610612756,Regular Season,2021,0,New Orleans Pelicans,Phoenix Suns,0,1
22000453,2021-02-19 20:00:00,1610612749,1610612760,Regular Season,2021,1,Milwaukee Bucks,Oklahoma City Thunder,0,1
22000454,2021-02-19 21:00:00,1610612750,1610612761,Regular Season,2021,0,Minnesota Timberwolves,Toronto Raptors,0,1
22000457,2021-02-19 22:00:00,1610612746,1610612762,Regular Season,2021,1,Los Angeles Clippers,Utah Jazz,0,1
22000459,2021-02-20 20:00:00,1610612766,1610612744,Regular Season,2021,1,Charlotte Hornets,Golden State Warriors,0,1
22000463,2021-02-20 20:30:00,1610612747,1610612748,Regular Season,2021,0,Los Angeles Lakers,Miami Heat,0,1
22000462,2021-02-20 21:00:00,1610612763,1610612756,Regular Season,2021,0,Memphis Grizzlies,Phoenix Suns,0,1
22000460,2021-02-20 21:00:00,1610612741,1610612758,Regular Season,2021,1,Chicago Bulls,Sacramento Kings,0,1
22000464,2021-02-20 22:00:00,1610612757,1610612764,Regular Season,2021,0,Portland Trail Blazers,Washington Wizards,0,1
22000465,2021-02-21 15:30:00,1610612740,1610612738,Regular Season,2021,1,New Orleans Pelicans,Boston Celtics,0,1
22000469,2021-02-21 19:00:00,1610612752,1610612750,Regular Season,2021,1,New York Knicks,Minnesota Timberwolves,0,1
22000468,2021-02-21 19:00:00,1610612761,1610612755,Regular Season,2021,1,Toronto Raptors,Philadelphia 76ers,0,1
22000467,2021-02-21 19:00:00,1610612753,1610612765,Regular Season,2021,1,Orlando Magic,Detroit Pistons,0,1
22000466,2021-02-21 19:00:00,1610612739,1610612760,Regular Season,2021,0,Cleveland Cavaliers,Oklahoma City Thunder,0,1
22000470,2021-02-21 19:30:00,1610612737,1610612743,Regular Season,2021,1,Atlanta Hawks,Denver Nuggets,0,1
22000472,2021-02-21 20:00:00,1610612746,1610612751,Regular Season,2021,0,Los Angeles Clippers,Brooklyn Nets,0,1
22000471,2021-02-21 21:00:00,1610612749,1610612758,Regular Season,2021,1,Milwaukee Bucks,Sacramento Kings,0,1
22000474,2021-02-22 20:00:00,1610612745,1610612741,Regular Season,2021,0,Houston Rockets,Chicago Bulls,0,1
22000476,2021-02-22 20:30:00,1610612742,1610612763,Regular Season,2021,1,Dallas Mavericks,Memphis Grizzlies,0,1
22000477,2021-02-22 21:00:00,1610612756,1610612757,Regular Season,2021,1,Phoenix Suns,Portland Trail Blazers,0,1
22000478,2021-02-22 21:00:00,1610612762,1610612766,Regular Season,2021,1,Utah Jazz,Charlotte Hornets,0,1
22000475,2021-02-22 21:00:00,1610612760,1610612748,Regular Season,2021,0,Oklahoma City Thunder,Miami Heat,0,1
22000479,2021-02-22 22:00:00,1610612747,1610612764,Regular Season,2021,0,Los Angeles Lakers,Washington Wizards,0,1
22000481,2021-02-23 19:00:00,1610612753,1610612765,Regular Season,2021,0,Orlando Magic,Detroit Pistons,0,1
22000480,2021-02-23 19:00:00,1610612739,1610612737,Regular Season,2021,1,Cleveland Cavaliers,Atlanta Hawks,0,1
22000485,2021-02-23 19:30:00,1610612742,1610612738,Regular Season,2021,1,Dallas Mavericks,Boston Celtics,0,1
22000484,2021-02-23 19:30:00,1610612761,1610612755,Regular Season,2021,0,Toronto Raptors,Philadelphia 76ers,0,1
22000483,2021-02-23 19:30:00,1610612752,1610612744,Regular Season,2021,0,New York Knicks,Golden State Warriors,0,1
22000482,2021-02-23 19:30:00,1610612751,1610612758,Regular Season,2021,1,Brooklyn Nets,Sacramento Kings,0,1
22000486,2021-02-23 20:00:00,1610612749,1610612750,Regular Season,2021,1,Milwaukee Bucks,Minnesota Timberwolves,0,1
22000488,2021-02-23 22:00:00,1610612746,1610612764,Regular Season,2021,1,Los Angeles Clippers,Washington Wizards,0,1
22000487,2021-02-23 22:00:00,1610612743,1610612757,Regular Season,2021,1,Denver Nuggets,Portland Trail Blazers,0,1
22000489,2021-02-24 19:30:00,1610612754,1610612744,Regular Season,2021,0,Indiana Pacers,Golden State Warriors,0,1
22000491,2021-02-24 19:30:00,1610612739,1610612745,Regular Season,2021,1,Cleveland Cavaliers,Houston Rockets,0,1
22000490,2021-02-24 19:30:00,1610612737,1610612738,Regular Season,2021,1,Atlanta Hawks,Boston Celtics,0,1
22000495,2021-02-24 20:00:00,1610612760,1610612759,Regular Season,2021,1,Oklahoma City Thunder,San Antonio Spurs,0,1
22000494,2021-02-24 20:00:00,1610612740,1610612765,Regular Season,2021,1,New Orleans Pelicans,Detroit Pistons,0,1
22000493,2021-02-24 20:00:00,1610612741,1610612750,Regular Season,2021,1,Chicago Bulls,Minnesota Timberwolves,0,1
22000492,2021-02-24 20:00:00,1610612748,1610612761,Regular Season,2021,1,Miami Heat,Toronto Raptors,0,1
22000496,2021-02-24 21:00:00,1610612756,1610612766,Regular Season,2021,0,Phoenix Suns,Charlotte Hornets,0,1
22000497,2021-02-24 22:00:00,1610612762,1610612747,Regular Season,2021,1,Utah Jazz,Los Angeles Lakers,0,1
22000498,2021-02-25 19:00:00,1610612755,1610612742,Regular Season,2021,1,Philadelphia 76ers,Dallas Mavericks,0,1
22000500,2021-02-25 19:30:00,1610612752,1610612758,Regular Season,2021,1,New York Knicks,Sacramento Kings,0,1
22000499,2021-02-25 19:30:00,1610612751,1610612753,Regular Season,2021,1,Brooklyn Nets,Orlando Magic,0,1
22000501,2021-02-25 20:00:00,1610612763,1610612746,Regular Season,2021,1,Memphis Grizzlies,Los Angeles Clippers,0,1
22000502,2021-02-25 21:00:00,1610612743,1610612764,Regular Season,2021,0,Denver Nuggets,Washington Wizards,0,1
22000503,2021-02-25 21:30:00,1610612749,1610612740,Regular Season,2021,1,Milwaukee Bucks,New Orleans Pelicans,0,1
22000505,2021-02-26 19:30:00,1610612738,1610612754,Regular Season,2021,1,Boston Celtics,Indiana Pacers,0,1
22000506,2021-02-26 19:30:00,1610612761,1610612745,Regular Season,2021,1,Toronto Raptors,Houston Rockets,0,1
22000504,2021-02-26 20:00:00,1610612765,1610612758,Regular Season,2021,0,Detroit Pistons,Sacramento Kings,0,1
22000507,2021-02-26 20:00:00,1610612748,1610612762,Regular Season,2021,1,Miami Heat,Utah Jazz,0,1
22000510,2021-02-26 20:00:00,1610612760,1610612737,Regular Season,2021,1,Oklahoma City Thunder,Atlanta Hawks,0,1
22000509,2021-02-26 20:00:00,1610612763,1610612746,Regular Season,2021,0,Memphis Grizzlies,Los Angeles Clippers,0,1
22000508,2021-02-26 20:00:00,1610612741,1610612756,Regular Season,2021,0,Chicago Bulls,Phoenix Suns,0,1
22000512,2021-02-26 22:00:00,1610612747,1610612757,Regular Season,2021,1,Los Angeles Lakers,Portland Trail Blazers,0,1
22000511,2021-02-26 22:00:00,1610612744,1610612766,Regular Season,2021,1,Golden State Warriors,Charlotte Hornets,0,1
22000517,2021-02-27 19:00:00,1610612764,1610612750,Regular Season,2021,1,Washington Wizards,Minnesota Timberwolves,0,1
22000513,2021-02-27 19:00:00,1610612755,1610612739,Regular Season,2021,0,Philadelphia 76ers,Cleveland Cavaliers,0,1
22000518,2021-02-27 20:00:00,1610612760,1610612743,Regular Season,2021,0,Oklahoma City Thunder,Denver Nuggets,0,1
22000516,2021-02-27 20:00:00,1610612753,1610612762,Regular Season,2021,0,Orlando Magic,Utah Jazz,0,1
22000515,2021-02-27 20:00:00,1610612752,1610612754,Regular Season,2021,1,New York Knicks,Indiana Pacers,0,1
22000514,2021-02-27 20:00:00,1610612759,1610612740,Regular Season,2021,1,San Antonio Spurs,New Orleans Pelicans,0,1
22000519,2021-02-27 20:30:00,1610612751,1610612742,Regular Season,2021,0,Brooklyn Nets,Dallas Mavericks,0,1
22000520,2021-02-28 15:30:00,1610612749,1610612746,Regular Season,2021,1,Milwaukee Bucks,Los Angeles Clippers,0,1
22000524,2021-02-28 19:00:00,1610612738,1610612764,Regular Season,2021,1,Boston Celtics,Washington Wizards,0,1
22000522,2021-02-28 20:00:00,1610612748,1610612737,Regular Season,2021,1,Miami Heat,Atlanta Hawks,0,1
22000521,2021-02-28 20:00:00,1610612765,1610612752,Regular Season,2021,0,Detroit Pistons,New York Knicks,0,1
22000527,2021-02-28 20:00:00,1610612747,1610612744,Regular Season,2021,1,Los Angeles Lakers,Golden State Warriors,0,1
22000525,2021-02-28 20:00:00,1610612745,1610612763,Regular Season,2021,0,Houston Rockets,Memphis Grizzlies,0,1
22000526,2021-02-28 21:00:00,1610612750,1610612756,Regular Season,2021,0,Minnesota Timberwolves,Phoenix Suns,0,1
22000528,2021-02-28 22:00:00,1610612758,1610612766,Regular Season,2021,0,Sacramento Kings,Charlotte Hornets,0,1
22000530,2021-03-01 19:00:00,1610612755,1610612754,Regular Season,2021,1,Philadelphia 76ers,Indiana Pacers,0,1
22000529,2021-03-01 19:00:00,1610612753,1610612742,Regular Season,2021,0,Orlando Magic,Dallas Mavericks,0,1
22000533,2021-03-01 20:00:00,1610612740,1610612762,Regular Season,2021,1,New Orleans Pelicans,Utah Jazz,0,1
22000531,2021-03-01 20:00:00,1610612741,1610612743,Regular Season,2021,0,Chicago Bulls,Denver Nuggets,0,1
22000534,2021-03-01 20:30:00,1610612759,1610612751,Regular Season,2021,0,San Antonio Spurs,Brooklyn Nets,0,1
22000532,2021-03-01 21:00:00,1610612745,1610612739,Regular Season,2021,0,Houston Rockets,Cleveland Cavaliers,0,1
22000535,2021-03-01 22:30:00,1610612757,1610612766,Regular Season,2021,1,Portland Trail Blazers,Charlotte Hornets,0,1
22000536,2021-03-02 19:00:00,1610612764,1610612763,Regular Season,2021,0,Washington Wizards,Memphis Grizzlies,0,1
22000538,2021-03-02 19:30:00,1610612748,1610612737,Regular Season,2021,0,Miami Heat,Atlanta Hawks,0,1
22000537,2021-03-02 19:30:00,1610612738,1610612746,Regular Season,2021,1,Boston Celtics,Los Angeles Clippers,0,1
22000541,2021-03-02 20:30:00,1610612759,1610612752,Regular Season,2021,1,San Antonio Spurs,New York Knicks,0,1
22000540,2021-03-02 21:00:00,1610612749,1610612743,Regular Season,2021,0,Milwaukee Bucks,Denver Nuggets,0,1
22000542,2021-03-02 22:00:00,1610612747,1610612756,Regular Season,2021,0,Los Angeles Lakers,Phoenix Suns,0,1
22000545,2021-03-03 19:00:00,1610612755,1610612762,Regular Season,2021,1,Philadelphia 76ers,Utah Jazz,0,1
22000543,2021-03-03 19:00:00,1610612739,1610612754,Regular Season,2021,0,Cleveland Cavaliers,Indiana Pacers,0,1
22000539,2021-03-03 19:00:00,1610612761,1610612765,Regular Season,2021,0,Toronto Raptors,Detroit Pistons,0,1
22000546,2021-03-03 19:30:00,1610612745,1610612751,Regular Season,2021,0,Houston Rockets,Brooklyn Nets,0,1
22000548,2021-03-03 20:00:00,1610612740,1610612741,Regular Season,2021,0,New Orleans Pelicans,Chicago Bulls,0,1
22000547,2021-03-03 20:00:00,1610612750,1610612766,Regular Season,2021,0,Minnesota Timberwolves,Charlotte Hornets,0,1
22000544,2021-03-03 20:00:00,1610612753,1610612737,Regular Season,2021,0,Orlando Magic,Atlanta Hawks,0,1
22000549,2021-03-03 20:30:00,1610612742,1610612760,Regular Season,2021,1,Dallas Mavericks,Oklahoma City Thunder,0,1
22000551,2021-03-03 22:00:00,1610612758,1610612747,Regular Season,2021,1,Sacramento Kings,Los Angeles Lakers,0,1
22000550,2021-03-03 22:00:00,1610612757,1610612744,Regular Season,2021,1,Portland Trail Blazers,Golden State Warriors,0,1
22000552,2021-03-04 19:00:00,1610612738,1610612761,Regular Season,2021,1,Boston Celtics,Toronto Raptors,0,1
22000554,2021-03-04 19:00:00,1610612764,1610612746,Regular Season,2021,1,Washington Wizards,Los Angeles Clippers,0,1
22000565,2021-03-04 19:30:00,1610612752,1610612765,Regular Season,2021,1,New York Knicks,Detroit Pistons,0,1
22000555,2021-03-04 20:00:00,1610612763,1610612749,Regular Season,2021,0,Memphis Grizzlies,Milwaukee Bucks,0,1
22000553,2021-03-04 20:00:00,1610612754,1610612743,Regular Season,2021,0,Indiana Pacers,Denver Nuggets,0,1
22000557,2021-03-04 20:30:00,1610612740,1610612748,Regular Season,2021,0,New Orleans Pelicans,Miami Heat,0,1
22000556,2021-03-04 21:00:00,1610612759,1610612760,Regular Season,2021,0,San Antonio Spurs,Oklahoma City Thunder,0,1
22000558,2021-03-04 22:00:00,1610612757,1610612758,Regular Season,2021,1,Portland Trail Blazers,Sacramento Kings,0,1
22000185,2021-03-04 22:00:00,1610612756,1610612744,Regular Season,2021,1,Phoenix Suns,Golden State Warriors,0,1
22000566,2021-03-10 20:00:00,1610612763,1610612764,Regular Season,2021,1,Memphis Grizzlies,Washington Wizards,0,1
22000567,2021-03-10 20:30:00,1610612742,1610612759,Regular Season,2021,1,Dallas Mavericks,San Antonio Spurs,0,1
22000568,2021-03-11 19:00:00,1610612766,1610612765,Regular Season,2021,1,Charlotte Hornets,Detroit Pistons,0,1
22000570,2021-03-11 19:30:00,1610612761,1610612737,Regular Season,2021,0,Toronto Raptors,Atlanta Hawks,0,1
22000569,2021-03-11 19:30:00,1610612751,1610612738,Regular Season,2021,1,Brooklyn Nets,Boston Celtics,0,1
22000571,2021-03-11 20:00:00,1610612748,1610612753,Regular Season,2021,1,Miami Heat,Orlando Magic,0,1
22000572,2021-03-11 20:00:00,1610612741,1610612755,Regular Season,2021,0,Chicago Bulls,Philadelphia 76ers,0,1
22000574,2021-03-11 20:00:00,1610612740,1610612750,Regular Season,2021,0,New Orleans Pelicans,Minnesota Timberwolves,0,1
22000573,2021-03-11 20:00:00,1610612749,1610612752,Regular Season,2021,1,Milwaukee Bucks,New York Knicks,0,1
22000575,2021-03-11 21:00:00,1610612760,1610612742,Regular Season,2021,1,Oklahoma City Thunder,Dallas Mavericks,0,1
22000578,2021-03-11 22:00:00,1610612758,1610612745,Regular Season,2021,1,Sacramento Kings,Houston Rockets,0,1
22000577,2021-03-11 22:00:00,1610612757,1610612756,Regular Season,2021,0,Portland Trail Blazers,Phoenix Suns,0,1
22000576,2021-03-11 22:00:00,1610612746,1610612744,Regular Season,2021,1,Los Angeles Clippers,Golden State Warriors,0,1
22000581,2021-03-12 20:00:00,1610612740,1610612739,Regular Season,2021,1,New Orleans Pelicans,Cleveland Cavaliers,0,1
22000580,2021-03-12 20:00:00,1610612763,1610612743,Regular Season,2021,0,Memphis Grizzlies,Denver Nuggets,0,1
22000579,2021-03-12 20:00:00,1610612764,1610612755,Regular Season,2021,0,Washington Wizards,Philadelphia 76ers,0,1
22000583,2021-03-12 21:00:00,1610612759,1610612753,Regular Season,2021,1,San Antonio Spurs,Orlando Magic,0,1
22000582,2021-03-12 21:00:00,1610612741,1610612748,Regular Season,2021,0,Chicago Bulls,Miami Heat,0,1
22000584,2021-03-12 22:00:00,1610612762,1610612745,Regular Season,2021,1,Utah Jazz,Houston Rockets,0,1
22000585,2021-03-12 22:30:00,1610612747,1610612754,Regular Season,2021,1,Los Angeles Lakers,Indiana Pacers,0,1
22000586,2021-03-13 14:00:00,1610612760,1610612752,Regular Season,2021,0,Oklahoma City Thunder,New York Knicks,0,1
22000587,2021-03-13 19:00:00,1610612751,1610612765,Regular Season,2021,1,Brooklyn Nets,Detroit Pistons,0,1
22000588,2021-03-13 19:00:00,1610612766,1610612761,Regular Season,2021,1,Charlotte Hornets,Toronto Raptors,0,1
22000589,2021-03-13 19:00:00,1610612764,1610612749,Regular Season,2021,0,Washington Wizards,Milwaukee Bucks,0,1
22000590,2021-03-13 19:30:00,1610612737,1610612758,Regular Season,2021,1,Atlanta Hawks,Sacramento Kings,0,1
22000591,2021-03-13 20:00:00,1610612750,1610612757,Regular Season,2021,0,Minnesota Timberwolves,Portland Trail Blazers,0,1
22000592,2021-03-13 22:00:00,1610612743,1610612742,Regular Season,2021,0,Denver Nuggets,Dallas Mavericks,0,1
22000194,2021-03-13 22:00:00,1610612756,1610612754,Regular Season,2021,0,Phoenix Suns,Indiana Pacers,0,1
22000593,2021-03-14 14:00:00,1610612760,1610612763,Regular Season,2021,1,Oklahoma City Thunder,Memphis Grizzlies,0,1
22000594,2021-03-14 16:00:00,1610612744,1610612762,Regular Season,2021,1,Golden State Warriors,Utah Jazz,0,1
22000595,2021-03-14 18:30:00,1610612755,1610612759,Regular Season,2021,1,Philadelphia 76ers,San Antonio Spurs,0,1
22000596,2021-03-14 19:00:00,1610612753,1610612748,Regular Season,2021,0,Orlando Magic,Miami Heat,0,1
22000597,2021-03-14 19:30:00,1610612737,1610612739,Regular Season,2021,1,Atlanta Hawks,Cleveland Cavaliers,0,1
22000599,2021-03-14 20:00:00,1610612750,1610612757,Regular Season,2021,1,Minnesota Timberwolves,Portland Trail Blazers,0,1
22000598,2021-03-14 20:00:00,1610612745,1610612738,Regular Season,2021,0,Houston Rockets,Boston Celtics,0,1
22000601,2021-03-14 21:00:00,1610612740,1610612746,Regular Season,2021,1,New Orleans Pelicans,Los Angeles Clippers,0,1
22000600,2021-03-14 21:00:00,1610612741,1610612761,Regular Season,2021,1,Chicago Bulls,Toronto Raptors,0,1
22000602,2021-03-15 19:00:00,1610612766,1610612758,Regular Season,2021,1,Charlotte Hornets,Sacramento Kings,0,1
22000603,2021-03-15 19:00:00,1610612764,1610612749,Regular Season,2021,0,Washington Wizards,Milwaukee Bucks,0,1
22000604,2021-03-15 20:00:00,1610612751,1610612752,Regular Season,2021,1,Brooklyn Nets,New York Knicks,0,1
22000428,2021-03-15 20:00:00,1610612765,1610612759,Regular Season,2021,0,Detroit Pistons,San Antonio Spurs,0,1
22000605,2021-03-15 21:00:00,1610612742,1610612746,Regular Season,2021,0,Dallas Mavericks,Los Angeles Clippers,0,1
22000606,2021-03-15 22:00:00,1610612743,1610612754,Regular Season,2021,1,Denver Nuggets,Indiana Pacers,0,1
22000607,2021-03-15 22:00:00,1610612756,1610612763,Regular Season,2021,1,Phoenix Suns,Memphis Grizzlies,0,1
22000608,2021-03-15 22:30:00,1610612744,1610612747,Regular Season,2021,0,Golden State Warriors,Los Angeles Lakers,0,1
22000609,2021-03-16 19:30:00,1610612738,1610612762,Regular Season,2021,0,Boston Celtics,Utah Jazz,0,1
22000612,2021-03-16 20:00:00,1610612741,1610612760,Regular Season,2021,1,Chicago Bulls,Oklahoma City Thunder,0,1
22000611,2021-03-16 20:00:00,1610612755,1610612752,Regular Season,2021,1,Philadelphia 76ers,New York Knicks,0,1
22000610,2021-03-16 20:00:00,1610612748,1610612739,Regular Season,2021,1,Miami Heat,Cleveland Cavaliers,0,1
22000613,2021-03-16 20:00:00,1610612745,1610612737,Regular Season,2021,0,Houston Rockets,Atlanta Hawks,0,1
22000614,2021-03-16 22:00:00,1610612757,1610612740,Regular Season,2021,1,Portland Trail Blazers,New Orleans Pelicans,0,1
22000615,2021-03-16 22:30:00,1610612747,1610612750,Regular Season,2021,1,Los Angeles Lakers,Minnesota Timberwolves,0,1
22000619,2021-03-17 19:00:00,1610612764,1610612758,Regular Season,2021,0,Washington Wizards,Sacramento Kings,0,1
22000618,2021-03-17 19:00:00,1610612755,1610612749,Regular Season,2021,0,Philadelphia 76ers,Milwaukee Bucks,0,1
22000617,2021-03-17 19:00:00,1610612754,1610612751,Regular Season,2021,0,Indiana Pacers,Brooklyn Nets,0,1
22000616,2021-03-17 19:00:00,1610612765,1610612761,Regular Season,2021,1,Detroit Pistons,Toronto Raptors,0,1
22000622,2021-03-17 20:00:00,1610612745,1610612744,Regular Season,2021,0,Houston Rockets,Golden State Warriors,0,1
22000621,2021-03-17 20:00:00,1610612741,1610612759,Regular Season,2021,0,Chicago Bulls,San Antonio Spurs,0,1
22000620,2021-03-17 20:00:00,1610612739,1610612738,Regular Season,2021,1,Cleveland Cavaliers,Boston Celtics,0,1
22000624,2021-03-17 21:00:00,1610612743,1610612766,Regular Season,2021,1,Denver Nuggets,Charlotte Hornets,0,1
22000623,2021-03-17 21:00:00,1610612763,1610612748,Regular Season,2021,1,Memphis Grizzlies,Miami Heat,0,1
22000625,2021-03-17 21:30:00,1610612742,1610612746,Regular Season,2021,1,Dallas Mavericks,Los Angeles Clippers,0,1
22000166,2021-03-18 19:00:00,1610612764,1610612762,Regular Season,2021,1,Washington Wizards,Utah Jazz,0,1
22000627,2021-03-18 19:30:00,1610612752,1610612753,Regular Season,2021,1,New York Knicks,Orlando Magic,0,1
22000626,2021-03-18 19:30:00,1610612737,1610612760,Regular Season,2021,1,Atlanta Hawks,Oklahoma City Thunder,0,1
22000629,2021-03-18 22:00:00,1610612757,1610612740,Regular Season,2021,1,Portland Trail Blazers,New Orleans Pelicans,0,1
22000628,2021-03-18 22:00:00,1610612756,1610612750,Regular Season,2021,0,Phoenix Suns,Minnesota Timberwolves,0,1
22000630,2021-03-18 22:30:00,1610612747,1610612766,Regular Season,2021,1,Los Angeles Lakers,Charlotte Hornets,0,1
22000631,2021-03-19 19:30:00,1610612738,1610612758,Regular Season,2021,0,Boston Celtics,Sacramento Kings,0,1
22000435,2021-03-19 19:30:00,1610612739,1610612759,Regular Season,2021,0,Cleveland Cavaliers,San Antonio Spurs,0,1
22000634,2021-03-19 20:00:00,1610612761,1610612762,Regular Season,2021,0,Toronto Raptors,Utah Jazz,0,1
22000632,2021-03-19 20:00:00,1610612748,1610612754,Regular Season,2021,0,Miami Heat,Indiana Pacers,0,1
22000633,2021-03-19 20:00:00,1610612753,1610612751,Regular Season,2021,1,Orlando Magic,Brooklyn Nets,0,1
22000636,2021-03-19 20:00:00,1610612763,1610612744,Regular Season,2021,0,Memphis Grizzlies,Golden State Warriors,0,1
22000635,2021-03-19 20:00:00,1610612745,1610612765,Regular Season,2021,0,Houston Rockets,Detroit Pistons,0,1
22000637,2021-03-19 21:00:00,1610612743,1610612741,Regular Season,2021,1,Denver Nuggets,Chicago Bulls,0,1
22000639,2021-03-19 22:00:00,1610612757,1610612742,Regular Season,2021,1,Portland Trail Blazers,Dallas Mavericks,0,1
22000638,2021-03-19 22:00:00,1610612756,1610612750,Regular Season,2021,1,Phoenix Suns,Minnesota Timberwolves,0,1
22000640,2021-03-20 15:30:00,1610612747,1610612737,Regular Season,2021,0,Los Angeles Lakers,Atlanta Hawks,0,1
22000642,2021-03-20 20:00:00,1610612763,1610612744,Regular Season,2021,1,Memphis Grizzlies,Golden State Warriors,0,1
22000641,2021-03-20 20:00:00,1610612755,1610612758,Regular Season,2021,1,Philadelphia 76ers,Sacramento Kings,0,1
22000643,2021-03-20 21:00:00,1610612749,1610612759,Regular Season,2021,1,Milwaukee Bucks,San Antonio Spurs,0,1
22000644,2021-03-20 22:00:00,1610612746,1610612766,Regular Season,2021,1,Los Angeles Clippers,Charlotte Hornets,0,1
22000645,2021-03-21 13:00:00,1610612748,1610612754,Regular Season,2021,0,Miami Heat,Indiana Pacers,0,1
22000016,2021-03-21 14:00:00,1610612745,1610612760,Regular Season,2021,0,Houston Rockets,Oklahoma City Thunder,0,1
22000646,2021-03-21 15:00:00,1610612743,1610612740,Regular Season,2021,0,Denver Nuggets,New Orleans Pelicans,0,1
22000167,2021-03-21 15:30:00,1610612738,1610612753,Regular Season,2021,1,Boston Celtics,Orlando Magic,0,1
22000647,2021-03-21 19:00:00,1610612751,1610612764,Regular Season,2021,1,Brooklyn Nets,Washington Wizards,0,1
22000649,2021-03-21 19:00:00,1610612765,1610612741,Regular Season,2021,0,Detroit Pistons,Chicago Bulls,0,1
22000648,2021-03-21 19:00:00,1610612739,1610612761,Regular Season,2021,1,Cleveland Cavaliers,Toronto Raptors,0,1
22000650,2021-03-21 20:00:00,1610612752,1610612755,Regular Season,2021,0,New York Knicks,Philadelphia 76ers,0,1
22000652,2021-03-21 22:00:00,1610612757,1610612742,Regular Season,2021,0,Portland Trail Blazers,Dallas Mavericks,0,1
22000651,2021-03-21 22:00:00,1610612756,1610612747,Regular Season,2021,1,Phoenix Suns,Los Angeles Lakers,0,1
22000653,2021-03-22 19:30:00,1610612739,1610612758,Regular Season,2021,0,Cleveland Cavaliers,Sacramento Kings,0,1
22000654,2021-03-22 20:00:00,1610612750,1610612760,Regular Season,2021,0,Minnesota Timberwolves,Oklahoma City Thunder,0,1
22000655,2021-03-22 20:30:00,1610612759,1610612766,Regular Season,2021,0,San Antonio Spurs,Charlotte Hornets,0,1
22000659,2021-03-22 21:00:00,1610612749,1610612754,Regular Season,2021,1,Milwaukee Bucks,Indiana Pacers,0,1
22000658,2021-03-22 21:00:00,1610612763,1610612738,Regular Season,2021,1,Memphis Grizzlies,Boston Celtics,0,1
22000657,2021-03-22 21:00:00,1610612745,1610612761,Regular Season,2021,1,Houston Rockets,Toronto Raptors,0,1
22000656,2021-03-22 21:00:00,1610612741,1610612762,Regular Season,2021,0,Chicago Bulls,Utah Jazz,0,1
22000660,2021-03-22 22:00:00,1610612746,1610612737,Regular Season,2021,1,Los Angeles Clippers,Atlanta Hawks,0,1
22000661,2021-03-23 19:00:00,1610612753,1610612743,Regular Season,2021,0,Orlando Magic,Denver Nuggets,0,1
22000662,2021-03-23 19:30:00,1610612752,1610612764,Regular Season,2021,1,New York Knicks,Washington Wizards,0,1
22000663,2021-03-23 19:30:00,1610612740,1610612747,Regular Season,2021,1,New Orleans Pelicans,Los Angeles Lakers,0,1
22000664,2021-03-23 20:00:00,1610612748,1610612756,Regular Season,2021,0,Miami Heat,Phoenix Suns,0,1
22000665,2021-03-23 22:00:00,1610612744,1610612755,Regular Season,2021,0,Golden State Warriors,Philadelphia 76ers,0,1
22000666,2021-03-23 22:00:00,1610612757,1610612751,Regular Season,2021,0,Portland Trail Blazers,Brooklyn Nets,0,1
22000667,2021-03-24 19:00:00,1610612754,1610612765,Regular Season,2021,1,Indiana Pacers,Detroit Pistons,0,1
22000669,2021-03-24 19:30:00,1610612749,1610612738,Regular Season,2021,1,Milwaukee Bucks,Boston Celtics,0,1
22000668,2021-03-24 19:30:00,1610612761,1610612743,Regular Season,2021,1,Toronto Raptors,Denver Nuggets,0,1
22000674,2021-03-24 20:00:00,1610612760,1610612763,Regular Season,2021,0,Oklahoma City Thunder,Memphis Grizzlies,0,1
22000673,2021-03-24 20:00:00,1610612750,1610612742,Regular Season,2021,0,Minnesota Timberwolves,Dallas Mavericks,0,1
22000672,2021-03-24 20:00:00,1610612745,1610612766,Regular Season,2021,0,Houston Rockets,Charlotte Hornets,0,1
22000671,2021-03-24 20:00:00,1610612741,1610612739,Regular Season,2021,0,Chicago Bulls,Cleveland Cavaliers,0,1
22000670,2021-03-24 20:00:00,1610612753,1610612756,Regular Season,2021,1,Orlando Magic,Phoenix Suns,0,1
22000675,2021-03-24 20:30:00,1610612759,1610612746,Regular Season,2021,0,San Antonio Spurs,Los Angeles Clippers,0,1
22000677,2021-03-24 22:00:00,1610612758,1610612737,Regular Season,2021,1,Sacramento Kings,Atlanta Hawks,0,1
22000676,2021-03-24 22:00:00,1610612762,1610612751,Regular Season,2021,1,Utah Jazz,Brooklyn Nets,0,1
22000679,2021-03-25 19:30:00,1610612752,1610612764,Regular Season,2021,1,New York Knicks,Washington Wizards,0,1
22000678,2021-03-25 19:30:00,1610612748,1610612757,Regular Season,2021,0,Miami Heat,Portland Trail Blazers,0,1
22000680,2021-03-25 20:30:00,1610612759,1610612746,Regular Season,2021,0,San Antonio Spurs,Los Angeles Clippers,0,1
22000681,2021-03-25 22:00:00,1610612747,1610612755,Regular Season,2021,0,Los Angeles Lakers,Philadelphia 76ers,0,1
22000682,2021-03-25 22:00:00,1610612758,1610612744,Regular Season,2021,1,Sacramento Kings,Golden State Warriors,0,1
22000683,2021-03-26 19:00:00,1610612765,1610612751,Regular Season,2021,0,Detroit Pistons,Brooklyn Nets,0,1
22000685,2021-03-26 19:30:00,1610612749,1610612738,Regular Season,2021,0,Milwaukee Bucks,Boston Celtics,0,1
22000684,2021-03-26 19:30:00,1610612761,1610612756,Regular Season,2021,0,Toronto Raptors,Phoenix Suns,0,1
22000689,2021-03-26 20:00:00,1610612740,1610612743,Regular Season,2021,0,New Orleans Pelicans,Denver Nuggets,0,1
22000688,2021-03-26 20:00:00,1610612750,1610612745,Regular Season,2021,1,Minnesota Timberwolves,Houston Rockets,0,1
22000687,2021-03-26 20:00:00,1610612753,1610612757,Regular Season,2021,0,Orlando Magic,Portland Trail Blazers,0,1
22000686,2021-03-26 20:00:00,1610612766,1610612748,Regular Season,2021,1,Charlotte Hornets,Miami Heat,0,1
22000690,2021-03-26 20:30:00,1610612742,1610612754,Regular Season,2021,0,Dallas Mavericks,Indiana Pacers,0,1
22000691,2021-03-26 21:00:00,1610612762,1610612763,Regular Season,2021,1,Utah Jazz,Memphis Grizzlies,0,1
22000692,2021-03-26 22:00:00,1610612744,1610612737,Regular Season,2021,0,Golden State Warriors,Atlanta Hawks,0,1
22000693,2021-03-26 22:30:00,1610612747,1610612739,Regular Season,2021,1,Los Angeles Lakers,Cleveland Cavaliers,0,1
22000694,2021-03-27 20:00:00,1610612764,1610612765,Regular Season,2021,1,Washington Wizards,Detroit Pistons,0,1
22000695,2021-03-27 20:00:00,1610612749,1610612752,Regular Season,2021,0,Milwaukee Bucks,New York Knicks,0,1
22000696,2021-03-27 20:00:00,1610612750,1610612745,Regular Season,2021,0,Minnesota Timberwolves,Houston Rockets,0,1
22000697,2021-03-27 20:30:00,1610612759,1610612741,Regular Season,2021,1,San Antonio Spurs,Chicago Bulls,0,1
22000699,2021-03-27 21:00:00,1610612760,1610612738,Regular Season,2021,0,Oklahoma City Thunder,Boston Celtics,0,1
22000698,2021-03-27 21:00:00,1610612740,1610612742,Regular Season,2021,1,New Orleans Pelicans,Dallas Mavericks,0,1
22000700,2021-03-27 21:00:00,1610612762,1610612763,Regular Season,2021,1,Utah Jazz,Memphis Grizzlies,0,1
22000702,2021-03-27 22:00:00,1610612758,1610612739,Regular Season,2021,1,Sacramento Kings,Cleveland Cavaliers,0,1
22000701,2021-03-27 22:00:00,1610612746,1610612755,Regular Season,2021,1,Los Angeles Clippers,Philadelphia 76ers,0,1
22000703,2021-03-28 13:00:00,1610612766,1610612756,Regular Season,2021,0,Charlotte Hornets,Phoenix Suns,0,1
22000704,2021-03-28 19:00:00,1610612761,1610612757,Regular Season,2021,0,Toronto Raptors,Portland Trail Blazers,0,1
22000705,2021-03-28 21:00:00,1610612743,1610612737,Regular Season,2021,1,Denver Nuggets,Atlanta Hawks,0,1
22000706,2021-03-28 22:00:00,1610612747,1610612753,Regular Season,2021,1,Los Angeles Lakers,Orlando Magic,0,1
22000707,2021-03-29 19:00:00,1610612764,1610612754,Regular Season,2021,1,Washington Wizards,Indiana Pacers,0,1
22000708,2021-03-29 19:30:00,1610612738,1610612740,Regular Season,2021,0,Boston Celtics,New Orleans Pelicans,0,1
22000710,2021-03-29 19:30:00,1610612752,1610612748,Regular Season,2021,0,New York Knicks,Miami Heat,0,1
22000709,2021-03-29 19:30:00,1610612751,1610612750,Regular Season,2021,1,Brooklyn Nets,Minnesota Timberwolves,0,1
22000712,2021-03-29 20:00:00,1610612745,1610612763,Regular Season,2021,0,Houston Rockets,Memphis Grizzlies,0,1
22000711,2021-03-29 20:00:00,1610612765,1610612761,Regular Season,2021,1,Detroit Pistons,Toronto Raptors,0,1
22000713,2021-03-29 20:00:00,1610612760,1610612742,Regular Season,2021,0,Oklahoma City Thunder,Dallas Mavericks,0,1
22000714,2021-03-29 20:30:00,1610612759,1610612758,Regular Season,2021,0,San Antonio Spurs,Sacramento Kings,0,1
22000715,2021-03-29 21:00:00,1610612762,1610612739,Regular Season,2021,1,Utah Jazz,Cleveland Cavaliers,0,1
22000717,2021-03-29 22:00:00,1610612746,1610612749,Regular Season,2021,1,Los Angeles Clippers,Milwaukee Bucks,0,1
22000716,2021-03-29 22:00:00,1610612744,1610612741,Regular Season,2021,1,Golden State Warriors,Chicago Bulls,0,1
22000718,2021-03-30 19:00:00,1610612764,1610612766,Regular Season,2021,0,Washington Wizards,Charlotte Hornets,0,1
22000719,2021-03-30 21:00:00,1610612743,1610612755,Regular Season,2021,1,Denver Nuggets,Philadelphia 76ers,0,1
22000720,2021-03-30 22:00:00,1610612746,1610612753,Regular Season,2021,0,Los Angeles Clippers,Orlando Magic,0,1
22000171,2021-03-30 22:00:00,1610612756,1610612737,Regular Season,2021,1,Phoenix Suns,Atlanta Hawks,0,1
22000721,2021-03-31 19:00:00,1610612765,1610612757,Regular Season,2021,0,Detroit Pistons,Portland Trail Blazers,0,1
22000722,2021-03-31 19:00:00,1610612754,1610612748,Regular Season,2021,0,Indiana Pacers,Miami Heat,0,1
22000723,2021-03-31 19:30:00,1610612738,1610612742,Regular Season,2021,0,Boston Celtics,Dallas Mavericks,0,1
22000724,2021-03-31 19:30:00,1610612751,1610612745,Regular Season,2021,1,Brooklyn Nets,Houston Rockets,0,1
22000725,2021-03-31 20:00:00,1610612763,1610612762,Regular Season,2021,0,Memphis Grizzlies,Utah Jazz,0,1
22000727,2021-03-31 20:00:00,1610612760,1610612761,Regular Season,2021,1,Oklahoma City Thunder,Toronto Raptors,0,1
22000726,2021-03-31 20:00:00,1610612750,1610612752,Regular Season,2021,1,Minnesota Timberwolves,New York Knicks,0,1
22000728,2021-03-31 20:30:00,1610612759,1610612758,Regular Season,2021,1,San Antonio Spurs,Sacramento Kings,0,1
22000729,2021-03-31 22:00:00,1610612747,1610612749,Regular Season,2021,0,Los Angeles Lakers,Milwaukee Bucks,0,1
22000730,2021-03-31 22:00:00,1610612756,1610612741,Regular Season,2021,1,Phoenix Suns,Chicago Bulls,0,1
22000179,2021-04-01 19:00:00,1610612765,1610612764,Regular Season,2021,1,Detroit Pistons,Washington Wizards,0,1
22000731,2021-04-01 19:00:00,1610612739,1610612755,Regular Season,2021,0,Cleveland Cavaliers,Philadelphia 76ers,0,1
22000732,2021-04-01 19:30:00,1610612751,1610612766,Regular Season,2021,1,Brooklyn Nets,Charlotte Hornets,0,1
22000734,2021-04-01 20:00:00,1610612740,1610612753,Regular Season,2021,0,New Orleans Pelicans,Orlando Magic,0,1
22000733,2021-04-01 20:00:00,1610612748,1610612744,Regular Season,2021,1,Miami Heat,Golden State Warriors,0,1
22000735,2021-04-01 20:30:00,1610612759,1610612737,Regular Season,2021,0,San Antonio Spurs,Atlanta Hawks,0,1
22000736,2021-04-01 22:00:00,1610612746,1610612743,Regular Season,2021,0,Los Angeles Clippers,Denver Nuggets,0,1
22000737,2021-04-02 19:00:00,1610612761,1610612744,Regular Season,2021,1,Toronto Raptors,Golden State Warriors,0,1
22000739,2021-04-02 19:30:00,1610612752,1610612742,Regular Season,2021,0,New York Knicks,Dallas Mavericks,0,1
22000738,2021-04-02 19:30:00,1610612738,1610612745,Regular Season,2021,1,Boston Celtics,Houston Rockets,0,1
22000741,2021-04-02 20:00:00,1610612763,1610612750,Regular Season,2021,1,Memphis Grizzlies,Minnesota Timberwolves,0,1
22000740,2021-04-02 20:00:00,1610612754,1610612766,Regular Season,2021,0,Indiana Pacers,Charlotte Hornets,0,1
22000742,2021-04-02 21:00:00,1610612740,1610612737,Regular Season,2021,0,New Orleans Pelicans,Atlanta Hawks,0,1
22000743,2021-04-02 21:00:00,1610612762,1610612741,Regular Season,2021,1,Utah Jazz,Chicago Bulls,0,1
22000746,2021-04-02 22:00:00,1610612758,1610612747,Regular Season,2021,0,Sacramento Kings,Los Angeles Lakers,0,1
22000745,2021-04-02 22:00:00,1610612757,1610612749,Regular Season,2021,0,Portland Trail Blazers,Milwaukee Bucks,0,1
22000744,2021-04-02 22:00:00,1610612756,1610612760,Regular Season,2021,1,Phoenix Suns,Oklahoma City Thunder,0,1
22000747,2021-04-03 19:00:00,1610612764,1610612742,Regular Season,2021,0,Washington Wizards,Dallas Mavericks,0,1
22000750,2021-04-03 20:00:00,1610612755,1610612750,Regular Season,2021,1,Philadelphia 76ers,Minnesota Timberwolves,0,1
22000749,2021-04-03 20:00:00,1610612748,1610612739,Regular Season,2021,1,Miami Heat,Cleveland Cavaliers,0,1
22000748,2021-04-03 20:00:00,1610612765,1610612752,Regular Season,2021,0,Detroit Pistons,New York Knicks,0,1
22000752,2021-04-03 21:00:00,1610612762,1610612753,Regular Season,2021,1,Utah Jazz,Orlando Magic,0,1
22000751,2021-04-03 21:00:00,1610612759,1610612754,Regular Season,2021,0,San Antonio Spurs,Indiana Pacers,0,1
22000754,2021-04-03 22:00:00,1610612758,1610612749,Regular Season,2021,0,Sacramento Kings,Milwaukee Bucks,0,1
22000753,2021-04-03 22:00:00,1610612757,1610612760,Regular Season,2021,1,Portland Trail Blazers,Oklahoma City Thunder,0,1
22000755,2021-04-04 14:00:00,1610612741,1610612751,Regular Season,2021,1,Chicago Bulls,Brooklyn Nets,0,1
22000756,2021-04-04 15:30:00,1610612746,1610612747,Regular Season,2021,1,Los Angeles Clippers,Los Angeles Lakers,0,1
22000757,2021-04-04 18:00:00,1610612738,1610612766,Regular Season,2021,1,Boston Celtics,Charlotte Hornets,0,1
22000758,2021-04-04 19:00:00,1610612755,1610612763,Regular Season,2021,0,Philadelphia 76ers,Memphis Grizzlies,0,1
22000759,2021-04-04 19:30:00,1610612737,1610612744,Regular Season,2021,1,Atlanta Hawks,Golden State Warriors,0,1
22000760,2021-04-04 20:00:00,1610612745,1610612740,Regular Season,2021,0,Houston Rockets,New Orleans Pelicans,0,1
22000761,2021-04-04 22:00:00,1610612743,1610612753,Regular Season,2021,1,Denver Nuggets,Orlando Magic,0,1
22000767,2021-04-05 19:00:00,1610612759,1610612739,Regular Season,2021,0,San Antonio Spurs,Cleveland Cavaliers,0,1
22000766,2021-04-05 19:00:00,1610612760,1610612765,Regular Season,2021,0,Oklahoma City Thunder,Detroit Pistons,0,1
22000765,2021-04-05 19:00:00,1610612750,1610612758,Regular Season,2021,1,Minnesota Timberwolves,Sacramento Kings,0,1
22000764,2021-04-05 19:00:00,1610612742,1610612762,Regular Season,2021,1,Dallas Mavericks,Utah Jazz,0,1
22000763,2021-04-05 19:00:00,1610612761,1610612764,Regular Season,2021,1,Toronto Raptors,Washington Wizards,0,1
22000762,2021-04-05 19:00:00,1610612751,1610612752,Regular Season,2021,1,Brooklyn Nets,New York Knicks,0,1
22000768,2021-04-05 20:00:00,1610612745,1610612756,Regular Season,2021,0,Houston Rockets,Phoenix Suns,0,1
22000769,2021-04-06 19:00:00,1610612754,1610612741,Regular Season,2021,0,Indiana Pacers,Chicago Bulls,0,1
22000770,2021-04-06 19:30:00,1610612737,1610612740,Regular Season,2021,1,Atlanta Hawks,New Orleans Pelicans,0,1
22000772,2021-04-06 19:30:00,1610612761,1610612747,Regular Season,2021,0,Toronto Raptors,Los Angeles Lakers,0,1
22000771,2021-04-06 19:30:00,1610612738,1610612755,Regular Season,2021,0,Boston Celtics,Philadelphia 76ers,0,1
22000773,2021-04-06 20:00:00,1610612748,1610612763,Regular Season,2021,0,Miami Heat,Memphis Grizzlies,0,1
22000321,2021-04-06 21:00:00,1610612743,1610612765,Regular Season,2021,1,Denver Nuggets,Detroit Pistons,0,1
22000775,2021-04-06 22:00:00,1610612746,1610612757,Regular Season,2021,1,Los Angeles Clippers,Portland Trail Blazers,0,1
22000774,2021-04-06 22:00:00,1610612744,1610612749,Regular Season,2021,1,Golden State Warriors,Milwaukee Bucks,0,1
22000777,2021-04-07 19:00:00,1610612753,1610612764,Regular Season,2021,0,Orlando Magic,Washington Wizards,0,1
22000776,2021-04-07 19:00:00,1610612754,1610612750,Regular Season,2021,1,Indiana Pacers,Minnesota Timberwolves,0,1
22000779,2021-04-07 19:30:00,1610612751,1610612740,Regular Season,2021,1,Brooklyn Nets,New Orleans Pelicans,0,1
22000778,2021-04-07 19:30:00,1610612738,1610612752,Regular Season,2021,1,Boston Celtics,New York Knicks,0,1
22000781,2021-04-07 20:00:00,1610612760,1610612766,Regular Season,2021,0,Oklahoma City Thunder,Charlotte Hornets,0,1
22000780,2021-04-07 20:00:00,1610612737,1610612763,Regular Season,2021,0,Atlanta Hawks,Memphis Grizzlies,0,1
22000456,2021-04-07 20:00:00,1610612745,1610612742,Regular Season,2021,1,Houston Rockets,Dallas Mavericks,0,1
22000782,2021-04-07 21:00:00,1610612743,1610612759,Regular Season,2021,1,Denver Nuggets,San Antonio Spurs,0,1
22000783,2021-04-07 22:00:00,1610612756,1610612762,Regular Season,2021,1,Phoenix Suns,Utah Jazz,0,1
22000523,2021-04-08 19:30:00,1610612761,1610612741,Regular Season,2021,0,Toronto Raptors,Chicago Bulls,0,1
22000784,2021-04-08 19:30:00,1610612748,1610612747,Regular Season,2021,1,Miami Heat,Los Angeles Lakers,0,1
22000785,2021-04-08 20:00:00,1610612760,1610612739,Regular Season,2021,0,Oklahoma City Thunder,Cleveland Cavaliers,0,1
22000786,2021-04-08 21:00:00,1610612742,1610612749,Regular Season,2021,1,Dallas Mavericks,Milwaukee Bucks,0,1
22000789,2021-04-08 22:00:00,1610612758,1610612765,Regular Season,2021,0,Sacramento Kings,Detroit Pistons,0,1
22000788,2021-04-08 22:00:00,1610612746,1610612756,Regular Season,2021,1,Los Angeles Clippers,Phoenix Suns,0,1
22000787,2021-04-08 22:00:00,1610612762,1610612757,Regular Season,2021,1,Utah Jazz,Portland Trail Blazers,0,1
22000790,2021-04-09 19:00:00,1610612753,1610612754,Regular Season,2021,0,Orlando Magic,Indiana Pacers,0,1
22000793,2021-04-09 19:30:00,1610612752,1610612763,Regular Season,2021,1,New York Knicks,Memphis Grizzlies,0,1
22000792,2021-04-09 19:30:00,1610612738,1610612750,Regular Season,2021,1,Boston Celtics,Minnesota Timberwolves,0,1
22000795,2021-04-09 20:00:00,1610612740,1610612755,Regular Season,2021,1,New Orleans Pelicans,Philadelphia 76ers,0,1
22000791,2021-04-09 20:00:00,1610612737,1610612741,Regular Season,2021,1,Atlanta Hawks,Chicago Bulls,0,1
22000797,2021-04-09 21:00:00,1610612743,1610612759,Regular Season,2021,1,Denver Nuggets,San Antonio Spurs,0,1
22000796,2021-04-09 21:00:00,1610612749,1610612766,Regular Season,2021,0,Milwaukee Bucks,Charlotte Hornets,0,1
22000798,2021-04-09 22:00:00,1610612744,1610612764,Regular Season,2021,0,Golden State Warriors,Washington Wizards,0,1
22000799,2021-04-09 22:00:00,1610612746,1610612745,Regular Season,2021,1,Los Angeles Clippers,Houston Rockets,0,1
22000794,2021-04-10 19:30:00,1610612739,1610612761,Regular Season,2021,0,Cleveland Cavaliers,Toronto Raptors,0,1
22000800,2021-04-10 20:30:00,1610612751,1610612747,Regular Season,2021,0,Brooklyn Nets,Los Angeles Lakers,0,1
22000801,2021-04-10 21:00:00,1610612762,1610612758,Regular Season,2021,1,Utah Jazz,Sacramento Kings,0,1
22000199,2021-04-10 21:00:00,1610612760,1610612755,Regular Season,2021,0,Oklahoma City Thunder,Philadelphia 76ers,0,1
22000804,2021-04-10 22:00:00,1610612757,1610612765,Regular Season,2021,1,Portland Trail Blazers,Detroit Pistons,0,1
22000803,2021-04-10 22:00:00,1610612756,1610612764,Regular Season,2021,1,Phoenix Suns,Washington Wizards,0,1
22000802,2021-04-10 22:00:00,1610612744,1610612745,Regular Season,2021,1,Golden State Warriors,Houston Rockets,0,1
22000805,2021-04-11 13:00:00,1610612766,1610612737,Regular Season,2021,0,Charlotte Hornets,Atlanta Hawks,0,1
22000806,2021-04-11 15:00:00,1610612743,1610612738,Regular Season,2021,0,Denver Nuggets,Boston Celtics,0,1
22000808,2021-04-11 19:00:00,1610612753,1610612749,Regular Season,2021,0,Orlando Magic,Milwaukee Bucks,0,1
22000807,2021-04-11 19:00:00,1610612739,1610612740,Regular Season,2021,0,Cleveland Cavaliers,New Orleans Pelicans,0,1
22000810,2021-04-11 20:00:00,1610612742,1610612759,Regular Season,2021,0,Dallas Mavericks,San Antonio Spurs,0,1
22000809,2021-04-11 20:00:00,1610612752,1610612761,Regular Season,2021,1,New York Knicks,Toronto Raptors,0,1
22000812,2021-04-11 20:00:00,1610612750,1610612741,Regular Season,2021,1,Minnesota Timberwolves,Chicago Bulls,0,1
22000811,2021-04-11 20:00:00,1610612763,1610612754,Regular Season,2021,0,Memphis Grizzlies,Indiana Pacers,0,1
22000814,2021-04-11 22:00:00,1610612757,1610612748,Regular Season,2021,0,Portland Trail Blazers,Miami Heat,0,1
22000813,2021-04-11 22:00:00,1610612746,1610612765,Regular Season,2021,1,Los Angeles Clippers,Detroit Pistons,0,1
22000818,2021-04-12 19:30:00,1610612742,1610612755,Regular Season,2021,0,Dallas Mavericks,Philadelphia 76ers,0,1
22000815,2021-04-12 19:30:00,1610612752,1610612747,Regular Season,2021,1,New York Knicks,Los Angeles Lakers,0,1
22000816,2021-04-12 20:00:00,1610612753,1610612759,Regular Season,2021,0,Orlando Magic,San Antonio Spurs,0,1
22000820,2021-04-12 21:00:00,1610612762,1610612764,Regular Season,2021,0,Utah Jazz,Washington Wizards,0,1
22000819,2021-04-12 21:00:00,1610612740,1610612758,Regular Season,2021,1,New Orleans Pelicans,Sacramento Kings,0,1
22000278,2021-04-12 21:00:00,1610612763,1610612741,Regular Season,2021,1,Memphis Grizzlies,Chicago Bulls,0,1
22000822,2021-04-12 22:00:00,1610612756,1610612745,Regular Season,2021,1,Phoenix Suns,Houston Rockets,0,1
22000821,2021-04-12 22:00:00,1610612744,1610612743,Regular Season,2021,1,Golden State Warriors,Denver Nuggets,0,1
22000817,2021-04-13 16:00:00,1610612750,1610612751,Regular Season,2021,0,Minnesota Timberwolves,Brooklyn Nets,0,1
22000824,2021-04-13 19:30:00,1610612761,1610612737,Regular Season,2021,0,Toronto Raptors,Atlanta Hawks,0,1
22000823,2021-04-13 19:30:00,1610612754,1610612746,Regular Season,2021,0,Indiana Pacers,Los Angeles Clippers,0,1
22000825,2021-04-13 20:00:00,1610612766,1610612747,Regular Season,2021,0,Charlotte Hornets,Los Angeles Lakers,0,1
22000826,2021-04-13 21:00:00,1610612762,1610612760,Regular Season,2021,1,Utah Jazz,Oklahoma City Thunder,0,1
22000827,2021-04-13 22:00:00,1610612756,1610612748,Regular Season,2021,1,Phoenix Suns,Miami Heat,0,1
22000828,2021-04-13 22:00:00,1610612757,1610612738,Regular Season,2021,0,Portland Trail Blazers,Boston Celtics,0,1
22000834,2021-04-14 16:30:00,1610612750,1610612749,Regular Season,2021,0,Minnesota Timberwolves,Milwaukee Bucks,0,1
22000830,2021-04-14 19:00:00,1610612755,1610612751,Regular Season,2021,1,Philadelphia 76ers,Brooklyn Nets,0,1
22000829,2021-04-14 19:00:00,1610612766,1610612739,Regular Season,2021,0,Charlotte Hornets,Cleveland Cavaliers,0,1
22000831,2021-04-14 19:30:00,1610612761,1610612759,Regular Season,2021,1,Toronto Raptors,San Antonio Spurs,0,1
22000835,2021-04-14 20:00:00,1610612740,1610612752,Regular Season,2021,0,New Orleans Pelicans,New York Knicks,0,1
22000833,2021-04-14 20:00:00,1610612741,1610612753,Regular Season,2021,0,Chicago Bulls,Orlando Magic,0,1
22000832,2021-04-14 20:00:00,1610612765,1610612746,Regular Season,2021,0,Detroit Pistons,Los Angeles Clippers,0,1
22000836,2021-04-14 21:00:00,1610612760,1610612744,Regular Season,2021,0,Oklahoma City Thunder,Golden State Warriors,0,1
22000461,2021-04-14 21:00:00,1610612745,1610612754,Regular Season,2021,0,Houston Rockets,Indiana Pacers,0,1
22000837,2021-04-14 21:30:00,1610612763,1610612742,Regular Season,2021,0,Memphis Grizzlies,Dallas Mavericks,0,1
22000839,2021-04-14 22:00:00,1610612758,1610612764,Regular Season,2021,0,Sacramento Kings,Washington Wizards,0,1
22000838,2021-04-14 22:00:00,1610612743,1610612748,Regular Season,2021,1,Denver Nuggets,Miami Heat,0,1
22000840,2021-04-15 19:30:00,1610612737,1610612749,Regular Season,2021,0,Atlanta Hawks,Milwaukee Bucks,0,1
22000841,2021-04-15 20:00:00,1610612739,1610612744,Regular Season,2021,0,Cleveland Cavaliers,Golden State Warriors,0,1
22000843,2021-04-15 22:00:00,1610612756,1610612758,Regular Season,2021,1,Phoenix Suns,Sacramento Kings,0,1
22000842,2021-04-15 22:00:00,1610612747,1610612738,Regular Season,2021,0,Los Angeles Lakers,Boston Celtics,0,1
22000844,2021-04-16 15:00:00,1610612762,1610612754,Regular Season,2021,1,Utah Jazz,Indiana Pacers,0,1
22000846,2021-04-16 19:00:00,1610612755,1610612746,Regular Season,2021,1,Philadelphia 76ers,Los Angeles Clippers,0,1
22000845,2021-04-16 19:00:00,1610612765,1610612760,Regular Season,2021,1,Detroit Pistons,Oklahoma City Thunder,0,1
22000847,2021-04-16 19:00:00,1610612764,1610612740,Regular Season,2021,1,Washington Wizards,New Orleans Pelicans,0,1
22000849,2021-04-16 19:30:00,1610612761,1610612753,Regular Season,2021,1,Toronto Raptors,Orlando Magic,0,1
22000848,2021-04-16 19:30:00,1610612751,1610612766,Regular Season,2021,1,Brooklyn Nets,Charlotte Hornets,0,1
22000852,2021-04-16 20:00:00,1610612750,1610612748,Regular Season,2021,1,Minnesota Timberwolves,Miami Heat,0,1
22000851,2021-04-16 20:00:00,1610612745,1610612743,Regular Season,2021,0,Houston Rockets,Denver Nuggets,0,1
22000850,2021-04-16 20:00:00,1610612741,1610612763,Regular Season,2021,0,Chicago Bulls,Memphis Grizzlies,0,1
22000853,2021-04-16 20:30:00,1610612759,1610612757,Regular Season,2021,0,San Antonio Spurs,Portland Trail Blazers,0,1
22000854,2021-04-16 21:30:00,1610612742,1610612752,Regular Season,2021,0,Dallas Mavericks,New York Knicks,0,1
22000855,2021-04-17 16:30:00,1610612747,1610612762,Regular Season,2021,1,Los Angeles Lakers,Utah Jazz,0,1
22000857,2021-04-17 20:00:00,1610612741,1610612739,Regular Season,2021,1,Chicago Bulls,Cleveland Cavaliers,0,1
22000856,2021-04-17 20:00:00,1610612764,1610612765,Regular Season,2021,1,Washington Wizards,Detroit Pistons,0,1
22000858,2021-04-17 20:30:00,1610612738,1610612744,Regular Season,2021,1,Boston Celtics,Golden State Warriors,0,1
22000859,2021-04-17 21:00:00,1610612749,1610612763,Regular Season,2021,0,Milwaukee Bucks,Memphis Grizzlies,0,1
22000860,2021-04-17 22:00:00,1610612756,1610612759,Regular Season,2021,0,Phoenix Suns,San Antonio Spurs,0,1
22000862,2021-04-18 13:00:00,1610612752,1610612740,Regular Season,2021,1,New York Knicks,New Orleans Pelicans,0,1
22000861,2021-04-18 13:00:00,1610612737,1610612754,Regular Season,2021,1,Atlanta Hawks,Indiana Pacers,0,1
22000863,2021-04-18 15:30:00,1610612748,1610612751,Regular Season,2021,1,Miami Heat,Brooklyn Nets,0,1
22000865,2021-04-18 19:00:00,1610612761,1610612760,Regular Season,2021,1,Toronto Raptors,Oklahoma City Thunder,0,1
22000864,2021-04-18 19:00:00,1610612753,1610612745,Regular Season,2021,0,Orlando Magic,Houston Rockets,0,1
22000362,2021-04-18 19:00:00,1610612766,1610612757,Regular Season,2021,1,Charlotte Hornets,Portland Trail Blazers,0,1
22000866,2021-04-18 19:30:00,1610612742,1610612758,Regular Season,2021,0,Dallas Mavericks,Sacramento Kings,0,1
22000867,2021-04-18 22:00:00,1610612746,1610612750,Regular Season,2021,1,Los Angeles Clippers,Minnesota Timberwolves,0,1
22000868,2021-04-19 19:00:00,1610612765,1610612739,Regular Season,2021,1,Detroit Pistons,Cleveland Cavaliers,0,1
22000870,2021-04-19 19:30:00,1610612755,1610612744,Regular Season,2021,0,Philadelphia 76ers,Golden State Warriors,0,1
22000869,2021-04-19 19:30:00,1610612738,1610612741,Regular Season,2021,0,Boston Celtics,Chicago Bulls,0,1
22000871,2021-04-19 20:00:00,1610612748,1610612745,Regular Season,2021,1,Miami Heat,Houston Rockets,0,1
22000473,2021-04-19 20:00:00,1610612754,1610612759,Regular Season,2021,0,Indiana Pacers,San Antonio Spurs,0,1
22000873,2021-04-19 20:00:00,1610612749,1610612756,Regular Season,2021,0,Milwaukee Bucks,Phoenix Suns,0,1
22000872,2021-04-19 20:00:00,1610612764,1610612760,Regular Season,2021,1,Washington Wizards,Oklahoma City Thunder,0,1
22000874,2021-04-19 21:00:00,1610612743,1610612763,Regular Season,2021,1,Denver Nuggets,Memphis Grizzlies,0,1
22000875,2021-04-19 22:00:00,1610612747,1610612762,Regular Season,2021,0,Los Angeles Lakers,Utah Jazz,0,1
22000878,2021-04-20 19:30:00,1610612740,1610612751,Regular Season,2021,0,New Orleans Pelicans,Brooklyn Nets,0,1
22000877,2021-04-20 19:30:00,1610612752,1610612766,Regular Season,2021,1,New York Knicks,Charlotte Hornets,0,1
22000876,2021-04-20 19:30:00,1610612737,1610612753,Regular Season,2021,1,Atlanta Hawks,Orlando Magic,0,1
22000880,2021-04-20 22:00:00,1610612758,1610612750,Regular Season,2021,0,Sacramento Kings,Minnesota Timberwolves,0,1
22000879,2021-04-20 22:00:00,1610612757,1610612746,Regular Season,2021,0,Portland Trail Blazers,Los Angeles Clippers,0,1
22000885,2021-04-21 19:00:00,1610612764,1610612744,Regular Season,2021,1,Washington Wizards,Golden State Warriors,0,1
22000884,2021-04-21 19:00:00,1610612761,1610612751,Regular Season,2021,1,Toronto Raptors,Brooklyn Nets,0,1
22000883,2021-04-21 19:00:00,1610612755,1610612756,Regular Season,2021,0,Philadelphia 76ers,Phoenix Suns,0,1
22000882,2021-04-21 19:00:00,1610612754,1610612760,Regular Season,2021,1,Indiana Pacers,Oklahoma City Thunder,0,1
22000881,2021-04-21 19:00:00,1610612739,1610612741,Regular Season,2021,1,Cleveland Cavaliers,Chicago Bulls,0,1
22000887,2021-04-21 20:00:00,1610612745,1610612762,Regular Season,2021,0,Houston Rockets,Utah Jazz,0,1
22000886,2021-04-21 20:00:00,1610612752,1610612737,Regular Season,2021,1,New York Knicks,Atlanta Hawks,0,1
22000888,2021-04-21 20:30:00,1610612759,1610612748,Regular Season,2021,0,San Antonio Spurs,Miami Heat,0,1
22000442,2021-04-21 20:30:00,1610612742,1610612765,Regular Season,2021,1,Dallas Mavericks,Detroit Pistons,0,1
22000891,2021-04-21 22:00:00,1610612758,1610612750,Regular Season,2021,1,Sacramento Kings,Minnesota Timberwolves,0,1
22000890,2021-04-21 22:00:00,1610612757,1610612743,Regular Season,2021,0,Portland Trail Blazers,Denver Nuggets,0,1
22000889,2021-04-21 22:00:00,1610612746,1610612763,Regular Season,2021,1,Los Angeles Clippers,Memphis Grizzlies,0,1
22000894,2021-04-22 19:00:00,1610612749,1610612755,Regular Season,2021,1,Milwaukee Bucks,Philadelphia 76ers,0,1
22000893,2021-04-22 19:00:00,1610612753,1610612740,Regular Season,2021,0,Orlando Magic,New Orleans Pelicans,0,1
22000892,2021-04-22 19:00:00,1610612738,1610612756,Regular Season,2021,1,Boston Celtics,Phoenix Suns,0,1
22000895,2021-04-22 20:30:00,1610612759,1610612765,Regular Season,2021,1,San Antonio Spurs,Detroit Pistons,0,1
22000896,2021-04-22 21:00:00,1610612741,1610612766,Regular Season,2021,1,Chicago Bulls,Charlotte Hornets,0,1
22000897,2021-04-22 21:30:00,1610612742,1610612747,Regular Season,2021,1,Dallas Mavericks,Los Angeles Lakers,0,1
22000899,2021-04-23 19:30:00,1610612751,1610612738,Regular Season,2021,1,Brooklyn Nets,Boston Celtics,0,1
22000898,2021-04-23 19:30:00,1610612737,1610612748,Regular Season,2021,1,Atlanta Hawks,Miami Heat,0,1
22000902,2021-04-23 20:00:00,1610612760,1610612764,Regular Season,2021,0,Oklahoma City Thunder,Washington Wizards,0,1
22000901,2021-04-23 20:00:00,1610612745,1610612746,Regular Season,2021,0,Houston Rockets,Los Angeles Clippers,0,1
22000900,2021-04-23 20:00:00,1610612766,1610612739,Regular Season,2021,1,Charlotte Hornets,Cleveland Cavaliers,0,1
22000903,2021-04-23 22:00:00,1610612744,1610612743,Regular Season,2021,1,Golden State Warriors,Denver Nuggets,0,1
22000225,2021-04-23 22:00:00,1610612757,1610612763,Regular Season,2021,0,Portland Trail Blazers,Memphis Grizzlies,0,1
22000904,2021-04-24 13:00:00,1610612752,1610612761,Regular Season,2021,1,New York Knicks,Toronto Raptors,0,1
22000905,2021-04-24 15:30:00,1610612749,1610612755,Regular Season,2021,1,Milwaukee Bucks,Philadelphia 76ers,0,1
22000906,2021-04-24 19:00:00,1610612754,1610612765,Regular Season,2021,1,Indiana Pacers,Detroit Pistons,0,1
22000907,2021-04-24 20:00:00,1610612748,1610612741,Regular Season,2021,1,Miami Heat,Chicago Bulls,0,1
22000264,2021-04-24 20:00:00,1610612740,1610612759,Regular Season,2021,0,New Orleans Pelicans,San Antonio Spurs,0,1
22000908,2021-04-24 20:30:00,1610612742,1610612747,Regular Season,2021,1,Dallas Mavericks,Los Angeles Lakers,0,1
22000909,2021-04-24 21:00:00,1610612762,1610612750,Regular Season,2021,0,Utah Jazz,Minnesota Timberwolves,0,1
22000910,2021-04-24 22:00:00,1610612743,1610612745,Regular Season,2021,1,Denver Nuggets,Houston Rockets,0,1
22000911,2021-04-25 13:00:00,1610612766,1610612738,Regular Season,2021,1,Charlotte Hornets,Boston Celtics,0,1
22000912,2021-04-25 15:30:00,1610612751,1610612756,Regular Season,2021,1,Brooklyn Nets,Phoenix Suns,0,1
22000240,2021-04-25 16:00:00,1610612757,1610612763,Regular Season,2021,0,Portland Trail Blazers,Memphis Grizzlies,0,1
22000197,2021-04-25 19:00:00,1610612764,1610612739,Regular Season,2021,1,Washington Wizards,Cleveland Cavaliers,0,1
22000913,2021-04-25 19:30:00,1610612737,1610612749,Regular Season,2021,1,Atlanta Hawks,Milwaukee Bucks,0,1
22000914,2021-04-25 20:00:00,1610612753,1610612754,Regular Season,2021,0,Orlando Magic,Indiana Pacers,0,1
22000915,2021-04-25 22:00:00,1610612744,1610612758,Regular Season,2021,1,Golden State Warriors,Sacramento Kings,0,1
22000916,2021-04-26 19:00:00,1610612765,1610612737,Regular Season,2021,1,Detroit Pistons,Atlanta Hawks,0,1
22000918,2021-04-26 19:00:00,1610612755,1610612760,Regular Season,2021,1,Philadelphia 76ers,Oklahoma City Thunder,0,1
22000917,2021-04-26 19:00:00,1610612753,1610612747,Regular Season,2021,0,Orlando Magic,Los Angeles Lakers,0,1
22000919,2021-04-26 19:00:00,1610612764,1610612759,Regular Season,2021,0,Washington Wizards,San Antonio Spurs,0,1
22000921,2021-04-26 19:30:00,1610612761,1610612739,Regular Season,2021,1,Toronto Raptors,Cleveland Cavaliers,0,1
22000920,2021-04-26 19:30:00,1610612752,1610612756,Regular Season,2021,0,New York Knicks,Phoenix Suns,0,1
22000924,2021-04-26 20:00:00,1610612740,1610612746,Regular Season,2021,1,New Orleans Pelicans,Los Angeles Clippers,0,1
22000923,2021-04-26 20:00:00,1610612750,1610612762,Regular Season,2021,1,Minnesota Timberwolves,Utah Jazz,0,1
22000922,2021-04-26 20:00:00,1610612748,1610612741,Regular Season,2021,0,Miami Heat,Chicago Bulls,0,1
22000925,2021-04-26 21:00:00,1610612743,1610612763,Regular Season,2021,1,Denver Nuggets,Memphis Grizzlies,0,1
22000926,2021-04-26 22:00:00,1610612758,1610612742,Regular Season,2021,1,Sacramento Kings,Dallas Mavericks,0,1
22000929,2021-04-27 19:00:00,1610612754,1610612757,Regular Season,2021,0,Indiana Pacers,Portland Trail Blazers,0,1
22000928,2021-04-27 19:00:00,1610612766,1610612749,Regular Season,2021,0,Charlotte Hornets,Milwaukee Bucks,0,1
22000927,2021-04-27 19:00:00,1610612738,1610612760,Regular Season,2021,0,Boston Celtics,Oklahoma City Thunder,0,1
22000930,2021-04-27 19:30:00,1610612761,1610612751,Regular Season,2021,0,Toronto Raptors,Brooklyn Nets,0,1
22000931,2021-04-27 21:00:00,1610612745,1610612750,Regular Season,2021,0,Houston Rockets,Minnesota Timberwolves,0,1
22000932,2021-04-27 21:30:00,1610612744,1610612742,Regular Season,2021,0,Golden State Warriors,Dallas Mavericks,0,1
22000934,2021-04-28 19:00:00,1610612755,1610612737,Regular Season,2021,1,Philadelphia 76ers,Atlanta Hawks,0,1
22000933,2021-04-28 19:00:00,1610612739,1610612753,Regular Season,2021,0,Cleveland Cavaliers,Orlando Magic,0,1
22000937,2021-04-28 19:30:00,1610612752,1610612741,Regular Season,2021,1,New York Knicks,Chicago Bulls,0,1
22000936,2021-04-28 19:30:00,1610612738,1610612766,Regular Season,2021,1,Boston Celtics,Charlotte Hornets,0,1
22000935,2021-04-28 19:30:00,1610612764,1610612747,Regular Season,2021,1,Washington Wizards,Los Angeles Lakers,0,1
22000938,2021-04-28 20:00:00,1610612748,1610612759,Regular Season,2021,1,Miami Heat,San Antonio Spurs,0,1
22000940,2021-04-28 21:00:00,1610612743,1610612740,Regular Season,2021,1,Denver Nuggets,New Orleans Pelicans,0,1
22000939,2021-04-28 21:00:00,1610612763,1610612757,Regular Season,2021,0,Memphis Grizzlies,Portland Trail Blazers,0,1
22000942,2021-04-28 22:00:00,1610612758,1610612762,Regular Season,2021,0,Sacramento Kings,Utah Jazz,0,1
22000941,2021-04-28 22:00:00,1610612756,1610612746,Regular Season,2021,1,Phoenix Suns,Los Angeles Clippers,0,1
22000944,2021-04-29 19:00:00,1610612754,1610612751,Regular Season,2021,0,Indiana Pacers,Brooklyn Nets,0,1
22000943,2021-04-29 19:00:00,1610612765,1610612742,Regular Season,2021,0,Detroit Pistons,Dallas Mavericks,0,1
22000946,2021-04-29 20:00:00,1610612750,1610612744,Regular Season,2021,1,Minnesota Timberwolves,Golden State Warriors,0,1
22000945,2021-04-29 20:00:00,1610612745,1610612749,Regular Season,2021,1,Houston Rockets,Milwaukee Bucks,0,1
22000948,2021-04-29 21:00:00,1610612743,1610612761,Regular Season,2021,1,Denver Nuggets,Toronto Raptors,0,1
22000947,2021-04-29 21:00:00,1610612760,1610612740,Regular Season,2021,0,Oklahoma City Thunder,New Orleans Pelicans,0,1
22000949,2021-04-30 19:00:00,1610612755,1610612737,Regular Season,2021,1,Philadelphia 76ers,Atlanta Hawks,0,1
22000951,2021-04-30 19:30:00,1610612739,1610612764,Regular Season,2021,0,Cleveland Cavaliers,Washington Wizards,0,1
22000950,2021-04-30 19:30:00,1610612738,1610612759,Regular Season,2021,1,Boston Celtics,San Antonio Spurs,0,1
22000953,2021-04-30 20:00:00,1610612763,1610612753,Regular Season,2021,1,Memphis Grizzlies,Orlando Magic,0,1
22000952,2021-04-30 20:00:00,1610612751,1610612757,Regular Season,2021,0,Brooklyn Nets,Portland Trail Blazers,0,1
22000954,2021-04-30 21:00:00,1610612741,1610612749,Regular Season,2021,0,Chicago Bulls,Milwaukee Bucks,0,1
22000955,2021-04-30 22:00:00,1610612756,1610612762,Regular Season,2021,1,Phoenix Suns,Utah Jazz,0,1
22000956,2021-04-30 22:30:00,1610612747,1610612758,Regular Season,2021,0,Los Angeles Lakers,Sacramento Kings,0,1
22000957,2021-05-01 19:00:00,1610612766,1610612765,Regular Season,2021,1,Charlotte Hornets,Detroit Pistons,0,1
22000958,2021-05-01 19:30:00,1610612745,1610612744,Regular Season,2021,0,Houston Rockets,Golden State Warriors,0,1
22000959,2021-05-01 20:00:00,1610612737,1610612741,Regular Season,2021,1,Atlanta Hawks,Chicago Bulls,0,1
22000960,2021-05-01 20:00:00,1610612739,1610612748,Regular Season,2021,0,Cleveland Cavaliers,Miami Heat,0,1
22000962,2021-05-01 20:00:00,1610612750,1610612740,Regular Season,2021,0,Minnesota Timberwolves,New Orleans Pelicans,0,1
22000963,2021-05-01 20:00:00,1610612760,1610612754,Regular Season,2021,0,Oklahoma City Thunder,Indiana Pacers,0,1
22000961,2021-05-01 20:00:00,1610612753,1610612763,Regular Season,2021,1,Orlando Magic,Memphis Grizzlies,0,1
22000964,2021-05-01 21:00:00,1610612742,1610612764,Regular Season,2021,1,Dallas Mavericks,Washington Wizards,0,1
22000966,2021-05-01 22:00:00,1610612746,1610612743,Regular Season,2021,0,Los Angeles Clippers,Denver Nuggets,0,1
22000965,2021-05-01 22:00:00,1610612762,1610612761,Regular Season,2021,1,Utah Jazz,Toronto Raptors,0,1
22000967,2021-05-02 15:30:00,1610612749,1610612751,Regular Season,2021,1,Milwaukee Bucks,Brooklyn Nets,0,1
22000968,2021-05-02 19:30:00,1610612738,1610612757,Regular Season,2021,0,Boston Celtics,Portland Trail Blazers,0,1
22000973,2021-05-02 20:00:00,1610612759,1610612755,Regular Season,2021,0,San Antonio Spurs,Philadelphia 76ers,0,1
22000972,2021-05-02 20:00:00,1610612760,1610612756,Regular Season,2021,0,Oklahoma City Thunder,Phoenix Suns,0,1
22000971,2021-05-02 20:00:00,1610612745,1610612752,Regular Season,2021,0,Houston Rockets,New York Knicks,0,1
22000970,2021-05-02 20:00:00,1610612742,1610612758,Regular Season,2021,0,Dallas Mavericks,Sacramento Kings,0,1
22000969,2021-05-02 20:00:00,1610612766,1610612748,Regular Season,2021,0,Charlotte Hornets,Miami Heat,0,1
22000974,2021-05-02 22:00:00,1610612747,1610612761,Regular Season,2021,0,Los Angeles Lakers,Toronto Raptors,0,1
22000976,2021-05-03 19:00:00,1610612764,1610612754,Regular Season,2021,1,Washington Wizards,Indiana Pacers,0,1
22000975,2021-05-03 19:00:00,1610612765,1610612753,Regular Season,2021,0,Detroit Pistons,Orlando Magic,0,1
22000977,2021-05-03 19:30:00,1610612740,1610612744,Regular Season,2021,0,New Orleans Pelicans,Golden State Warriors,0,1
22000978,2021-05-03 20:00:00,1610612737,1610612757,Regular Season,2021,1,Atlanta Hawks,Portland Trail Blazers,0,1
22000979,2021-05-03 21:00:00,1610612741,1610612755,Regular Season,2021,0,Chicago Bulls,Philadelphia 76ers,0,1
22000980,2021-05-03 21:00:00,1610612763,1610612752,Regular Season,2021,0,Memphis Grizzlies,New York Knicks,0,1
22000982,2021-05-03 22:00:00,1610612747,1610612743,Regular Season,2021,1,Los Angeles Lakers,Denver Nuggets,0,1
22000981,2021-05-03 22:00:00,1610612762,1610612759,Regular Season,2021,1,Utah Jazz,San Antonio Spurs,0,1
22000984,2021-05-04 19:00:00,1610612765,1610612766,Regular Season,2021,0,Detroit Pistons,Charlotte Hornets,0,1
22000983,2021-05-04 19:00:00,1610612739,1610612756,Regular Season,2021,0,Cleveland Cavaliers,Phoenix Suns,0,1
22000985,2021-05-04 19:30:00,1610612749,1610612751,Regular Season,2021,1,Milwaukee Bucks,Brooklyn Nets,0,1
22000988,2021-05-04 20:00:00,1610612760,1610612758,Regular Season,2021,0,Oklahoma City Thunder,Sacramento Kings,0,1
22000987,2021-05-04 20:00:00,1610612740,1610612744,Regular Season,2021,1,New Orleans Pelicans,Golden State Warriors,0,1
22000986,2021-05-04 20:00:00,1610612748,1610612742,Regular Season,2021,0,Miami Heat,Dallas Mavericks,0,1
22000989,2021-05-04 22:00:00,1610612746,1610612761,Regular Season,2021,1,Los Angeles Clippers,Toronto Raptors,0,1
22000990,2021-05-05 19:00:00,1610612753,1610612738,Regular Season,2021,0,Orlando Magic,Boston Celtics,0,1
22000991,2021-05-05 19:30:00,1610612739,1610612757,Regular Season,2021,0,Cleveland Cavaliers,Portland Trail Blazers,0,1
22000183,2021-05-05 20:00:00,1610612750,1610612763,Regular Season,2021,0,Minnesota Timberwolves,Memphis Grizzlies,0,1
22000235,2021-05-05 20:00:00,1610612749,1610612764,Regular Season,2021,1,Milwaukee Bucks,Washington Wizards,0,1
22000992,2021-05-05 20:00:00,1610612737,1610612756,Regular Season,2021,1,Atlanta Hawks,Phoenix Suns,0,1
22000994,2021-05-05 20:00:00,1610612745,1610612755,Regular Season,2021,0,Houston Rockets,Philadelphia 76ers,0,1
22000993,2021-05-05 20:00:00,1610612754,1610612758,Regular Season,2021,0,Indiana Pacers,Sacramento Kings,0,1
22000995,2021-05-05 21:00:00,1610612743,1610612752,Regular Season,2021,1,Denver Nuggets,New York Knicks,0,1
22000996,2021-05-05 21:00:00,1610612762,1610612759,Regular Season,2021,1,Utah Jazz,San Antonio Spurs,0,1
22000434,2021-05-06 19:00:00,1610612766,1610612741,Regular Season,2021,0,Charlotte Hornets,Chicago Bulls,0,1
22000998,2021-05-06 19:30:00,1610612742,1610612751,Regular Season,2021,1,Dallas Mavericks,Brooklyn Nets,0,1
22000997,2021-05-06 19:30:00,1610612761,1610612764,Regular Season,2021,0,Toronto Raptors,Washington Wizards,0,1
22001000,2021-05-06 20:00:00,1610612754,1610612737,Regular Season,2021,1,Indiana Pacers,Atlanta Hawks,0,1
22000999,2021-05-06 20:00:00,1610612765,1610612763,Regular Season,2021,1,Detroit Pistons,Memphis Grizzlies,0,1
22001002,2021-05-06 22:00:00,1610612746,1610612747,Regular Season,2021,1,Los Angeles Clippers,Los Angeles Lakers,0,1
22001001,2021-05-06 22:00:00,1610612744,1610612760,Regular Season,2021,1,Golden State Warriors,Oklahoma City Thunder,0,1
22001003,2021-05-07 19:00:00,1610612755,1610612740,Regular Season,2021,1,Philadelphia 76ers,New Orleans Pelicans,0,1
22000160,2021-05-07 19:30:00,1610612741,1610612738,Regular Season,2021,1,Chicago Bulls,Boston Celtics,0,1
22001004,2021-05-07 20:00:00,1610612766,1610612753,Regular Season,2021,1,Charlotte Hornets,Orlando Magic,0,1
22001006,2021-05-07 20:00:00,1610612749,1610612745,Regular Season,2021,1,Milwaukee Bucks,Houston Rockets,0,1
22001005,2021-05-07 20:00:00,1610612748,1610612750,Regular Season,2021,1,Miami Heat,Minnesota Timberwolves,0,1
22001007,2021-05-07 20:30:00,1610612742,1610612739,Regular Season,2021,1,Dallas Mavericks,Cleveland Cavaliers,0,1
22001008,2021-05-07 21:00:00,1610612762,1610612743,Regular Season,2021,1,Utah Jazz,Denver Nuggets,0,1
22001011,2021-05-07 22:00:00,1610612758,1610612759,Regular Season,2021,0,Sacramento Kings,San Antonio Spurs,0,1
22001010,2021-05-07 22:00:00,1610612757,1610612747,Regular Season,2021,1,Portland Trail Blazers,Los Angeles Lakers,0,1
22001009,2021-05-07 22:00:00,1610612756,1610612752,Regular Season,2021,1,Phoenix Suns,New York Knicks,0,1
22001013,2021-05-08 19:00:00,1610612755,1610612765,Regular Season,2021,1,Philadelphia 76ers,Detroit Pistons,0,1
22001012,2021-05-08 19:00:00,1610612754,1610612764,Regular Season,2021,0,Indiana Pacers,Washington Wizards,0,1
22001014,2021-05-08 19:30:00,1610612761,1610612763,Regular Season,2021,0,Toronto Raptors,Memphis Grizzlies,0,1
22001018,2021-05-08 22:00:00,1610612757,1610612759,Regular Season,2021,1,Portland Trail Blazers,San Antonio Spurs,0,1
22001017,2021-05-08 22:00:00,1610612744,1610612760,Regular Season,2021,1,Golden State Warriors,Oklahoma City Thunder,0,1
22001016,2021-05-08 22:00:00,1610612762,1610612745,Regular Season,2021,1,Utah Jazz,Houston Rockets,0,1
22001015,2021-05-08 22:00:00,1610612743,1610612751,Regular Season,2021,0,Denver Nuggets,Brooklyn Nets,0,1
22000145,2021-05-09 13:00:00,1610612738,1610612748,Regular Season,2021,0,Boston Celtics,Miami Heat,0,1
22001019,2021-05-09 15:30:00,1610612746,1610612752,Regular Season,2021,0,Los Angeles Clippers,New York Knicks,0,1
22001020,2021-05-09 19:00:00,1610612766,1610612740,Regular Season,2021,0,Charlotte Hornets,New Orleans Pelicans,0,1
22001022,2021-05-09 19:00:00,1610612753,1610612750,Regular Season,2021,0,Orlando Magic,Minnesota Timberwolves,0,1
22001021,2021-05-09 19:00:00,1610612739,1610612742,Regular Season,2021,0,Cleveland Cavaliers,Dallas Mavericks,0,1
22001023,2021-05-09 20:00:00,1610612765,1610612741,Regular Season,2021,0,Detroit Pistons,Chicago Bulls,0,1
22001025,2021-05-09 22:00:00,1610612758,1610612760,Regular Season,2021,1,Sacramento Kings,Oklahoma City Thunder,0,1
22001024,2021-05-09 22:00:00,1610612747,1610612756,Regular Season,2021,1,Los Angeles Lakers,Phoenix Suns,0,1
22001027,2021-05-10 19:30:00,1610612739,1610612754,Regular Season,2021,0,Cleveland Cavaliers,Indiana Pacers,0,1
22001026,2021-05-10 19:30:00,1610612737,1610612764,Regular Season,2021,1,Atlanta Hawks,Washington Wizards,0,1
22001028,2021-05-10 20:00:00,1610612763,1610612740,Regular Season,2021,1,Memphis Grizzlies,New Orleans Pelicans,0,1
22001029,2021-05-10 20:30:00,1610612759,1610612749,Regular Season,2021,1,San Antonio Spurs,Milwaukee Bucks,0,1
22001031,2021-05-10 22:00:00,1610612757,1610612745,Regular Season,2021,1,Portland Trail Blazers,Houston Rockets,0,1
22001030,2021-05-10 22:00:00,1610612744,1610612762,Regular Season,2021,1,Golden State Warriors,Utah Jazz,0,1
22001033,2021-05-11 19:00:00,1610612765,1610612750,Regular Season,2021,0,Detroit Pistons,Minnesota Timberwolves,0,1
22000448,2021-05-11 19:00:00,1610612766,1610612743,Regular Season,2021,0,Charlotte Hornets,Denver Nuggets,0,1
22001034,2021-05-11 19:30:00,1610612761,1610612746,Regular Season,2021,0,Toronto Raptors,Los Angeles Clippers,0,1
22001032,2021-05-11 19:30:00,1610612738,1610612748,Regular Season,2021,0,Boston Celtics,Miami Heat,0,1
22001036,2021-05-11 20:00:00,1610612741,1610612751,Regular Season,2021,0,Chicago Bulls,Brooklyn Nets,0,1
22001035,2021-05-11 20:00:00,1610612754,1610612755,Regular Season,2021,1,Indiana Pacers,Philadelphia 76ers,0,1
22001037,2021-05-11 20:00:00,1610612763,1610612742,Regular Season,2021,1,Memphis Grizzlies,Dallas Mavericks,0,1
22001038,2021-05-11 21:00:00,1610612749,1610612753,Regular Season,2021,1,Milwaukee Bucks,Orlando Magic,0,1
22001041,2021-05-11 22:00:00,1610612747,1610612752,Regular Season,2021,1,Los Angeles Lakers,New York Knicks,0,1
22001040,2021-05-11 22:00:00,1610612758,1610612760,Regular Season,2021,1,Sacramento Kings,Oklahoma City Thunder,0,1
22001039,2021-05-11 22:00:00,1610612744,1610612756,Regular Season,2021,1,Golden State Warriors,Phoenix Suns,0,1
22001042,2021-05-12 19:00:00,1610612737,1610612764,Regular Season,2021,1,Atlanta Hawks,Washington Wizards,0,1
22001044,2021-05-12 20:00:00,1610612739,1610612738,Regular Season,2021,1,Cleveland Cavaliers,Boston Celtics,0,1
22001043,2021-05-12 20:00:00,1610612751,1610612759,Regular Season,2021,1,Brooklyn Nets,San Antonio Spurs,0,1
22000154,2021-05-12 21:00:00,1610612742,1610612740,Regular Season,2021,1,Dallas Mavericks,New Orleans Pelicans,0,1
22001045,2021-05-12 21:30:00,1610612762,1610612757,Regular Season,2021,0,Utah Jazz,Portland Trail Blazers,0,1
22001046,2021-05-12 22:30:00,1610612747,1610612745,Regular Season,2021,1,Los Angeles Lakers,Houston Rockets,0,1
22001048,2021-05-13 19:00:00,1610612754,1610612749,Regular Season,2021,0,Indiana Pacers,Milwaukee Bucks,0,1
22001047,2021-05-13 19:00:00,1610612766,1610612746,Regular Season,2021,0,Charlotte Hornets,Los Angeles Clippers,0,1
22001050,2021-05-13 19:30:00,1610612748,1610612755,Regular Season,2021,1,Miami Heat,Philadelphia 76ers,0,1
22001049,2021-05-13 19:30:00,1610612737,1610612753,Regular Season,2021,1,Atlanta Hawks,Orlando Magic,0,1
22000458,2021-05-13 19:30:00,1610612752,1610612759,Regular Season,2021,1,New York Knicks,San Antonio Spurs,0,1
22001052,2021-05-13 20:00:00,1610612750,1610612743,Regular Season,2021,0,Minnesota Timberwolves,Denver Nuggets,0,1
22001051,2021-05-13 20:00:00,1610612741,1610612761,Regular Season,2021,1,Chicago Bulls,Toronto Raptors,0,1
22000255,2021-05-13 20:00:00,1610612763,1610612758,Regular Season,2021,1,Memphis Grizzlies,Sacramento Kings,0,1
22001053,2021-05-13 22:00:00,1610612756,1610612757,Regular Season,2021,1,Phoenix Suns,Portland Trail Blazers,0,1
22000204,2021-05-14 19:00:00,1610612764,1610612739,Regular Season,2021,1,Washington Wizards,Cleveland Cavaliers,0,1
22001056,2021-05-14 20:00:00,1610612760,1610612762,Regular Season,2021,0,Oklahoma City Thunder,Utah Jazz,0,1
22001055,2021-05-14 20:00:00,1610612755,1610612753,Regular Season,2021,1,Philadelphia 76ers,Orlando Magic,0,1
22001054,2021-05-14 20:00:00,1610612765,1610612743,Regular Season,2021,0,Detroit Pistons,Denver Nuggets,0,1
22000263,2021-05-14 21:00:00,1610612763,1610612758,Regular Season,2021,1,Memphis Grizzlies,Sacramento Kings,0,1
22001058,2021-05-14 21:00:00,1610612745,1610612746,Regular Season,2021,1,Houston Rockets,Los Angeles Clippers,0,1
22001057,2021-05-14 21:00:00,1610612742,1610612761,Regular Season,2021,1,Dallas Mavericks,Toronto Raptors,0,1
22001059,2021-05-14 21:30:00,1610612744,1610612740,Regular Season,2021,1,Golden State Warriors,New Orleans Pelicans,0,1
22001064,2021-05-15 13:00:00,1610612752,1610612766,Regular Season,2021,1,New York Knicks,Charlotte Hornets,0,1
22001061,2021-05-15 13:00:00,1610612754,1610612747,Regular Season,2021,0,Indiana Pacers,Los Angeles Lakers,0,1
22001060,2021-05-15 13:00:00,1610612751,1610612741,Regular Season,2021,1,Brooklyn Nets,Chicago Bulls,0,1
22001065,2021-05-15 14:00:00,1610612759,1610612756,Regular Season,2021,0,San Antonio Spurs,Phoenix Suns,0,1
22001063,2021-05-15 14:00:00,1610612750,1610612738,Regular Season,2021,0,Minnesota Timberwolves,Boston Celtics,0,1
22001062,2021-05-15 20:00:00,1610612749,1610612748,Regular Season,2021,1,Milwaukee Bucks,Miami Heat,0,1
22001080,2021-05-16 13:00:00,1610612764,1610612766,Regular Season,2021,1,Washington Wizards,Charlotte Hornets,0,1
22001079,2021-05-16 13:00:00,1610612761,1610612754,Regular Season,2021,0,Toronto Raptors,Indiana Pacers,0,1
22001073,2021-05-16 13:00:00,1610612752,1610612738,Regular Season,2021,1,New York Knicks,Boston Celtics,0,1
22001078,2021-05-16 14:00:00,1610612759,1610612756,Regular Season,2021,0,San Antonio Spurs,Phoenix Suns,0,1
22001070,2021-05-16 15:30:00,1610612744,1610612763,Regular Season,2021,1,Golden State Warriors,Memphis Grizzlies,0,1
22001066,2021-05-16 19:00:00,1610612737,1610612745,Regular Season,2021,1,Atlanta Hawks,Houston Rockets,0,1
22001067,2021-05-16 19:00:00,1610612751,1610612739,Regular Season,2021,1,Brooklyn Nets,Cleveland Cavaliers,0,1
22001075,2021-05-16 19:00:00,1610612755,1610612753,Regular Season,2021,1,Philadelphia 76ers,Orlando Magic,0,1
22001069,2021-05-16 20:00:00,1610612765,1610612748,Regular Season,2021,0,Detroit Pistons,Miami Heat,0,1
22001076,2021-05-16 21:00:00,1610612757,1610612743,Regular Season,2021,1,Portland Trail Blazers,Denver Nuggets,0,1
22001068,2021-05-16 21:00:00,1610612741,1610612749,Regular Season,2021,1,Chicago Bulls,Milwaukee Bucks,0,1
22001071,2021-05-16 21:00:00,1610612750,1610612742,Regular Season,2021,1,Minnesota Timberwolves,Dallas Mavericks,0,1
22001077,2021-05-16 21:00:00,1610612758,1610612762,Regular Season,2021,0,Sacramento Kings,Utah Jazz,0,1
22001074,2021-05-16 21:00:00,1610612760,1610612746,Regular Season,2021,1,Oklahoma City Thunder,Los Angeles Clippers,0,1
22001072,2021-05-16 21:00:00,1610612740,1610612747,Regular Season,2021,0,New Orleans Pelicans,Los Angeles Lakers,0,1
52000111,2021-05-18 18:30:00,1610612754,1610612766,Play-in Tournament,2021,1,Indiana Pacers,Charlotte Hornets,1,1
52000101,2021-05-18 21:00:00,1610612738,1610612764,Play-in Tournament,2021,1,Boston Celtics,Washington Wizards,1,1
52000131,2021-05-19 19:30:00,1610612763,1610612759,Play-in Tournament,2021,1,Memphis Grizzlies,San Antonio Spurs,1,1
52000121,2021-05-19 22:00:00,1610612747,1610612744,Play-in Tournament,2021,1,Los Angeles Lakers,Golden State Warriors,1,1
52000201,2021-05-20 20:00:00,1610612764,1610612754,Play-in Tournament,2021,1,Washington Wizards,Indiana Pacers,1,1
52000211,2021-05-21 21:00:00,1610612744,1610612763,Play-in Tournament,2021,0,Golden State Warriors,Memphis Grizzlies,1,1
42000121,2021-05-22 14:00:00,1610612749,1610612748,Playoffs,2021,1,Milwaukee Bucks,Miami Heat,1,1
42000171,2021-05-22 16:30:00,1610612746,1610612742,Playoffs,2021,0,Los Angeles Clippers,Dallas Mavericks,1,1
42000111,2021-05-22 20:00:00,1610612751,1610612738,Playoffs,2021,1,Brooklyn Nets,Boston Celtics,1,1
42000161,2021-05-22 22:30:00,1610612743,1610612757,Playoffs,2021,0,Denver Nuggets,Portland Trail Blazers,1,1
42000101,2021-05-23 13:00:00,1610612755,1610612764,Playoffs,2021,1,Philadelphia 76ers,Washington Wizards,1,1
42000151,2021-05-23 15:30:00,1610612756,1610612747,Playoffs,2021,1,Phoenix Suns,Los Angeles Lakers,1,1
42000131,2021-05-23 19:00:00,1610612752,1610612737,Playoffs,2021,0,New York Knicks,Atlanta Hawks,1,1
42000141,2021-05-23 21:30:00,1610612762,1610612763,Playoffs,2021,0,Utah Jazz,Memphis Grizzlies,1,1
42000122,2021-05-24 19:30:00,1610612749,1610612748,Playoffs,2021,1,Milwaukee Bucks,Miami Heat,1,1
42000162,2021-05-24 22:00:00,1610612743,1610612757,Playoffs,2021,1,Denver Nuggets,Portland Trail Blazers,1,1
42000112,2021-05-25 19:30:00,1610612751,1610612738,Playoffs,2021,1,Brooklyn Nets,Boston Celtics,1,1
42000152,2021-05-25 22:00:00,1610612756,1610612747,Playoffs,2021,0,Phoenix Suns,Los Angeles Lakers,1,1
42000172,2021-05-25 22:30:00,1610612746,1610612742,Playoffs,2021,0,Los Angeles Clippers,Dallas Mavericks,1,1
42000102,2021-05-26 19:00:00,1610612755,1610612764,Playoffs,2021,1,Philadelphia 76ers,Washington Wizards,1,1
42000132,2021-05-26 19:30:00,1610612752,1610612737,Playoffs,2021,1,New York Knicks,Atlanta Hawks,1,1
42000142,2021-05-26 22:00:00,1610612762,1610612763,Playoffs,2021,1,Utah Jazz,Memphis Grizzlies,1,1
42000123,2021-05-27 19:30:00,1610612748,1610612749,Playoffs,2021,0,Miami Heat,Milwaukee Bucks,1,1
42000153,2021-05-27 22:00:00,1610612747,1610612756,Playoffs,2021,1,Los Angeles Lakers,Phoenix Suns,1,1
42000163,2021-05-27 22:30:00,1610612757,1610612743,Playoffs,2021,0,Portland Trail Blazers,Denver Nuggets,1,1
42000133,2021-05-28 19:00:00,1610612737,1610612752,Playoffs,2021,1,Atlanta Hawks,New York Knicks,1,1
42000113,2021-05-28 20:30:00,1610612738,1610612751,Playoffs,2021,1,Boston Celtics,Brooklyn Nets,1,1
42000173,2021-05-28 21:30:00,1610612742,1610612746,Playoffs,2021,0,Dallas Mavericks,Los Angeles Clippers,1,1
42000124,2021-05-29 13:30:00,1610612748,1610612749,Playoffs,2021,0,Miami Heat,Milwaukee Bucks,1,1
42000164,2021-05-29 16:00:00,1610612757,1610612743,Playoffs,2021,1,Portland Trail Blazers,Denver Nuggets,1,1
42000103,2021-05-29 19:00:00,1610612764,1610612755,Playoffs,2021,0,Washington Wizards,Philadelphia 76ers,1,1
42000143,2021-05-29 21:30:00,1610612763,1610612762,Playoffs,2021,0,Memphis Grizzlies,Utah Jazz,1,1
42000134,2021-05-30 13:00:00,1610612737,1610612752,Playoffs,2021,1,Atlanta Hawks,New York Knicks,1,1
42000154,2021-05-30 15:30:00,1610612747,1610612756,Playoffs,2021,0,Los Angeles Lakers,Phoenix Suns,1,1
42000114,2021-05-30 19:00:00,1610612738,1610612751,Playoffs,2021,0,Boston Celtics,Brooklyn Nets,1,1
42000174,2021-05-30 21:30:00,1610612742,1610612746,Playoffs,2021,0,Dallas Mavericks,Los Angeles Clippers,1,1
42000104,2021-05-31 19:00:00,1610612764,1610612755,Playoffs,2021,1,Washington Wizards,Philadelphia 76ers,1,1
42000144,2021-05-31 21:30:00,1610612763,1610612762,Playoffs,2021,0,Memphis Grizzlies,Utah Jazz,1,1
42000115,2021-06-01 19:30:00,1610612751,1610612738,Playoffs,2021,1,Brooklyn Nets,Boston Celtics,1,1
42000165,2021-06-01 21:00:00,1610612743,1610612757,Playoffs,2021,1,Denver Nuggets,Portland Trail Blazers,1,1
42000155,2021-06-01 22:00:00,1610612756,1610612747,Playoffs,2021,1,Phoenix Suns,Los Angeles Lakers,1,1
42000105,2021-06-02 19:00:00,1610612755,1610612764,Playoffs,2021,1,Philadelphia 76ers,Washington Wizards,1,1
42000135,2021-06-02 19:30:00,1610612752,1610612737,Playoffs,2021,0,New York Knicks,Atlanta Hawks,1,1
42000145,2021-06-02 21:30:00,1610612762,1610612763,Playoffs,2021,1,Utah Jazz,Memphis Grizzlies,1,1
42000175,2021-06-02 22:00:00,1610612746,1610612742,Playoffs,2021,0,Los Angeles Clippers,Dallas Mavericks,1,1
42000166,2021-06-03 20:00:00,1610612757,1610612743,Playoffs,2021,0,Portland Trail Blazers,Denver Nuggets,1,1
42000156,2021-06-03 22:30:00,1610612747,1610612756,Playoffs,2021,0,Los Angeles Lakers,Phoenix Suns,1,1
42000176,2021-06-04 21:00:00,1610612742,1610612746,Playoffs,2021,0,Dallas Mavericks,Los Angeles Clippers,1,1
42000211,2021-06-05 19:30:00,1610612751,1610612749,Playoffs,2021,1,Brooklyn Nets,Milwaukee Bucks,1,1
42000201,2021-06-06 13:00:00,1610612755,1610612737,Playoffs,2021,0,Philadelphia 76ers,Atlanta Hawks,1,1
42000177,2021-06-06 15:30:00,1610612746,1610612742,Playoffs,2021,1,Los Angeles Clippers,Dallas Mavericks,1,1
42000212,2021-06-07 19:30:00,1610612751,1610612749,Playoffs,2021,1,Brooklyn Nets,Milwaukee Bucks,1,1
42000231,2021-06-07 22:00:00,1610612756,1610612743,Playoffs,2021,1,Phoenix Suns,Denver Nuggets,1,1
42000202,2021-06-08 19:30:00,1610612755,1610612737,Playoffs,2021,1,Philadelphia 76ers,Atlanta Hawks,1,1
42000221,2021-06-08 22:00:00,1610612762,1610612746,Playoffs,2021,1,Utah Jazz,Los Angeles Clippers,1,1
42000232,2021-06-09 21:30:00,1610612756,1610612743,Playoffs,2021,1,Phoenix Suns,Denver Nuggets,1,1
42000213,2021-06-10 19:30:00,1610612749,1610612751,Playoffs,2021,1,Milwaukee Bucks,Brooklyn Nets,1,1
42000222,2021-06-10 22:00:00,1610612762,1610612746,Playoffs,2021,1,Utah Jazz,Los Angeles Clippers,1,1
42000203,2021-06-11 19:30:00,1610612737,1610612755,Playoffs,2021,0,Atlanta Hawks,Philadelphia 76ers,1,1
42000233,2021-06-11 22:00:00,1610612743,1610612756,Playoffs,2021,0,Denver Nuggets,Phoenix Suns,1,1
42000223,2021-06-12 20:30:00,1610612746,1610612762,Playoffs,2021,1,Los Angeles Clippers,Utah Jazz,1,1
42000214,2021-06-13 15:00:00,1610612749,1610612751,Playoffs,2021,1,Milwaukee Bucks,Brooklyn Nets,1,1
42000234,2021-06-13 20:00:00,1610612743,1610612756,Playoffs,2021,0,Denver Nuggets,Phoenix Suns,1,1
42000204,2021-06-14 19:30:00,1610612737,1610612755,Playoffs,2021,1,Atlanta Hawks,Philadelphia 76ers,1,1
42000224,2021-06-14 22:00:00,1610612746,1610612762,Playoffs,2021,1,Los Angeles Clippers,Utah Jazz,1,1
42000215,2021-06-15 20:30:00,1610612751,1610612749,Playoffs,2021,1,Brooklyn Nets,Milwaukee Bucks,1,1
42000205,2021-06-16 19:30:00,1610612755,1610612737,Playoffs,2021,0,Philadelphia 76ers,Atlanta Hawks,1,1
42000225,2021-06-16 22:00:00,1610612762,1610612746,Playoffs,2021,0,Utah Jazz,Los Angeles Clippers,1,1
42000216,2021-06-17 20:30:00,1610612749,1610612751,Playoffs,2021,1,Milwaukee Bucks,Brooklyn Nets,1,1
42000206,2021-06-18 19:30:00,1610612737,1610612755,Playoffs,2021,0,Atlanta Hawks,Philadelphia 76ers,1,1
42000226,2021-06-18 22:00:00,1610612746,1610612762,Playoffs,2021,1,Los Angeles Clippers,Utah Jazz,1,1
42000217,2021-06-19 20:30:00,1610612751,1610612749,Playoffs,2021,0,Brooklyn Nets,Milwaukee Bucks,1,1
42000311,2021-06-20 15:30:00,1610612756,1610612746,Playoffs,2021,1,Phoenix Suns,Los Angeles Clippers,1,1
42000207,2021-06-20 20:00:00,1610612755,1610612737,Playoffs,2021,0,Philadelphia 76ers,Atlanta Hawks,1,1
42000312,2021-06-22 21:00:00,1610612756,1610612746,Playoffs,2021,1,Phoenix Suns,Los Angeles Clippers,1,1
42000301,2021-06-23 20:30:00,1610612749,1610612737,Playoffs,2021,0,Milwaukee Bucks,Atlanta Hawks,1,1
42000313,2021-06-24 21:00:00,1610612746,1610612756,Playoffs,2021,1,Los Angeles Clippers,Phoenix Suns,1,1
42000302,2021-06-25 20:30:00,1610612749,1610612737,Playoffs,2021,1,Milwaukee Bucks,Atlanta Hawks,1,1
42000314,2021-06-26 21:00:00,1610612746,1610612756,Playoffs,2021,0,Los Angeles Clippers,Phoenix Suns,1,1
42000303,2021-06-27 20:30:00,1610612737,1610612749,Playoffs,2021,0,Atlanta Hawks,Milwaukee Bucks,1,1
42000315,2021-06-28 21:00:00,1610612756,1610612746,Playoffs,2021,0,Phoenix Suns,Los Angeles Clippers,1,1
42000304,2021-06-29 20:30:00,1610612737,1610612749,Playoffs,2021,1,Atlanta Hawks,Milwaukee Bucks,1,1
42000316,2021-06-30 21:00:00,1610612746,1610612756,Playoffs,2021,0,Los Angeles Clippers,Phoenix Suns,1,1
42000305,2021-07-01 20:30:00,1610612749,1610612737,Playoffs,2021,1,Milwaukee Bucks,Atlanta Hawks,1,1
42000306,2021-07-03 20:30:00,1610612737,1610612749,Playoffs,2021,0,Atlanta Hawks,Milwaukee Bucks,1,1
42000401,2021-07-06 21:00:00,1610612756,1610612749,Playoffs,2021,1,Phoenix Suns,Milwaukee Bucks,1,1
42000402,2021-07-08 21:00:00,1610612756,1610612749,Playoffs,2021,1,Phoenix Suns,Milwaukee Bucks,1,1
42000403,2021-07-11 20:00:00,1610612749,1610612756,Playoffs,2021,1,Milwaukee Bucks,Phoenix Suns,1,1
42000404,2021-07-14 21:00:00,1610612749,1610612756,Playoffs,2021,1,Milwaukee Bucks,Phoenix Suns,1,1
42000405,2021-07-17 21:00:00,1610612756,1610612749,Playoffs,2021,0,Phoenix Suns,Milwaukee Bucks,1,1
42000406,2021-07-20 21:00:00,1610612749,1610612756,Playoffs,2021,1,Milwaukee Bucks,Phoenix Suns,1,1
12100001,2021-10-03 15:30:00,1610612747,1610612751,Preseason,2021,0,Los Angeles Lakers,Brooklyn Nets,1,1
12100002,2021-10-04 19:00:00,1610612761,1610612755,Preseason,2021,1,Toronto Raptors,Philadelphia 76ers,1,1
12100003,2021-10-04 19:30:00,1610612738,1610612753,Preseason,2021,1,Boston Celtics,Orlando Magic,1,1
12100004,2021-10-04 19:30:00,1610612748,1610612737,Preseason,2021,1,Miami Heat,Atlanta Hawks,1,1
12100005,2021-10-04 20:00:00,1610612750,1610612740,Preseason,2021,1,Minnesota Timberwolves,New Orleans Pelicans,1,1
12100006,2021-10-04 20:00:00,1610612760,1610612766,Preseason,2021,0,Oklahoma City Thunder,Charlotte Hornets,1,1
12100007,2021-10-04 20:30:00,1610612759,1610612762,Preseason,2021,1,San Antonio Spurs,Utah Jazz,1,1
12100009,2021-10-04 22:00:00,1610612758,1610612756,Preseason,2021,1,Sacramento Kings,Phoenix Suns,1,1
12100008,2021-10-04 22:00:00,1610612757,1610612744,Preseason,2021,0,Portland Trail Blazers,Golden State Warriors,1,1
12100010,2021-10-04 22:30:00,1610612746,1610612743,Preseason,2021,1,Los Angeles Clippers,Denver Nuggets,1,1
12100011,2021-10-05 19:30:00,1610612752,1610612754,Preseason,2021,1,New York Knicks,Indiana Pacers,1,1
12100014,2021-10-05 20:00:00,1610612763,1610612749,Preseason,2021,1,Memphis Grizzlies,Milwaukee Bucks,1,1
12100013,2021-10-05 20:00:00,1610612745,1610612764,Preseason,2021,1,Houston Rockets,Washington Wizards,1,1
12100012,2021-10-05 20:00:00,1610612741,1610612739,Preseason,2021,1,Chicago Bulls,Cleveland Cavaliers,1,1
12100020,2021-10-06 18:00:00,1610612756,1610612747,Preseason,2021,1,Phoenix Suns,Los Angeles Lakers,1,1
12100015,2021-10-06 19:00:00,1610612765,1610612759,Preseason,2021,1,Detroit Pistons,San Antonio Spurs,1,1
12100016,2021-10-06 19:30:00,1610612737,1610612739,Preseason,2021,0,Atlanta Hawks,Cleveland Cavaliers,1,1
12100017,2021-10-06 20:00:00,1610612740,1610612753,Preseason,2021,1,New Orleans Pelicans,Orlando Magic,1,1
12100018,2021-10-06 20:30:00,1610612742,1610612762,Preseason,2021,1,Dallas Mavericks,Utah Jazz,1,1
12100019,2021-10-06 22:00:00,1610612744,1610612743,Preseason,2021,1,Golden State Warriors,Denver Nuggets,1,1
12100021,2021-10-06 22:30:00,1610612746,1610612758,Preseason,2021,0,Los Angeles Clippers,Sacramento Kings,1,1
12100023,2021-10-07 19:00:00,1610612755,1610612761,Preseason,2021,1,Philadelphia 76ers,Toronto Raptors,1,1
12100022,2021-10-07 19:00:00,1610612766,1610612763,Preseason,2021,0,Charlotte Hornets,Memphis Grizzlies,1,1
12100024,2021-10-07 22:00:00,1610612745,1610612748,Preseason,2021,0,Houston Rockets,Miami Heat,1,1
12100025,2021-10-08 19:00:00,1610612739,1610612754,Preseason,2021,0,Cleveland Cavaliers,Indiana Pacers,1,1
12100026,2021-10-08 19:30:00,1610612751,1610612749,Preseason,2021,1,Brooklyn Nets,Milwaukee Bucks,1,1
12100027,2021-10-08 20:00:00,1610612741,1610612740,Preseason,2021,1,Chicago Bulls,New Orleans Pelicans,1,1
12100029,2021-10-08 20:30:00,1610612759,1610612748,Preseason,2021,0,San Antonio Spurs,Miami Heat,1,1
12100028,2021-10-08 20:30:00,1610612742,1610612746,Preseason,2021,1,Dallas Mavericks,Los Angeles Clippers,1,1
12100030,2021-10-08 21:00:00,1610612743,1610612750,Preseason,2021,0,Denver Nuggets,Minnesota Timberwolves,1,1
12100031,2021-10-08 22:00:00,1610612744,1610612747,Preseason,2021,1,Golden State Warriors,Los Angeles Lakers,1,1
12100032,2021-10-09 19:00:00,1610612738,1610612761,Preseason,2021,1,Boston Celtics,Toronto Raptors,1,1
12100033,2021-10-09 19:00:00,1610612764,1610612752,Preseason,2021,0,Washington Wizards,New York Knicks,1,1
12100034,2021-10-09 20:00:00,1610612763,1610612737,Preseason,2021,0,Memphis Grizzlies,Atlanta Hawks,1,1
12100035,2021-10-10 18:00:00,1610612753,1610612759,Preseason,2021,0,Orlando Magic,San Antonio Spurs,1,1
12100036,2021-10-10 19:00:00,1610612739,1610612741,Preseason,2021,0,Cleveland Cavaliers,Chicago Bulls,1,1
12100037,2021-10-10 19:30:00,1610612749,1610612760,Preseason,2021,1,Milwaukee Bucks,Oklahoma City Thunder,1,1
12100038,2021-10-10 22:00:00,1610612747,1610612756,Preseason,2021,0,Los Angeles Lakers,Phoenix Suns,1,1
12100039,2021-10-11 19:00:00,1610612761,1610612745,Preseason,2021,1,Toronto Raptors,Houston Rockets,1,1
12100040,2021-10-11 19:30:00,1610612748,1610612766,Preseason,2021,1,Miami Heat,Charlotte Hornets,1,1
12100042,2021-10-11 20:00:00,1610612763,1610612765,Preseason,2021,1,Memphis Grizzlies,Detroit Pistons,1,1
12100041,2021-10-11 20:00:00,1610612755,1610612751,Preseason,2021,1,Philadelphia 76ers,Brooklyn Nets,1,1
12100043,2021-10-11 21:00:00,1610612762,1610612740,Preseason,2021,1,Utah Jazz,New Orleans Pelicans,1,1
12100044,2021-10-11 22:00:00,1610612757,1610612758,Preseason,2021,0,Portland Trail Blazers,Sacramento Kings,1,1
12100045,2021-10-11 22:30:00,1610612746,1610612750,Preseason,2021,0,Los Angeles Clippers,Minnesota Timberwolves,1,1
12100046,2021-10-12 19:00:00,1610612764,1610612761,Preseason,2021,0,Washington Wizards,Toronto Raptors,1,1
12100047,2021-10-12 22:30:00,1610612747,1610612744,Preseason,2021,0,Los Angeles Lakers,Golden State Warriors,1,1
12100054,2021-10-13 17:00:00,1610612756,1610612757,Preseason,2021,1,Phoenix Suns,Portland Trail Blazers,1,1
12100048,2021-10-13 18:30:00,1610612766,1610612742,Preseason,2021,0,Charlotte Hornets,Dallas Mavericks,1,1
12100049,2021-10-13 19:00:00,1610612754,1610612763,Preseason,2021,1,Indiana Pacers,Memphis Grizzlies,1,1
12100050,2021-10-13 19:00:00,1610612753,1610612738,Preseason,2021,1,Orlando Magic,Boston Celtics,1,1
12100051,2021-10-13 19:30:00,1610612752,1610612765,Preseason,2021,1,New York Knicks,Detroit Pistons,1,1
12100052,2021-10-13 20:00:00,1610612760,1610612743,Preseason,2021,1,Oklahoma City Thunder,Denver Nuggets,1,1
12100053,2021-10-13 21:00:00,1610612762,1610612749,Preseason,2021,1,Utah Jazz,Milwaukee Bucks,1,1
12100055,2021-10-14 19:00:00,1610612737,1610612748,Preseason,2021,1,Atlanta Hawks,Miami Heat,1,1
12100056,2021-10-14 19:30:00,1610612751,1610612750,Preseason,2021,1,Brooklyn Nets,Minnesota Timberwolves,1,1
12100057,2021-10-14 20:00:00,1610612760,1610612743,Preseason,2021,0,Oklahoma City Thunder,Denver Nuggets,1,1
12100058,2021-10-14 22:00:00,1610612758,1610612747,Preseason,2021,1,Sacramento Kings,Los Angeles Lakers,1,1
12100059,2021-10-15 18:30:00,1610612748,1610612738,Preseason,2021,1,Miami Heat,Boston Celtics,1,1
12100061,2021-10-15 19:00:00,1610612754,1610612739,Preseason,2021,0,Indiana Pacers,Cleveland Cavaliers,1,1
12100060,2021-10-15 19:00:00,1610612765,1610612755,Preseason,2021,1,Detroit Pistons,Philadelphia 76ers,1,1
12100062,2021-10-15 19:30:00,1610612752,1610612764,Preseason,2021,1,New York Knicks,Washington Wizards,1,1
12100063,2021-10-15 20:00:00,1610612741,1610612763,Preseason,2021,1,Chicago Bulls,Memphis Grizzlies,1,1
12100064,2021-10-15 20:00:00,1610612749,1610612742,Preseason,2021,0,Milwaukee Bucks,Dallas Mavericks,1,1
12100065,2021-10-15 20:30:00,1610612759,1610612745,Preseason,2021,1,San Antonio Spurs,Houston Rockets,1,1
12100066,2021-10-15 22:00:00,1610612744,1610612757,Preseason,2021,1,Golden State Warriors,Portland Trail Blazers,1,1
22100001,2021-10-19 19:30:00,1610612749,1610612751,Regular Season,2021,1,Milwaukee Bucks,Brooklyn Nets,0,1
22100002,2021-10-19 22:00:00,1610612747,1610612744,Regular Season,2021,0,Los Angeles Lakers,Golden State Warriors,0,1
22100004,2021-10-20 19:00:00,1610612765,1610612741,Regular Season,2021,0,Detroit Pistons,Chicago Bulls,0,1
22100003,2021-10-20 19:00:00,1610612766,1610612754,Regular Season,2021,1,Charlotte Hornets,Indiana Pacers,0,1
22100006,2021-10-20 19:30:00,1610612761,1610612764,Regular Season,2021,0,Toronto Raptors,Washington Wizards,0,1
22100005,2021-10-20 19:30:00,1610612752,1610612738,Regular Season,2021,1,New York Knicks,Boston Celtics,0,1
22100009,2021-10-20 20:00:00,1610612740,1610612755,Regular Season,2021,0,New Orleans Pelicans,Philadelphia 76ers,0,1
22100008,2021-10-20 20:00:00,1610612750,1610612745,Regular Season,2021,1,Minnesota Timberwolves,Houston Rockets,0,1
22100007,2021-10-20 20:00:00,1610612763,1610612739,Regular Season,2021,1,Memphis Grizzlies,Cleveland Cavaliers,0,1
22100010,2021-10-20 20:30:00,1610612759,1610612753,Regular Season,2021,1,San Antonio Spurs,Orlando Magic,0,1
22100011,2021-10-20 21:00:00,1610612762,1610612760,Regular Season,2021,1,Utah Jazz,Oklahoma City Thunder,0,1
22100012,2021-10-20 22:00:00,1610612756,1610612743,Regular Season,2021,0,Phoenix Suns,Denver Nuggets,0,1
22100013,2021-10-20 22:00:00,1610612757,1610612758,Regular Season,2021,0,Portland Trail Blazers,Sacramento Kings,0,1
22100014,2021-10-21 19:30:00,1610612737,1610612742,Regular Season,2021,1,Atlanta Hawks,Dallas Mavericks,0,1
22100015,2021-10-21 20:00:00,1610612748,1610612749,Regular Season,2021,1,Miami Heat,Milwaukee Bucks,0,1
22100016,2021-10-21 22:00:00,1610612744,1610612746,Regular Season,2021,1,Golden State Warriors,Los Angeles Clippers,0,1
22100019,2021-10-22 19:00:00,1610612764,1610612754,Regular Season,2021,1,Washington Wizards,Indiana Pacers,0,1
22100018,2021-10-22 19:00:00,1610612753,1610612752,Regular Season,2021,0,Orlando Magic,New York Knicks,0,1
22100017,2021-10-22 19:00:00,1610612739,1610612766,Regular Season,2021,0,Cleveland Cavaliers,Charlotte Hornets,0,1
22100021,2021-10-22 19:30:00,1610612755,1610612751,Regular Season,2021,0,Philadelphia 76ers,Brooklyn Nets,0,1
22100020,2021-10-22 19:30:00,1610612738,1610612761,Regular Season,2021,0,Boston Celtics,Toronto Raptors,0,1
22100023,2021-10-22 20:00:00,1610612745,1610612760,Regular Season,2021,1,Houston Rockets,Oklahoma City Thunder,0,1
22100022,2021-10-22 20:00:00,1610612741,1610612740,Regular Season,2021,1,Chicago Bulls,New Orleans Pelicans,0,1
22100024,2021-10-22 21:00:00,1610612743,1610612759,Regular Season,2021,1,Denver Nuggets,San Antonio Spurs,0,1
22100026,2021-10-22 22:00:00,1610612758,1610612762,Regular Season,2021,0,Sacramento Kings,Utah Jazz,0,1
22100025,2021-10-22 22:00:00,1610612747,1610612756,Regular Season,2021,0,Los Angeles Lakers,Phoenix Suns,0,1
22100027,2021-10-23 18:00:00,1610612739,1610612737,Regular Season,2021,1,Cleveland Cavaliers,Atlanta Hawks,0,1
22100028,2021-10-23 19:00:00,1610612754,1610612748,Regular Season,2021,1,Indiana Pacers,Miami Heat,0,1
22100029,2021-10-23 19:30:00,1610612761,1610612742,Regular Season,2021,0,Toronto Raptors,Dallas Mavericks,0,1
22100030,2021-10-23 20:00:00,1610612741,1610612765,Regular Season,2021,1,Chicago Bulls,Detroit Pistons,0,1
22100031,2021-10-23 20:00:00,1610612750,1610612740,Regular Season,2021,1,Minnesota Timberwolves,New Orleans Pelicans,0,1
22100032,2021-10-23 20:30:00,1610612759,1610612749,Regular Season,2021,0,San Antonio Spurs,Milwaukee Bucks,0,1
22100033,2021-10-23 22:00:00,1610612757,1610612756,Regular Season,2021,1,Portland Trail Blazers,Phoenix Suns,0,1
22100034,2021-10-23 22:30:00,1610612746,1610612763,Regular Season,2021,0,Los Angeles Clippers,Memphis Grizzlies,0,1
22100035,2021-10-24 16:00:00,1610612751,1610612766,Regular Season,2021,0,Brooklyn Nets,Charlotte Hornets,0,1
22100038,2021-10-24 19:00:00,1610612760,1610612755,Regular Season,2021,0,Oklahoma City Thunder,Philadelphia 76ers,0,1
22100037,2021-10-24 19:00:00,1610612745,1610612738,Regular Season,2021,0,Houston Rockets,Boston Celtics,0,1
22100036,2021-10-24 19:00:00,1610612752,1610612753,Regular Season,2021,0,New York Knicks,Orlando Magic,0,1
22100039,2021-10-24 21:00:00,1610612758,1610612744,Regular Season,2021,0,Sacramento Kings,Golden State Warriors,0,1
22100040,2021-10-24 21:30:00,1610612747,1610612763,Regular Season,2021,1,Los Angeles Lakers,Memphis Grizzlies,0,1
22100042,2021-10-25 19:00:00,1610612754,1610612749,Regular Season,2021,0,Indiana Pacers,Milwaukee Bucks,0,1
22100041,2021-10-25 19:00:00,1610612766,1610612738,Regular Season,2021,0,Charlotte Hornets,Boston Celtics,0,1
22100043,2021-10-25 19:30:00,1610612737,1610612765,Regular Season,2021,1,Atlanta Hawks,Detroit Pistons,0,1
22100045,2021-10-25 19:30:00,1610612748,1610612753,Regular Season,2021,1,Miami Heat,Orlando Magic,0,1
22100044,2021-10-25 19:30:00,1610612751,1610612764,Regular Season,2021,1,Brooklyn Nets,Washington Wizards,0,1
22100046,2021-10-25 19:30:00,1610612761,1610612741,Regular Season,2021,0,Toronto Raptors,Chicago Bulls,0,1
22100047,2021-10-25 20:00:00,1610612750,1610612740,Regular Season,2021,0,Minnesota Timberwolves,New Orleans Pelicans,0,1
22100048,2021-10-25 21:00:00,1610612743,1610612739,Regular Season,2021,0,Denver Nuggets,Cleveland Cavaliers,0,1
22100049,2021-10-25 22:30:00,1610612746,1610612757,Regular Season,2021,1,Los Angeles Clippers,Portland Trail Blazers,0,1
22100050,2021-10-26 19:30:00,1610612752,1610612755,Regular Season,2021,1,New York Knicks,Philadelphia 76ers,0,1
22100051,2021-10-26 20:00:00,1610612760,1610612744,Regular Season,2021,0,Oklahoma City Thunder,Golden State Warriors,0,1
22100053,2021-10-26 20:30:00,1610612759,1610612747,Regular Season,2021,0,San Antonio Spurs,Los Angeles Lakers,0,1
22100052,2021-10-26 20:30:00,1610612742,1610612745,Regular Season,2021,1,Dallas Mavericks,Houston Rockets,0,1
22100054,2021-10-26 22:00:00,1610612762,1610612743,Regular Season,2021,1,Utah Jazz,Denver Nuggets,0,1
22100055,2021-10-27 19:00:00,1610612753,1610612766,Regular Season,2021,0,Orlando Magic,Charlotte Hornets,0,1
22100056,2021-10-27 19:30:00,1610612738,1610612764,Regular Season,2021,0,Boston Celtics,Washington Wizards,0,1
22100057,2021-10-27 19:30:00,1610612751,1610612748,Regular Season,2021,0,Brooklyn Nets,Miami Heat,0,1
22100059,2021-10-27 19:30:00,1610612740,1610612737,Regular Season,2021,0,New Orleans Pelicans,Atlanta Hawks,0,1
22100058,2021-10-27 19:30:00,1610612761,1610612754,Regular Season,2021,1,Toronto Raptors,Indiana Pacers,0,1
22100061,2021-10-27 20:00:00,1610612760,1610612747,Regular Season,2021,1,Oklahoma City Thunder,Los Angeles Lakers,0,1
22100060,2021-10-27 20:00:00,1610612749,1610612750,Regular Season,2021,0,Milwaukee Bucks,Minnesota Timberwolves,0,1
22100063,2021-10-27 22:00:00,1610612757,1610612763,Regular Season,2021,1,Portland Trail Blazers,Memphis Grizzlies,0,1
22100062,2021-10-27 22:00:00,1610612756,1610612758,Regular Season,2021,0,Phoenix Suns,Sacramento Kings,0,1
22100064,2021-10-27 22:30:00,1610612746,1610612739,Regular Season,2021,0,Los Angeles Clippers,Cleveland Cavaliers,0,1
22100066,2021-10-28 19:00:00,1610612764,1610612737,Regular Season,2021,1,Washington Wizards,Atlanta Hawks,0,1
22100065,2021-10-28 19:00:00,1610612755,1610612765,Regular Season,2021,1,Philadelphia 76ers,Detroit Pistons,0,1
22100068,2021-10-28 20:00:00,1610612745,1610612762,Regular Season,2021,0,Houston Rockets,Utah Jazz,0,1
22100067,2021-10-28 20:00:00,1610612741,1610612752,Regular Season,2021,0,Chicago Bulls,New York Knicks,0,1
22100069,2021-10-28 20:30:00,1610612742,1610612759,Regular Season,2021,1,Dallas Mavericks,San Antonio Spurs,0,1
22100070,2021-10-28 22:00:00,1610612744,1610612763,Regular Season,2021,0,Golden State Warriors,Memphis Grizzlies,0,1
22100071,2021-10-29 19:00:00,1610612761,1610612753,Regular Season,2021,1,Toronto Raptors,Orlando Magic,0,1
22100073,2021-10-29 19:30:00,1610612748,1610612766,Regular Season,2021,1,Miami Heat,Charlotte Hornets,0,1
22100072,2021-10-29 19:30:00,1610612751,1610612754,Regular Season,2021,1,Brooklyn Nets,Indiana Pacers,0,1
22100074,2021-10-29 20:00:00,1610612740,1610612758,Regular Season,2021,0,New Orleans Pelicans,Sacramento Kings,0,1
22100076,2021-10-29 22:00:00,1610612757,1610612746,Regular Season,2021,1,Portland Trail Blazers,Los Angeles Clippers,0,1
22100075,2021-10-29 22:00:00,1610612743,1610612742,Regular Season,2021,1,Denver Nuggets,Dallas Mavericks,0,1
22100077,2021-10-29 22:30:00,1610612747,1610612739,Regular Season,2021,1,Los Angeles Lakers,Cleveland Cavaliers,0,1
22100078,2021-10-30 17:00:00,1610612764,1610612738,Regular Season,2021,1,Washington Wizards,Boston Celtics,0,1
22100080,2021-10-30 19:00:00,1610612740,1610612752,Regular Season,2021,0,New Orleans Pelicans,New York Knicks,0,1
22100079,2021-10-30 19:00:00,1610612765,1610612753,Regular Season,2021,1,Detroit Pistons,Orlando Magic,0,1
22100082,2021-10-30 19:30:00,1610612755,1610612737,Regular Season,2021,1,Philadelphia 76ers,Atlanta Hawks,0,1
22100081,2021-10-30 19:30:00,1610612754,1610612761,Regular Season,2021,0,Indiana Pacers,Toronto Raptors,0,1
22100085,2021-10-30 20:00:00,1610612749,1610612759,Regular Season,2021,0,Milwaukee Bucks,San Antonio Spurs,0,1
22100084,2021-10-30 20:00:00,1610612763,1610612748,Regular Season,2021,0,Memphis Grizzlies,Miami Heat,0,1
22100083,2021-10-30 20:00:00,1610612741,1610612762,Regular Season,2021,1,Chicago Bulls,Utah Jazz,0,1
22100086,2021-10-30 20:30:00,1610612744,1610612760,Regular Season,2021,1,Golden State Warriors,Oklahoma City Thunder,0,1
22100087,2021-10-30 21:00:00,1610612750,1610612743,Regular Season,2021,0,Minnesota Timberwolves,Denver Nuggets,0,1
22100088,2021-10-30 22:00:00,1610612756,1610612739,Regular Season,2021,1,Phoenix Suns,Cleveland Cavaliers,0,1
22100089,2021-10-31 15:30:00,1610612742,1610612758,Regular Season,2021,1,Dallas Mavericks,Sacramento Kings,0,1
22100090,2021-10-31 19:00:00,1610612766,1610612757,Regular Season,2021,1,Charlotte Hornets,Portland Trail Blazers,0,1
22100091,2021-10-31 19:00:00,1610612749,1610612762,Regular Season,2021,0,Milwaukee Bucks,Utah Jazz,0,1
22100092,2021-10-31 19:30:00,1610612751,1610612765,Regular Season,2021,1,Brooklyn Nets,Detroit Pistons,0,1
22100093,2021-10-31 22:30:00,1610612747,1610612745,Regular Season,2021,1,Los Angeles Lakers,Houston Rockets,0,1
22100095,2021-11-01 19:00:00,1610612754,1610612759,Regular Season,2021,1,Indiana Pacers,San Antonio Spurs,0,1
22100094,2021-11-01 19:00:00,1610612766,1610612739,Regular Season,2021,0,Charlotte Hornets,Cleveland Cavaliers,0,1
22100096,2021-11-01 19:00:00,1610612755,1610612757,Regular Season,2021,1,Philadelphia 76ers,Portland Trail Blazers,0,1
22100099,2021-11-01 19:30:00,1610612752,1610612761,Regular Season,2021,0,New York Knicks,Toronto Raptors,0,1
22100098,2021-11-01 19:30:00,1610612738,1610612741,Regular Season,2021,0,Boston Celtics,Chicago Bulls,0,1
22100097,2021-11-01 19:30:00,1610612737,1610612764,Regular Season,2021,1,Atlanta Hawks,Washington Wizards,0,1
22100101,2021-11-01 20:00:00,1610612750,1610612753,Regular Season,2021,0,Minnesota Timberwolves,Orlando Magic,0,1
22100100,2021-11-01 20:00:00,1610612763,1610612743,Regular Season,2021,1,Memphis Grizzlies,Denver Nuggets,0,1
22100102,2021-11-01 22:30:00,1610612746,1610612760,Regular Season,2021,1,Los Angeles Clippers,Oklahoma City Thunder,0,1
22100103,2021-11-02 19:00:00,1610612765,1610612749,Regular Season,2021,0,Detroit Pistons,Milwaukee Bucks,0,1
22100104,2021-11-02 19:30:00,1610612742,1610612748,Regular Season,2021,0,Dallas Mavericks,Miami Heat,0,1
22100105,2021-11-02 21:00:00,1610612762,1610612758,Regular Season,2021,1,Utah Jazz,Sacramento Kings,0,1
22100106,2021-11-02 22:00:00,1610612756,1610612740,Regular Season,2021,1,Phoenix Suns,New Orleans Pelicans,0,1
22100107,2021-11-02 22:30:00,1610612747,1610612745,Regular Season,2021,1,Los Angeles Lakers,Houston Rockets,0,1
22100112,2021-11-03 19:00:00,1610612764,1610612761,Regular Season,2021,0,Washington Wizards,Toronto Raptors,0,1
22100111,2021-11-03 19:00:00,1610612755,1610612741,Regular Season,2021,1,Philadelphia 76ers,Chicago Bulls,0,1
22100110,2021-11-03 19:00:00,1610612753,1610612738,Regular Season,2021,0,Orlando Magic,Boston Celtics,0,1
22100109,2021-11-03 19:00:00,1610612754,1610612752,Regular Season,2021,1,Indiana Pacers,New York Knicks,0,1
22100108,2021-11-03 19:00:00,1610612739,1610612757,Regular Season,2021,1,Cleveland Cavaliers,Portland Trail Blazers,0,1
22100113,2021-11-03 19:30:00,1610612751,1610612737,Regular Season,2021,1,Brooklyn Nets,Atlanta Hawks,0,1
22100115,2021-11-03 20:00:00,1610612750,1610612746,Regular Season,2021,0,Minnesota Timberwolves,Los Angeles Clippers,0,1
22100114,2021-11-03 20:00:00,1610612763,1610612743,Regular Season,2021,1,Memphis Grizzlies,Denver Nuggets,0,1
22100116,2021-11-03 20:30:00,1610612759,1610612742,Regular Season,2021,0,San Antonio Spurs,Dallas Mavericks,0,1
22100118,2021-11-03 22:00:00,1610612758,1610612740,Regular Season,2021,1,Sacramento Kings,New Orleans Pelicans,0,1
22100117,2021-11-03 22:00:00,1610612744,1610612766,Regular Season,2021,1,Golden State Warriors,Charlotte Hornets,0,1
22100119,2021-11-04 19:00:00,1610612765,1610612755,Regular Season,2021,0,Detroit Pistons,Philadelphia 76ers,0,1
22100120,2021-11-04 19:30:00,1610612737,1610612762,Regular Season,2021,0,Atlanta Hawks,Utah Jazz,0,1
22100121,2021-11-04 19:30:00,1610612748,1610612738,Regular Season,2021,0,Miami Heat,Boston Celtics,0,1
22100122,2021-11-04 22:00:00,1610612756,1610612745,Regular Season,2021,1,Phoenix Suns,Houston Rockets,0,1
22100123,2021-11-04 22:30:00,1610612747,1610612760,Regular Season,2021,0,Los Angeles Lakers,Oklahoma City Thunder,0,1
22100126,2021-11-05 19:00:00,1610612764,1610612763,Regular Season,2021,1,Washington Wizards,Memphis Grizzlies,0,1
22100125,2021-11-05 19:00:00,1610612753,1610612759,Regular Season,2021,0,Orlando Magic,San Antonio Spurs,0,1
22100124,2021-11-05 19:00:00,1610612765,1610612751,Regular Season,2021,0,Detroit Pistons,Brooklyn Nets,0,1
22100128,2021-11-05 19:30:00,1610612749,1610612752,Regular Season,2021,0,Milwaukee Bucks,New York Knicks,0,1
22100127,2021-11-05 19:30:00,1610612761,1610612739,Regular Season,2021,0,Toronto Raptors,Cleveland Cavaliers,0,1
22100129,2021-11-05 20:00:00,1610612750,1610612746,Regular Season,2021,0,Minnesota Timberwolves,Los Angeles Clippers,0,1
22100132,2021-11-05 22:00:00,1610612758,1610612766,Regular Season,2021,1,Sacramento Kings,Charlotte Hornets,0,1
22100131,2021-11-05 22:00:00,1610612757,1610612754,Regular Season,2021,1,Portland Trail Blazers,Indiana Pacers,0,1
22100130,2021-11-05 22:00:00,1610612744,1610612740,Regular Season,2021,1,Golden State Warriors,New Orleans Pelicans,0,1
22100133,2021-11-06 17:00:00,1610612743,1610612745,Regular Season,2021,1,Denver Nuggets,Houston Rockets,0,1
22100134,2021-11-06 19:30:00,1610612748,1610612762,Regular Season,2021,1,Miami Heat,Utah Jazz,0,1
22100135,2021-11-06 20:00:00,1610612741,1610612755,Regular Season,2021,0,Chicago Bulls,Philadelphia 76ers,0,1
22100136,2021-11-06 20:30:00,1610612742,1610612738,Regular Season,2021,1,Dallas Mavericks,Boston Celtics,0,1
22100137,2021-11-06 22:00:00,1610612756,1610612737,Regular Season,2021,1,Phoenix Suns,Atlanta Hawks,0,1
22100138,2021-11-06 22:30:00,1610612757,1610612747,Regular Season,2021,1,Portland Trail Blazers,Los Angeles Lakers,0,1
22100139,2021-11-07 15:30:00,1610612761,1610612751,Regular Season,2021,0,Toronto Raptors,Brooklyn Nets,0,1
22100143,2021-11-07 18:00:00,1610612758,1610612754,Regular Season,2021,0,Sacramento Kings,Indiana Pacers,0,1
22100142,2021-11-07 18:00:00,1610612764,1610612749,Regular Season,2021,1,Washington Wizards,Milwaukee Bucks,0,1
22100141,2021-11-07 18:00:00,1610612753,1610612762,Regular Season,2021,1,Orlando Magic,Utah Jazz,0,1
22100140,2021-11-07 18:00:00,1610612752,1610612739,Regular Season,2021,0,New York Knicks,Cleveland Cavaliers,0,1
22100144,2021-11-07 19:00:00,1610612760,1610612759,Regular Season,2021,1,Oklahoma City Thunder,San Antonio Spurs,0,1
22100145,2021-11-07 20:30:00,1610612744,1610612745,Regular Season,2021,1,Golden State Warriors,Houston Rockets,0,1
22100146,2021-11-07 21:00:00,1610612746,1610612766,Regular Season,2021,1,Los Angeles Clippers,Charlotte Hornets,0,1
22100147,2021-11-08 19:00:00,1610612755,1610612752,Regular Season,2021,0,Philadelphia 76ers,New York Knicks,0,1
22100149,2021-11-08 20:00:00,1610612763,1610612750,Regular Season,2021,1,Memphis Grizzlies,Minnesota Timberwolves,0,1
22100148,2021-11-08 20:00:00,1610612741,1610612751,Regular Season,2021,1,Chicago Bulls,Brooklyn Nets,0,1
22100150,2021-11-08 20:30:00,1610612742,1610612740,Regular Season,2021,1,Dallas Mavericks,New Orleans Pelicans,0,1
22100151,2021-11-08 21:00:00,1610612743,1610612748,Regular Season,2021,1,Denver Nuggets,Miami Heat,0,1
22100153,2021-11-08 22:00:00,1610612758,1610612756,Regular Season,2021,0,Sacramento Kings,Phoenix Suns,0,1
22100152,2021-11-08 22:00:00,1610612744,1610612737,Regular Season,2021,1,Golden State Warriors,Atlanta Hawks,0,1
22100154,2021-11-08 22:30:00,1610612747,1610612766,Regular Season,2021,1,Los Angeles Lakers,Charlotte Hornets,0,1
22100155,2021-11-09 19:30:00,1610612755,1610612749,Regular Season,2021,0,Philadelphia 76ers,Milwaukee Bucks,0,1
22100156,2021-11-09 21:00:00,1610612762,1610612737,Regular Season,2021,1,Utah Jazz,Atlanta Hawks,0,1
22100157,2021-11-09 22:00:00,1610612746,1610612757,Regular Season,2021,1,Los Angeles Clippers,Portland Trail Blazers,0,1
22100159,2021-11-10 19:00:00,1610612753,1610612751,Regular Season,2021,0,Orlando Magic,Brooklyn Nets,0,1
22100158,2021-11-10 19:00:00,1610612739,1610612764,Regular Season,2021,0,Cleveland Cavaliers,Washington Wizards,0,1
22100162,2021-11-10 19:30:00,1610612745,1610612765,Regular Season,2021,0,Houston Rockets,Detroit Pistons,0,1
22100161,2021-11-10 19:30:00,1610612752,1610612749,Regular Season,2021,0,New York Knicks,Milwaukee Bucks,0,1
22100160,2021-11-10 19:30:00,1610612738,1610612761,Regular Season,2021,1,Boston Celtics,Toronto Raptors,0,1
22100165,2021-11-10 20:00:00,1610612740,1610612760,Regular Season,2021,0,New Orleans Pelicans,Oklahoma City Thunder,0,1
22100164,2021-11-10 20:00:00,1610612763,1610612766,Regular Season,2021,0,Memphis Grizzlies,Charlotte Hornets,0,1
22100163,2021-11-10 20:00:00,1610612741,1610612742,Regular Season,2021,1,Chicago Bulls,Dallas Mavericks,0,1
22100166,2021-11-10 20:30:00,1610612759,1610612758,Regular Season,2021,1,San Antonio Spurs,Sacramento Kings,0,1
22100167,2021-11-10 21:00:00,1610612743,1610612754,Regular Season,2021,1,Denver Nuggets,Indiana Pacers,0,1
22100168,2021-11-10 21:00:00,1610612756,1610612757,Regular Season,2021,1,Phoenix Suns,Portland Trail Blazers,0,1
22100169,2021-11-10 22:00:00,1610612744,1610612750,Regular Season,2021,1,Golden State Warriors,Minnesota Timberwolves,0,1
22100170,2021-11-10 22:00:00,1610612747,1610612748,Regular Season,2021,1,Los Angeles Lakers,Miami Heat,0,1
22100171,2021-11-11 19:00:00,1610612755,1610612761,Regular Season,2021,0,Philadelphia 76ers,Toronto Raptors,0,1
22100172,2021-11-11 21:00:00,1610612762,1610612754,Regular Season,2021,0,Utah Jazz,Indiana Pacers,0,1
22100173,2021-11-11 22:30:00,1610612746,1610612748,Regular Season,2021,1,Los Angeles Clippers,Miami Heat,0,1
22100174,2021-11-12 19:00:00,1610612766,1610612752,Regular Season,2021,1,Charlotte Hornets,New York Knicks,0,1
22100176,2021-11-12 19:30:00,1610612739,1610612765,Regular Season,2021,1,Cleveland Cavaliers,Detroit Pistons,0,1
22100175,2021-11-12 19:30:00,1610612738,1610612749,Regular Season,2021,1,Boston Celtics,Milwaukee Bucks,0,1
22100180,2021-11-12 20:00:00,1610612760,1610612758,Regular Season,2021,1,Oklahoma City Thunder,Sacramento Kings,0,1
22100179,2021-11-12 20:00:00,1610612740,1610612751,Regular Season,2021,0,New Orleans Pelicans,Brooklyn Nets,0,1
22100178,2021-11-12 20:00:00,1610612763,1610612756,Regular Season,2021,0,Memphis Grizzlies,Phoenix Suns,0,1
22100177,2021-11-12 20:00:00,1610612745,1610612757,Regular Season,2021,0,Houston Rockets,Portland Trail Blazers,0,1
22100181,2021-11-12 20:30:00,1610612759,1610612742,Regular Season,2021,0,San Antonio Spurs,Dallas Mavericks,0,1
22100182,2021-11-12 21:00:00,1610612743,1610612737,Regular Season,2021,1,Denver Nuggets,Atlanta Hawks,0,1
22100183,2021-11-12 22:00:00,1610612744,1610612741,Regular Season,2021,1,Golden State Warriors,Chicago Bulls,0,1
22100184,2021-11-12 22:30:00,1610612747,1610612750,Regular Season,2021,0,Los Angeles Lakers,Minnesota Timberwolves,0,1
22100185,2021-11-13 17:00:00,1610612762,1610612748,Regular Season,2021,0,Utah Jazz,Miami Heat,0,1
22100188,2021-11-13 19:00:00,1610612740,1610612763,Regular Season,2021,1,New Orleans Pelicans,Memphis Grizzlies,0,1
22100187,2021-11-13 19:00:00,1610612753,1610612764,Regular Season,2021,0,Orlando Magic,Washington Wizards,0,1
22100186,2021-11-13 19:00:00,1610612754,1610612755,Regular Season,2021,1,Indiana Pacers,Philadelphia 76ers,0,1
22100189,2021-11-13 19:30:00,1610612761,1610612765,Regular Season,2021,0,Toronto Raptors,Detroit Pistons,0,1
22100190,2021-11-13 20:00:00,1610612739,1610612738,Regular Season,2021,1,Cleveland Cavaliers,Boston Celtics,0,1
22100191,2021-11-13 22:30:00,1610612746,1610612750,Regular Season,2021,1,Los Angeles Clippers,Minnesota Timberwolves,0,1
22100192,2021-11-14 15:30:00,1610612747,1610612759,Regular Season,2021,1,Los Angeles Lakers,San Antonio Spurs,0,1
22100193,2021-11-14 18:00:00,1610612737,1610612749,Regular Season,2021,1,Atlanta Hawks,Milwaukee Bucks,0,1
22100196,2021-11-14 19:00:00,1610612760,1610612751,Regular Season,2021,0,Oklahoma City Thunder,Brooklyn Nets,0,1
22100195,2021-11-14 19:00:00,1610612745,1610612756,Regular Season,2021,0,Houston Rockets,Phoenix Suns,0,1
22100194,2021-11-14 19:00:00,1610612766,1610612744,Regular Season,2021,1,Charlotte Hornets,Golden State Warriors,0,1
22100197,2021-11-14 20:00:00,1610612743,1610612757,Regular Season,2021,1,Denver Nuggets,Portland Trail Blazers,0,1
22100198,2021-11-14 21:30:00,1610612746,1610612741,Regular Season,2021,0,Los Angeles Clippers,Chicago Bulls,0,1
22100200,2021-11-15 19:00:00,1610612765,1610612758,Regular Season,2021,0,Detroit Pistons,Sacramento Kings,0,1
22100199,2021-11-15 19:00:00,1610612739,1610612738,Regular Season,2021,0,Cleveland Cavaliers,Boston Celtics,0,1
22100201,2021-11-15 19:00:00,1610612764,1610612740,Regular Season,2021,1,Washington Wizards,New Orleans Pelicans,0,1
22100203,2021-11-15 19:30:00,1610612752,1610612754,Regular Season,2021,1,New York Knicks,Indiana Pacers,0,1
22100202,2021-11-15 19:30:00,1610612737,1610612753,Regular Season,2021,1,Atlanta Hawks,Orlando Magic,0,1
22100207,2021-11-15 20:00:00,1610612760,1610612748,Regular Season,2021,0,Oklahoma City Thunder,Miami Heat,0,1
22100206,2021-11-15 20:00:00,1610612750,1610612756,Regular Season,2021,0,Minnesota Timberwolves,Phoenix Suns,0,1
22100205,2021-11-15 20:00:00,1610612763,1610612745,Regular Season,2021,1,Memphis Grizzlies,Houston Rockets,0,1
22100204,2021-11-15 20:00:00,1610612742,1610612743,Regular Season,2021,1,Dallas Mavericks,Denver Nuggets,0,1
22100208,2021-11-15 22:00:00,1610612757,1610612761,Regular Season,2021,1,Portland Trail Blazers,Toronto Raptors,0,1
22100209,2021-11-15 22:30:00,1610612747,1610612741,Regular Season,2021,0,Los Angeles Lakers,Chicago Bulls,0,1
22100210,2021-11-16 19:30:00,1610612751,1610612744,Regular Season,2021,0,Brooklyn Nets,Golden State Warriors,0,1
22100211,2021-11-16 22:00:00,1610612762,1610612755,Regular Season,2021,1,Utah Jazz,Philadelphia 76ers,0,1
22100212,2021-11-16 22:30:00,1610612746,1610612759,Regular Season,2021,1,Los Angeles Clippers,San Antonio Spurs,0,1
22100213,2021-11-17 19:00:00,1610612766,1610612764,Regular Season,2021,1,Charlotte Hornets,Washington Wizards,0,1
22100214,2021-11-17 19:00:00,1610612765,1610612754,Regular Season,2021,1,Detroit Pistons,Indiana Pacers,0,1
22100218,2021-11-17 19:30:00,1610612752,1610612753,Regular Season,2021,0,New York Knicks,Orlando Magic,0,1
22100215,2021-11-17 19:30:00,1610612737,1610612738,Regular Season,2021,1,Atlanta Hawks,Boston Celtics,0,1
22100219,2021-11-17 19:30:00,1610612749,1610612747,Regular Season,2021,1,Milwaukee Bucks,Los Angeles Lakers,0,1
22100217,2021-11-17 19:30:00,1610612748,1610612740,Regular Season,2021,1,Miami Heat,New Orleans Pelicans,0,1
22100216,2021-11-17 19:30:00,1610612751,1610612739,Regular Season,2021,1,Brooklyn Nets,Cleveland Cavaliers,0,1
22100221,2021-11-17 20:00:00,1610612760,1610612745,Regular Season,2021,1,Oklahoma City Thunder,Houston Rockets,0,1
22100220,2021-11-17 20:00:00,1610612750,1610612758,Regular Season,2021,1,Minnesota Timberwolves,Sacramento Kings,0,1
22100223,2021-11-17 22:00:00,1610612757,1610612741,Regular Season,2021,1,Portland Trail Blazers,Chicago Bulls,0,1
22100222,2021-11-17 22:00:00,1610612756,1610612742,Regular Season,2021,1,Phoenix Suns,Dallas Mavericks,0,1
22100225,2021-11-18 19:30:00,1610612748,1610612764,Regular Season,2021,1,Miami Heat,Washington Wizards,0,1
22100224,2021-11-18 19:30:00,1610612739,1610612744,Regular Season,2021,0,Cleveland Cavaliers,Golden State Warriors,0,1
22100227,2021-11-18 20:00:00,1610612750,1610612759,Regular Season,2021,1,Minnesota Timberwolves,San Antonio Spurs,0,1
22100226,2021-11-18 20:00:00,1610612763,1610612746,Regular Season,2021,1,Memphis Grizzlies,Los Angeles Clippers,0,1
22100228,2021-11-18 21:00:00,1610612743,1610612755,Regular Season,2021,0,Denver Nuggets,Philadelphia 76ers,0,1
22100229,2021-11-18 21:00:00,1610612762,1610612761,Regular Season,2021,1,Utah Jazz,Toronto Raptors,0,1
22100230,2021-11-19 19:00:00,1610612766,1610612754,Regular Season,2021,1,Charlotte Hornets,Indiana Pacers,0,1
22100231,2021-11-19 19:00:00,1610612765,1610612744,Regular Season,2021,0,Detroit Pistons,Golden State Warriors,0,1
22100233,2021-11-19 19:30:00,1610612751,1610612753,Regular Season,2021,1,Brooklyn Nets,Orlando Magic,0,1
22100232,2021-11-19 19:30:00,1610612738,1610612747,Regular Season,2021,1,Boston Celtics,Los Angeles Lakers,0,1
22100235,2021-11-19 20:00:00,1610612740,1610612746,Regular Season,2021,1,New Orleans Pelicans,Los Angeles Clippers,0,1
22100234,2021-11-19 20:00:00,1610612749,1610612760,Regular Season,2021,1,Milwaukee Bucks,Oklahoma City Thunder,0,1
22100236,2021-11-19 21:00:00,1610612743,1610612741,Regular Season,2021,0,Denver Nuggets,Chicago Bulls,0,1
22100238,2021-11-19 22:00:00,1610612758,1610612761,Regular Season,2021,0,Sacramento Kings,Toronto Raptors,0,1
22100237,2021-11-19 22:00:00,1610612756,1610612742,Regular Season,2021,1,Phoenix Suns,Dallas Mavericks,0,1
22100239,2021-11-20 17:00:00,1610612752,1610612745,Regular Season,2021,1,New York Knicks,Houston Rockets,0,1
22100241,2021-11-20 19:00:00,1610612764,1610612748,Regular Season,2021,1,Washington Wizards,Miami Heat,0,1
22100240,2021-11-20 19:00:00,1610612754,1610612740,Regular Season,2021,1,Indiana Pacers,New Orleans Pelicans,0,1
22100242,2021-11-20 19:30:00,1610612737,1610612766,Regular Season,2021,1,Atlanta Hawks,Charlotte Hornets,0,1
22100243,2021-11-20 19:30:00,1610612738,1610612760,Regular Season,2021,1,Boston Celtics,Oklahoma City Thunder,0,1
22100245,2021-11-20 20:00:00,1610612750,1610612763,Regular Season,2021,1,Minnesota Timberwolves,Memphis Grizzlies,0,1
22100244,2021-11-20 20:00:00,1610612749,1610612753,Regular Season,2021,1,Milwaukee Bucks,Orlando Magic,0,1
22100247,2021-11-20 22:00:00,1610612758,1610612762,Regular Season,2021,0,Sacramento Kings,Utah Jazz,0,1
22100246,2021-11-20 22:00:00,1610612757,1610612755,Regular Season,2021,1,Portland Trail Blazers,Philadelphia 76ers,0,1
22100248,2021-11-21 15:30:00,1610612746,1610612742,Regular Season,2021,1,Los Angeles Clippers,Dallas Mavericks,0,1
22100249,2021-11-21 18:00:00,1610612765,1610612747,Regular Season,2021,0,Detroit Pistons,Los Angeles Lakers,0,1
22100251,2021-11-21 20:00:00,1610612756,1610612743,Regular Season,2021,1,Phoenix Suns,Denver Nuggets,0,1
22100250,2021-11-21 20:00:00,1610612741,1610612752,Regular Season,2021,1,Chicago Bulls,New York Knicks,0,1
22100252,2021-11-21 20:30:00,1610612744,1610612761,Regular Season,2021,1,Golden State Warriors,Toronto Raptors,0,1
22100254,2021-11-22 19:00:00,1610612764,1610612766,Regular Season,2021,0,Washington Wizards,Charlotte Hornets,0,1
22100253,2021-11-22 19:00:00,1610612739,1610612751,Regular Season,2021,0,Cleveland Cavaliers,Brooklyn Nets,0,1
22100256,2021-11-22 19:30:00,1610612738,1610612745,Regular Season,2021,1,Boston Celtics,Houston Rockets,0,1
22100255,2021-11-22 19:30:00,1610612737,1610612760,Regular Season,2021,1,Atlanta Hawks,Oklahoma City Thunder,0,1
22100257,2021-11-22 20:00:00,1610612741,1610612754,Regular Season,2021,0,Chicago Bulls,Indiana Pacers,0,1
22100259,2021-11-22 20:00:00,1610612740,1610612750,Regular Season,2021,0,New Orleans Pelicans,Minnesota Timberwolves,0,1
22100258,2021-11-22 20:00:00,1610612749,1610612753,Regular Season,2021,1,Milwaukee Bucks,Orlando Magic,0,1
22100260,2021-11-22 20:30:00,1610612759,1610612756,Regular Season,2021,0,San Antonio Spurs,Phoenix Suns,0,1
22100261,2021-11-22 21:00:00,1610612762,1610612763,Regular Season,2021,0,Utah Jazz,Memphis Grizzlies,0,1
22100262,2021-11-22 22:00:00,1610612758,1610612755,Regular Season,2021,0,Sacramento Kings,Philadelphia 76ers,0,1
22100263,2021-11-23 19:00:00,1610612765,1610612748,Regular Season,2021,0,Detroit Pistons,Miami Heat,0,1
22100264,2021-11-23 19:30:00,1610612752,1610612747,Regular Season,2021,1,New York Knicks,Los Angeles Lakers,0,1
22100265,2021-11-23 22:00:00,1610612757,1610612743,Regular Season,2021,1,Portland Trail Blazers,Denver Nuggets,0,1
22100266,2021-11-23 22:30:00,1610612746,1610612742,Regular Season,2021,0,Los Angeles Clippers,Dallas Mavericks,0,1
22100269,2021-11-24 19:00:00,1610612753,1610612766,Regular Season,2021,0,Orlando Magic,Charlotte Hornets,0,1
22100268,2021-11-24 19:00:00,1610612754,1610612747,Regular Season,2021,0,Indiana Pacers,Los Angeles Lakers,0,1
22100267,2021-11-24 19:00:00,1610612739,1610612756,Regular Season,2021,0,Cleveland Cavaliers,Phoenix Suns,0,1
22100270,2021-11-24 19:30:00,1610612738,1610612751,Regular Season,2021,0,Boston Celtics,Brooklyn Nets,0,1
22100271,2021-11-24 20:00:00,1610612745,1610612741,Regular Season,2021,1,Houston Rockets,Chicago Bulls,0,1
22100272,2021-11-24 20:00:00,1610612763,1610612761,Regular Season,2021,0,Memphis Grizzlies,Toronto Raptors,0,1
22100273,2021-11-24 20:00:00,1610612749,1610612765,Regular Season,2021,1,Milwaukee Bucks,Detroit Pistons,0,1
22100275,2021-11-24 20:00:00,1610612740,1610612764,Regular Season,2021,1,New Orleans Pelicans,Washington Wizards,0,1
22100274,2021-11-24 20:00:00,1610612750,1610612748,Regular Season,2021,1,Minnesota Timberwolves,Miami Heat,0,1
22100276,2021-11-24 20:00:00,1610612760,1610612762,Regular Season,2021,0,Oklahoma City Thunder,Utah Jazz,0,1
22100277,2021-11-24 20:30:00,1610612759,1610612737,Regular Season,2021,0,San Antonio Spurs,Atlanta Hawks,0,1
22100279,2021-11-24 22:00:00,1610612758,1610612757,Regular Season,2021,1,Sacramento Kings,Portland Trail Blazers,0,1
22100278,2021-11-24 22:00:00,1610612744,1610612755,Regular Season,2021,1,Golden State Warriors,Philadelphia 76ers,0,1
22100280,2021-11-26 15:30:00,1610612746,1610612765,Regular Season,2021,1,Los Angeles Clippers,Detroit Pistons,0,1
22100283,2021-11-26 19:00:00,1610612753,1610612741,Regular Season,2021,0,Orlando Magic,Chicago Bulls,0,1
22100282,2021-11-26 19:00:00,1610612752,1610612756,Regular Season,2021,0,New York Knicks,Phoenix Suns,0,1
22100281,2021-11-26 19:00:00,1610612766,1610612750,Regular Season,2021,1,Charlotte Hornets,Minnesota Timberwolves,0,1
22100286,2021-11-26 20:00:00,1610612760,1610612764,Regular Season,2021,0,Oklahoma City Thunder,Washington Wizards,0,1
22100285,2021-11-26 20:00:00,1610612763,1610612737,Regular Season,2021,0,Memphis Grizzlies,Atlanta Hawks,0,1
22100284,2021-11-26 20:00:00,1610612754,1610612761,Regular Season,2021,1,Indiana Pacers,Toronto Raptors,0,1
22100287,2021-11-26 20:30:00,1610612759,1610612738,Regular Season,2021,1,San Antonio Spurs,Boston Celtics,0,1
22100289,2021-11-26 21:00:00,1610612762,1610612740,Regular Season,2021,0,Utah Jazz,New Orleans Pelicans,0,1
22100288,2021-11-26 21:00:00,1610612743,1610612749,Regular Season,2021,0,Denver Nuggets,Milwaukee Bucks,0,1
22100290,2021-11-26 22:00:00,1610612744,1610612757,Regular Season,2021,1,Golden State Warriors,Portland Trail Blazers,0,1
22100291,2021-11-26 22:30:00,1610612747,1610612758,Regular Season,2021,0,Los Angeles Lakers,Sacramento Kings,0,1
22100292,2021-11-27 18:00:00,1610612755,1610612750,Regular Season,2021,0,Philadelphia 76ers,Minnesota Timberwolves,0,1
22100294,2021-11-27 19:30:00,1610612751,1610612756,Regular Season,2021,0,Brooklyn Nets,Phoenix Suns,0,1
22100293,2021-11-27 19:30:00,1610612737,1610612752,Regular Season,2021,0,Atlanta Hawks,New York Knicks,0,1
22100297,2021-11-27 20:00:00,1610612745,1610612766,Regular Season,2021,1,Houston Rockets,Charlotte Hornets,0,1
22100296,2021-11-27 20:00:00,1610612741,1610612748,Regular Season,2021,0,Chicago Bulls,Miami Heat,0,1
22100295,2021-11-27 20:00:00,1610612739,1610612753,Regular Season,2021,1,Cleveland Cavaliers,Orlando Magic,0,1
22100298,2021-11-27 20:30:00,1610612742,1610612764,Regular Season,2021,0,Dallas Mavericks,Washington Wizards,0,1
22100299,2021-11-27 21:00:00,1610612762,1610612740,Regular Season,2021,1,Utah Jazz,New Orleans Pelicans,0,1
22100300,2021-11-28 15:30:00,1610612746,1610612744,Regular Season,2021,0,Los Angeles Clippers,Golden State Warriors,0,1
22100301,2021-11-28 17:00:00,1610612754,1610612749,Regular Season,2021,0,Indiana Pacers,Milwaukee Bucks,0,1
22100303,2021-11-28 18:00:00,1610612763,1610612758,Regular Season,2021,1,Memphis Grizzlies,Sacramento Kings,0,1
22100302,2021-11-28 18:00:00,1610612761,1610612738,Regular Season,2021,0,Toronto Raptors,Boston Celtics,0,1
22100304,2021-11-28 21:30:00,1610612747,1610612765,Regular Season,2021,1,Los Angeles Lakers,Detroit Pistons,0,1
22100305,2021-11-29 19:00:00,1610612755,1610612753,Regular Season,2021,1,Philadelphia 76ers,Orlando Magic,0,1
22100306,2021-11-29 19:30:00,1610612748,1610612743,Regular Season,2021,0,Miami Heat,Denver Nuggets,0,1
22100309,2021-11-29 20:00:00,1610612750,1610612754,Regular Season,2021,1,Minnesota Timberwolves,Indiana Pacers,0,1
22100308,2021-11-29 20:00:00,1610612745,1610612760,Regular Season,2021,1,Houston Rockets,Oklahoma City Thunder,0,1
22100307,2021-11-29 20:00:00,1610612741,1610612766,Regular Season,2021,1,Chicago Bulls,Charlotte Hornets,0,1
22100311,2021-11-29 20:30:00,1610612759,1610612764,Regular Season,2021,1,San Antonio Spurs,Washington Wizards,0,1
22100310,2021-11-29 20:30:00,1610612742,1610612739,Regular Season,2021,0,Dallas Mavericks,Cleveland Cavaliers,0,1
22100312,2021-11-29 21:00:00,1610612762,1610612757,Regular Season,2021,1,Utah Jazz,Portland Trail Blazers,0,1
22100313,2021-11-29 22:30:00,1610612746,1610612740,Regular Season,2021,0,Los Angeles Clippers,New Orleans Pelicans,0,1
22100315,2021-11-30 19:30:00,1610612761,1610612763,Regular Season,2021,0,Toronto Raptors,Memphis Grizzlies,0,1
22100314,2021-11-30 19:30:00,1610612751,1610612752,Regular Season,2021,1,Brooklyn Nets,New York Knicks,0,1
22100318,2021-11-30 22:00:00,1610612758,1610612747,Regular Season,2021,0,Sacramento Kings,Los Angeles Lakers,0,1
22100317,2021-11-30 22:00:00,1610612757,1610612765,Regular Season,2021,1,Portland Trail Blazers,Detroit Pistons,0,1
22100316,2021-11-30 22:00:00,1610612756,1610612744,Regular Season,2021,1,Phoenix Suns,Golden State Warriors,0,1
22100319,2021-12-01 19:00:00,1610612754,1610612737,Regular Season,2021,0,Indiana Pacers,Atlanta Hawks,0,1
22100321,2021-12-01 19:00:00,1610612764,1610612750,Regular Season,2021,1,Washington Wizards,Minnesota Timberwolves,0,1
22100320,2021-12-01 19:00:00,1610612753,1610612743,Regular Season,2021,1,Orlando Magic,Denver Nuggets,0,1
22100323,2021-12-01 19:30:00,1610612748,1610612739,Regular Season,2021,0,Miami Heat,Cleveland Cavaliers,0,1
22100322,2021-12-01 19:30:00,1610612738,1610612755,Regular Season,2021,1,Boston Celtics,Philadelphia 76ers,0,1
22100326,2021-12-01 20:00:00,1610612760,1610612745,Regular Season,2021,0,Oklahoma City Thunder,Houston Rockets,0,1
22100325,2021-12-01 20:00:00,1610612740,1610612742,Regular Season,2021,0,New Orleans Pelicans,Dallas Mavericks,0,1
22100324,2021-12-01 20:00:00,1610612749,1610612766,Regular Season,2021,1,Milwaukee Bucks,Charlotte Hornets,0,1
22100327,2021-12-01 22:30:00,1610612746,1610612758,Regular Season,2021,0,Los Angeles Clippers,Sacramento Kings,0,1
22100329,2021-12-02 19:30:00,1610612761,1610612749,Regular Season,2021,1,Toronto Raptors,Milwaukee Bucks,0,1
22100328,2021-12-02 19:30:00,1610612752,1610612741,Regular Season,2021,0,New York Knicks,Chicago Bulls,0,1
22100330,2021-12-02 20:00:00,1610612763,1610612760,Regular Season,2021,1,Memphis Grizzlies,Oklahoma City Thunder,0,1
22100331,2021-12-02 21:00:00,1610612756,1610612765,Regular Season,2021,1,Phoenix Suns,Detroit Pistons,0,1
22100332,2021-12-02 22:00:00,1610612757,1610612759,Regular Season,2021,0,Portland Trail Blazers,San Antonio Spurs,0,1
22100334,2021-12-03 19:00:00,1610612764,1610612739,Regular Season,2021,0,Washington Wizards,Cleveland Cavaliers,0,1
22100333,2021-12-03 19:00:00,1610612754,1610612748,Regular Season,2021,0,Indiana Pacers,Miami Heat,0,1
22100335,2021-12-03 19:30:00,1610612737,1610612755,Regular Season,2021,0,Atlanta Hawks,Philadelphia 76ers,0,1
22100336,2021-12-03 19:30:00,1610612751,1610612750,Regular Season,2021,1,Brooklyn Nets,Minnesota Timberwolves,0,1
22100337,2021-12-03 20:00:00,1610612745,1610612753,Regular Season,2021,1,Houston Rockets,Orlando Magic,0,1
22100338,2021-12-03 20:30:00,1610612742,1610612740,Regular Season,2021,0,Dallas Mavericks,New Orleans Pelicans,0,1
22100339,2021-12-03 21:00:00,1610612762,1610612738,Regular Season,2021,1,Utah Jazz,Boston Celtics,0,1
22100340,2021-12-03 22:00:00,1610612744,1610612756,Regular Season,2021,1,Golden State Warriors,Phoenix Suns,0,1
22100341,2021-12-03 22:00:00,1610612747,1610612746,Regular Season,2021,0,Los Angeles Lakers,Los Angeles Clippers,0,1
22100342,2021-12-04 13:00:00,1610612752,1610612743,Regular Season,2021,0,New York Knicks,Denver Nuggets,0,1
22100344,2021-12-04 20:00:00,1610612749,1610612748,Regular Season,2021,1,Milwaukee Bucks,Miami Heat,0,1
22100343,2021-12-04 20:00:00,1610612751,1610612741,Regular Season,2021,0,Brooklyn Nets,Chicago Bulls,0,1
22100346,2021-12-04 20:30:00,1610612744,1610612759,Regular Season,2021,0,Golden State Warriors,San Antonio Spurs,0,1
22100345,2021-12-04 20:30:00,1610612742,1610612763,Regular Season,2021,0,Dallas Mavericks,Memphis Grizzlies,0,1
22100348,2021-12-04 22:00:00,1610612758,1610612746,Regular Season,2021,1,Sacramento Kings,Los Angeles Clippers,0,1
22100347,2021-12-04 22:00:00,1610612757,1610612738,Regular Season,2021,0,Portland Trail Blazers,Boston Celtics,0,1
22100349,2021-12-05 15:30:00,1610612739,1610612762,Regular Season,2021,0,Cleveland Cavaliers,Utah Jazz,0,1
22100351,2021-12-05 18:00:00,1610612761,1610612764,Regular Season,2021,1,Toronto Raptors,Washington Wizards,0,1
22100350,2021-12-05 18:00:00,1610612737,1610612766,Regular Season,2021,0,Atlanta Hawks,Charlotte Hornets,0,1
22100352,2021-12-05 19:00:00,1610612745,1610612740,Regular Season,2021,1,Houston Rockets,New Orleans Pelicans,0,1
22100355,2021-12-06 19:00:00,1610612754,1610612764,Regular Season,2021,1,Indiana Pacers,Washington Wizards,0,1
22100354,2021-12-06 19:00:00,1610612765,1610612760,Regular Season,2021,0,Detroit Pistons,Oklahoma City Thunder,0,1
22100353,2021-12-06 19:00:00,1610612766,1610612755,Regular Season,2021,0,Charlotte Hornets,Philadelphia 76ers,0,1
22100356,2021-12-06 19:30:00,1610612748,1610612763,Regular Season,2021,0,Miami Heat,Memphis Grizzlies,0,1
22100357,2021-12-06 20:00:00,1610612741,1610612743,Regular Season,2021,1,Chicago Bulls,Denver Nuggets,0,1
22100358,2021-12-06 20:00:00,1610612749,1610612739,Regular Season,2021,1,Milwaukee Bucks,Cleveland Cavaliers,0,1
22100359,2021-12-06 20:00:00,1610612750,1610612737,Regular Season,2021,0,Minnesota Timberwolves,Atlanta Hawks,0,1
22100360,2021-12-06 21:00:00,1610612756,1610612759,Regular Season,2021,1,Phoenix Suns,San Antonio Spurs,0,1
22100362,2021-12-06 22:00:00,1610612757,1610612746,Regular Season,2021,0,Portland Trail Blazers,Los Angeles Clippers,0,1
22100361,2021-12-06 22:00:00,1610612744,1610612753,Regular Season,2021,1,Golden State Warriors,Orlando Magic,0,1
22100363,2021-12-07 19:30:00,1610612742,1610612751,Regular Season,2021,0,Dallas Mavericks,Brooklyn Nets,0,1
22100364,2021-12-07 20:30:00,1610612759,1610612752,Regular Season,2021,0,San Antonio Spurs,New York Knicks,0,1
22100365,2021-12-07 22:00:00,1610612747,1610612738,Regular Season,2021,1,Los Angeles Lakers,Boston Celtics,0,1
22100369,2021-12-08 19:00:00,1610612754,1610612752,Regular Season,2021,1,Indiana Pacers,New York Knicks,0,1
22100368,2021-12-08 19:00:00,1610612765,1610612764,Regular Season,2021,0,Detroit Pistons,Washington Wizards,0,1
22100367,2021-12-08 19:00:00,1610612739,1610612741,Regular Season,2021,1,Cleveland Cavaliers,Chicago Bulls,0,1
22100366,2021-12-08 19:00:00,1610612766,1610612755,Regular Season,2021,0,Charlotte Hornets,Philadelphia 76ers,0,1
22100370,2021-12-08 19:30:00,1610612748,1610612749,Regular Season,2021,1,Miami Heat,Milwaukee Bucks,0,1
22100371,2021-12-08 19:30:00,1610612761,1610612760,Regular Season,2021,0,Toronto Raptors,Oklahoma City Thunder,0,1
22100372,2021-12-08 20:00:00,1610612745,1610612751,Regular Season,2021,1,Houston Rockets,Brooklyn Nets,0,1
22100375,2021-12-08 20:00:00,1610612740,1610612743,Regular Season,2021,0,New Orleans Pelicans,Denver Nuggets,0,1
22100374,2021-12-08 20:00:00,1610612750,1610612762,Regular Season,2021,0,Minnesota Timberwolves,Utah Jazz,0,1
22100373,2021-12-08 20:00:00,1610612763,1610612742,Regular Season,2021,0,Memphis Grizzlies,Dallas Mavericks,0,1
22100377,2021-12-08 22:00:00,1610612758,1610612753,Regular Season,2021,1,Sacramento Kings,Orlando Magic,0,1
22100376,2021-12-08 22:00:00,1610612744,1610612757,Regular Season,2021,1,Golden State Warriors,Portland Trail Blazers,0,1
22100378,2021-12-08 22:30:00,1610612746,1610612738,Regular Season,2021,1,Los Angeles Clippers,Boston Celtics,0,1
22100379,2021-12-09 19:00:00,1610612755,1610612762,Regular Season,2021,0,Philadelphia 76ers,Utah Jazz,0,1
22100380,2021-12-09 20:00:00,1610612763,1610612747,Regular Season,2021,1,Memphis Grizzlies,Los Angeles Lakers,0,1
22100381,2021-12-09 20:30:00,1610612759,1610612743,Regular Season,2021,1,San Antonio Spurs,Denver Nuggets,0,1
22100383,2021-12-10 19:00:00,1610612754,1610612742,Regular Season,2021,1,Indiana Pacers,Dallas Mavericks,0,1
22100382,2021-12-10 19:00:00,1610612766,1610612758,Regular Season,2021,1,Charlotte Hornets,Sacramento Kings,0,1
22100385,2021-12-10 19:30:00,1610612761,1610612752,Regular Season,2021,1,Toronto Raptors,New York Knicks,0,1
22100384,2021-12-10 19:30:00,1610612737,1610612751,Regular Season,2021,0,Atlanta Hawks,Brooklyn Nets,0,1
22100386,2021-12-10 20:00:00,1610612745,1610612749,Regular Season,2021,0,Houston Rockets,Milwaukee Bucks,0,1
22100388,2021-12-10 20:00:00,1610612740,1610612765,Regular Season,2021,1,New Orleans Pelicans,Detroit Pistons,0,1
22100387,2021-12-10 20:00:00,1610612750,1610612739,Regular Season,2021,0,Minnesota Timberwolves,Cleveland Cavaliers,0,1
22100389,2021-12-10 20:00:00,1610612760,1610612747,Regular Season,2021,0,Oklahoma City Thunder,Los Angeles Lakers,0,1
22100390,2021-12-10 22:00:00,1610612756,1610612738,Regular Season,2021,1,Phoenix Suns,Boston Celtics,0,1
22100391,2021-12-11 15:30:00,1610612746,1610612753,Regular Season,2021,1,Los Angeles Clippers,Orlando Magic,0,1
22100392,2021-12-11 19:00:00,1610612764,1610612762,Regular Season,2021,0,Washington Wizards,Utah Jazz,0,1
22100395,2021-12-11 20:00:00,1610612763,1610612745,Regular Season,2021,1,Memphis Grizzlies,Houston Rockets,0,1
22100394,2021-12-11 20:00:00,1610612748,1610612741,Regular Season,2021,1,Miami Heat,Chicago Bulls,0,1
22100393,2021-12-11 20:00:00,1610612739,1610612758,Regular Season,2021,1,Cleveland Cavaliers,Sacramento Kings,0,1
22100397,2021-12-11 20:30:00,1610612759,1610612743,Regular Season,2021,0,San Antonio Spurs,Denver Nuggets,0,1
22100396,2021-12-11 20:30:00,1610612755,1610612744,Regular Season,2021,1,Philadelphia 76ers,Golden State Warriors,0,1
22100398,2021-12-12 12:00:00,1610612752,1610612749,Regular Season,2021,0,New York Knicks,Milwaukee Bucks,0,1
22100399,2021-12-12 18:00:00,1610612765,1610612751,Regular Season,2021,0,Detroit Pistons,Brooklyn Nets,0,1
22100400,2021-12-12 19:00:00,1610612760,1610612742,Regular Season,2021,0,Oklahoma City Thunder,Dallas Mavericks,0,1
22100401,2021-12-12 19:00:00,1610612759,1610612740,Regular Season,2021,1,San Antonio Spurs,New Orleans Pelicans,0,1
22100402,2021-12-12 21:00:00,1610612757,1610612750,Regular Season,2021,0,Portland Trail Blazers,Minnesota Timberwolves,0,1
22100403,2021-12-12 21:30:00,1610612747,1610612753,Regular Season,2021,1,Los Angeles Lakers,Orlando Magic,0,1
22100404,2021-12-13 19:00:00,1610612739,1610612748,Regular Season,2021,1,Cleveland Cavaliers,Miami Heat,0,1
22100406,2021-12-13 19:00:00,1610612761,1610612758,Regular Season,2021,1,Toronto Raptors,Sacramento Kings,0,1
22100405,2021-12-13 19:00:00,1610612754,1610612744,Regular Season,2021,0,Indiana Pacers,Golden State Warriors,0,1
22100408,2021-12-13 19:30:00,1610612738,1610612749,Regular Season,2021,1,Boston Celtics,Milwaukee Bucks,0,1
22100407,2021-12-13 19:30:00,1610612737,1610612745,Regular Season,2021,0,Atlanta Hawks,Houston Rockets,0,1
22100409,2021-12-13 20:00:00,1610612763,1610612755,Regular Season,2021,1,Memphis Grizzlies,Philadelphia 76ers,0,1
22100410,2021-12-13 20:30:00,1610612742,1610612766,Regular Season,2021,1,Dallas Mavericks,Charlotte Hornets,0,1
22100411,2021-12-13 21:00:00,1610612743,1610612764,Regular Season,2021,1,Denver Nuggets,Washington Wizards,0,1
22100412,2021-12-13 22:30:00,1610612746,1610612756,Regular Season,2021,1,Los Angeles Clippers,Phoenix Suns,0,1
22100414,2021-12-14 19:30:00,1610612752,1610612744,Regular Season,2021,0,New York Knicks,Golden State Warriors,0,1
22100413,2021-12-14 19:30:00,1610612751,1610612761,Regular Season,2021,1,Brooklyn Nets,Toronto Raptors,0,1
22100416,2021-12-14 22:00:00,1610612757,1610612756,Regular Season,2021,0,Portland Trail Blazers,Phoenix Suns,0,1
22100417,2021-12-15 19:00:00,1610612739,1610612745,Regular Season,2021,1,Cleveland Cavaliers,Houston Rockets,0,1
22100419,2021-12-15 19:00:00,1610612755,1610612748,Regular Season,2021,0,Philadelphia 76ers,Miami Heat,0,1
22100418,2021-12-15 19:00:00,1610612753,1610612737,Regular Season,2021,0,Orlando Magic,Atlanta Hawks,0,1
22100420,2021-12-15 19:30:00,1610612742,1610612747,Regular Season,2021,0,Dallas Mavericks,Los Angeles Lakers,0,1
22100422,2021-12-15 20:00:00,1610612760,1610612740,Regular Season,2021,0,Oklahoma City Thunder,New Orleans Pelicans,0,1
22100421,2021-12-15 20:00:00,1610612749,1610612754,Regular Season,2021,1,Milwaukee Bucks,Indiana Pacers,0,1
22100423,2021-12-15 20:30:00,1610612759,1610612766,Regular Season,2021,0,San Antonio Spurs,Charlotte Hornets,0,1
22100424,2021-12-15 21:00:00,1610612743,1610612750,Regular Season,2021,0,Denver Nuggets,Minnesota Timberwolves,0,1
22100427,2021-12-15 22:00:00,1610612758,1610612764,Regular Season,2021,1,Sacramento Kings,Washington Wizards,0,1
22100426,2021-12-15 22:00:00,1610612757,1610612763,Regular Season,2021,0,Portland Trail Blazers,Memphis Grizzlies,0,1
22100425,2021-12-15 22:00:00,1610612762,1610612746,Regular Season,2021,1,Utah Jazz,Los Angeles Clippers,0,1
22100428,2021-12-16 19:00:00,1610612754,1610612765,Regular Season,2021,1,Indiana Pacers,Detroit Pistons,0,1
22100429,2021-12-16 19:30:00,1610612751,1610612755,Regular Season,2021,1,Brooklyn Nets,Philadelphia 76ers,0,1
22100431,2021-12-16 20:00:00,1610612745,1610612752,Regular Season,2021,0,Houston Rockets,New York Knicks,0,1
22100432,2021-12-16 21:00:00,1610612756,1610612764,Regular Season,2021,1,Phoenix Suns,Washington Wizards,0,1
22100433,2021-12-17 19:00:00,1610612753,1610612748,Regular Season,2021,0,Orlando Magic,Miami Heat,0,1
22100434,2021-12-17 19:30:00,1610612737,1610612743,Regular Season,2021,0,Atlanta Hawks,Denver Nuggets,0,1
22100435,2021-12-17 19:30:00,1610612738,1610612744,Regular Season,2021,0,Boston Celtics,Golden State Warriors,0,1
22100438,2021-12-17 20:00:00,1610612740,1610612749,Regular Season,2021,1,New Orleans Pelicans,Milwaukee Bucks,0,1
22100437,2021-12-17 21:00:00,1610612762,1610612759,Regular Season,2021,0,Utah Jazz,San Antonio Spurs,0,1
22100440,2021-12-17 22:00:00,1610612758,1610612763,Regular Season,2021,0,Sacramento Kings,Memphis Grizzlies,0,1
22100439,2021-12-17 22:00:00,1610612757,1610612766,Regular Season,2021,1,Portland Trail Blazers,Charlotte Hornets,0,1
22100436,2021-12-17 22:00:00,1610612750,1610612747,Regular Season,2021,1,Minnesota Timberwolves,Los Angeles Lakers,0,1
22100441,2021-12-18 12:00:00,1610612765,1610612745,Regular Season,2021,0,Detroit Pistons,Houston Rockets,0,1
22100445,2021-12-18 19:00:00,1610612738,1610612752,Regular Season,2021,1,Boston Celtics,New York Knicks,0,1
22100443,2021-12-18 19:30:00,1610612761,1610612744,Regular Season,2021,1,Toronto Raptors,Golden State Warriors,0,1
22100442,2021-12-18 19:30:00,1610612751,1610612753,Regular Season,2021,0,Brooklyn Nets,Orlando Magic,0,1
22100444,2021-12-18 20:00:00,1610612760,1610612746,Regular Season,2021,1,Oklahoma City Thunder,Los Angeles Clippers,0,1
22100447,2021-12-18 21:00:00,1610612762,1610612764,Regular Season,2021,0,Utah Jazz,Washington Wizards,0,1
22100446,2021-12-18 21:00:00,1610612749,1610612739,Regular Season,2021,0,Milwaukee Bucks,Cleveland Cavaliers,0,1
22100449,2021-12-19 18:00:00,1610612765,1610612748,Regular Season,2021,1,Detroit Pistons,Miami Heat,0,1
22100451,2021-12-19 18:00:00,1610612758,1610612759,Regular Season,2021,1,Sacramento Kings,San Antonio Spurs,0,1
22100450,2021-12-19 18:00:00,1610612763,1610612757,Regular Season,2021,0,Memphis Grizzlies,Portland Trail Blazers,0,1
22100455,2021-12-19 20:00:00,1610612750,1610612742,Regular Season,2021,1,Minnesota Timberwolves,Dallas Mavericks,0,1
22100448,2021-12-19 20:00:00,1610612741,1610612747,Regular Season,2021,1,Chicago Bulls,Los Angeles Lakers,0,1
22100456,2021-12-19 20:00:00,1610612756,1610612766,Regular Season,2021,1,Phoenix Suns,Charlotte Hornets,0,1
22100457,2021-12-20 19:30:00,1610612738,1610612755,Regular Season,2021,0,Boston Celtics,Philadelphia 76ers,0,1
22100460,2021-12-20 20:00:00,1610612763,1610612760,Regular Season,2021,0,Memphis Grizzlies,Oklahoma City Thunder,0,1
22100459,2021-12-20 20:00:00,1610612741,1610612745,Regular Season,2021,1,Chicago Bulls,Houston Rockets,0,1
22100461,2021-12-20 21:00:00,1610612762,1610612766,Regular Season,2021,1,Utah Jazz,Charlotte Hornets,0,1
22100462,2021-12-20 22:00:00,1610612744,1610612758,Regular Season,2021,1,Golden State Warriors,Sacramento Kings,0,1
22100463,2021-12-20 22:30:00,1610612746,1610612759,Regular Season,2021,0,Los Angeles Clippers,San Antonio Spurs,0,1
22100466,2021-12-21 19:30:00,1610612752,1610612765,Regular Season,2021,1,New York Knicks,Detroit Pistons,0,1
22100465,2021-12-21 19:30:00,1610612748,1610612754,Regular Season,2021,1,Miami Heat,Indiana Pacers,0,1
22100467,2021-12-21 20:00:00,1610612740,1610612757,Regular Season,2021,1,New Orleans Pelicans,Portland Trail Blazers,0,1
22100468,2021-12-21 20:30:00,1610612742,1610612750,Regular Season,2021,1,Dallas Mavericks,Minnesota Timberwolves,0,1
22100469,2021-12-21 22:00:00,1610612747,1610612756,Regular Season,2021,0,Los Angeles Lakers,Phoenix Suns,0,1
22100470,2021-12-22 19:30:00,1610612737,1610612753,Regular Season,2021,0,Atlanta Hawks,Orlando Magic,0,1
22100471,2021-12-22 19:30:00,1610612738,1610612739,Regular Season,2021,1,Boston Celtics,Cleveland Cavaliers,0,1
22100473,2021-12-22 20:00:00,1610612749,1610612745,Regular Season,2021,1,Milwaukee Bucks,Houston Rockets,0,1
22100474,2021-12-22 20:00:00,1610612760,1610612743,Regular Season,2021,1,Oklahoma City Thunder,Denver Nuggets,0,1
22100475,2021-12-22 22:00:00,1610612758,1610612746,Regular Season,2021,0,Sacramento Kings,Los Angeles Clippers,0,1
22100476,2021-12-23 19:00:00,1610612754,1610612745,Regular Season,2021,1,Indiana Pacers,Houston Rockets,0,1
22100478,2021-12-23 19:00:00,1610612755,1610612737,Regular Season,2021,0,Philadelphia 76ers,Atlanta Hawks,0,1
22100477,2021-12-23 19:00:00,1610612753,1610612740,Regular Season,2021,0,Orlando Magic,New Orleans Pelicans,0,1
22100480,2021-12-23 19:30:00,1610612752,1610612764,Regular Season,2021,0,New York Knicks,Washington Wizards,0,1
22100479,2021-12-23 19:30:00,1610612748,1610612765,Regular Season,2021,1,Miami Heat,Detroit Pistons,0,1
22100481,2021-12-23 20:30:00,1610612742,1610612749,Regular Season,2021,0,Dallas Mavericks,Milwaukee Bucks,0,1
22100484,2021-12-23 21:00:00,1610612762,1610612750,Regular Season,2021,1,Utah Jazz,Minnesota Timberwolves,0,1
22100483,2021-12-23 21:00:00,1610612756,1610612760,Regular Season,2021,1,Phoenix Suns,Oklahoma City Thunder,0,1
22100482,2021-12-23 21:00:00,1610612743,1610612766,Regular Season,2021,0,Denver Nuggets,Charlotte Hornets,0,1
22100485,2021-12-23 22:00:00,1610612744,1610612763,Regular Season,2021,1,Golden State Warriors,Memphis Grizzlies,0,1
22100487,2021-12-23 22:30:00,1610612747,1610612759,Regular Season,2021,0,Los Angeles Lakers,San Antonio Spurs,0,1
22100488,2021-12-25 12:00:00,1610612752,1610612737,Regular Season,2021,1,New York Knicks,Atlanta Hawks,0,1
22100489,2021-12-25 14:30:00,1610612749,1610612738,Regular Season,2021,1,Milwaukee Bucks,Boston Celtics,0,1
22100490,2021-12-25 17:00:00,1610612756,1610612744,Regular Season,2021,0,Phoenix Suns,Golden State Warriors,0,1
22100491,2021-12-25 20:00:00,1610612747,1610612751,Regular Season,2021,0,Los Angeles Lakers,Brooklyn Nets,0,1
22100492,2021-12-25 22:30:00,1610612762,1610612742,Regular Season,2021,1,Utah Jazz,Dallas Mavericks,0,1
22100493,2021-12-26 15:30:00,1610612748,1610612753,Regular Season,2021,1,Miami Heat,Orlando Magic,0,1
22100496,2021-12-26 18:00:00,1610612758,1610612763,Regular Season,2021,0,Sacramento Kings,Memphis Grizzlies,0,1
22100495,2021-12-26 18:00:00,1610612764,1610612755,Regular Season,2021,0,Washington Wizards,Philadelphia 76ers,0,1
22100494,2021-12-26 18:00:00,1610612739,1610612761,Regular Season,2021,1,Cleveland Cavaliers,Toronto Raptors,0,1
22100498,2021-12-26 19:00:00,1610612759,1610612765,Regular Season,2021,1,San Antonio Spurs,Detroit Pistons,0,1
22100497,2021-12-26 19:00:00,1610612760,1610612740,Regular Season,2021,1,Oklahoma City Thunder,New Orleans Pelicans,0,1
22100499,2021-12-26 20:00:00,1610612741,1610612754,Regular Season,2021,1,Chicago Bulls,Indiana Pacers,0,1
22100500,2021-12-26 21:00:00,1610612746,1610612743,Regular Season,2021,0,Los Angeles Clippers,Denver Nuggets,0,1
22100501,2021-12-27 19:00:00,1610612766,1610612745,Regular Season,2021,1,Charlotte Hornets,Houston Rockets,0,1
22100502,2021-12-27 19:30:00,1610612737,1610612741,Regular Season,2021,0,Atlanta Hawks,Chicago Bulls,0,1
22100503,2021-12-27 20:00:00,1610612750,1610612738,Regular Season,2021,1,Minnesota Timberwolves,Boston Celtics,0,1
22100504,2021-12-27 20:30:00,1610612759,1610612762,Regular Season,2021,0,San Antonio Spurs,Utah Jazz,0,1
22100505,2021-12-27 21:00:00,1610612756,1610612763,Regular Season,2021,0,Phoenix Suns,Memphis Grizzlies,0,1
22100506,2021-12-27 22:00:00,1610612757,1610612742,Regular Season,2021,0,Portland Trail Blazers,Dallas Mavericks,0,1
22100507,2021-12-27 22:30:00,1610612746,1610612751,Regular Season,2021,0,Los Angeles Clippers,Brooklyn Nets,0,1
22100508,2021-12-28 19:00:00,1610612753,1610612749,Regular Season,2021,0,Orlando Magic,Milwaukee Bucks,0,1
22100510,2021-12-28 19:30:00,1610612761,1610612755,Regular Season,2021,0,Toronto Raptors,Philadelphia 76ers,0,1
22100509,2021-12-28 19:30:00,1610612748,1610612764,Regular Season,2021,1,Miami Heat,Washington Wizards,0,1
22100513,2021-12-28 20:00:00,1610612740,1610612739,Regular Season,2021,1,New Orleans Pelicans,Cleveland Cavaliers,0,1
22100512,2021-12-28 20:00:00,1610612750,1610612752,Regular Season,2021,0,Minnesota Timberwolves,New York Knicks,0,1
22100511,2021-12-28 20:00:00,1610612745,1610612747,Regular Season,2021,0,Houston Rockets,Los Angeles Lakers,0,1
22100515,2021-12-28 22:00:00,1610612758,1610612760,Regular Season,2021,1,Sacramento Kings,Oklahoma City Thunder,0,1
22100514,2021-12-28 22:00:00,1610612744,1610612743,Regular Season,2021,0,Golden State Warriors,Denver Nuggets,0,1
22100517,2021-12-29 19:00:00,1610612754,1610612766,Regular Season,2021,0,Indiana Pacers,Charlotte Hornets,0,1
22100516,2021-12-29 19:00:00,1610612765,1610612752,Regular Season,2021,0,Detroit Pistons,New York Knicks,0,1
22100518,2021-12-29 19:30:00,1610612738,1610612746,Regular Season,2021,0,Boston Celtics,Los Angeles Clippers,0,1
22100519,2021-12-29 20:00:00,1610612741,1610612737,Regular Season,2021,1,Chicago Bulls,Atlanta Hawks,0,1
22100520,2021-12-29 20:00:00,1610612763,1610612747,Regular Season,2021,1,Memphis Grizzlies,Los Angeles Lakers,0,1
22100522,2021-12-29 21:00:00,1610612756,1610612760,Regular Season,2021,1,Phoenix Suns,Oklahoma City Thunder,0,1
22100523,2021-12-29 22:00:00,1610612757,1610612762,Regular Season,2021,0,Portland Trail Blazers,Utah Jazz,0,1
22100524,2021-12-29 22:30:00,1610612758,1610612742,Regular Season,2021,1,Sacramento Kings,Dallas Mavericks,0,1
22100527,2021-12-30 19:00:00,1610612764,1610612739,Regular Season,2021,1,Washington Wizards,Cleveland Cavaliers,0,1
22100526,2021-12-30 19:00:00,1610612753,1610612749,Regular Season,2021,0,Orlando Magic,Milwaukee Bucks,0,1
22100525,2021-12-30 19:00:00,1610612751,1610612755,Regular Season,2021,0,Brooklyn Nets,Philadelphia 76ers,0,1
22100529,2021-12-31 13:00:00,1610612738,1610612756,Regular Season,2021,1,Boston Celtics,Phoenix Suns,0,1
22100530,2021-12-31 15:00:00,1610612754,1610612741,Regular Season,2021,0,Indiana Pacers,Chicago Bulls,0,1
22100531,2021-12-31 18:00:00,1610612758,1610612742,Regular Season,2021,0,Sacramento Kings,Dallas Mavericks,0,1
22100532,2021-12-31 19:00:00,1610612745,1610612748,Regular Season,2021,0,Houston Rockets,Miami Heat,0,1
22100534,2021-12-31 19:30:00,1610612761,1610612746,Regular Season,2021,1,Toronto Raptors,Los Angeles Clippers,0,1
22100533,2021-12-31 19:30:00,1610612739,1610612737,Regular Season,2021,0,Cleveland Cavaliers,Atlanta Hawks,0,1
22100535,2021-12-31 20:00:00,1610612763,1610612759,Regular Season,2021,1,Memphis Grizzlies,San Antonio Spurs,0,1
22100536,2021-12-31 20:00:00,1610612760,1610612752,Regular Season,2021,1,Oklahoma City Thunder,New York Knicks,0,1
22100537,2021-12-31 21:00:00,1610612762,1610612750,Regular Season,2021,1,Utah Jazz,Minnesota Timberwolves,0,1
22100538,2021-12-31 22:30:00,1610612747,1610612757,Regular Season,2021,1,Los Angeles Lakers,Portland Trail Blazers,0,1
22100539,2022-01-01 18:30:00,1610612749,1610612740,Regular Season,2022,1,Milwaukee Bucks,New Orleans Pelicans,0,0
22100540,2022-01-01 19:00:00,1610612765,1610612759,Regular Season,2022,1,Detroit Pistons,San Antonio Spurs,0,0
22100541,2022-01-01 19:00:00,1610612764,1610612741,Regular Season,2022,0,Washington Wizards,Chicago Bulls,0,0
22100542,2022-01-01 19:30:00,1610612751,1610612746,Regular Season,2022,0,Brooklyn Nets,Los Angeles Clippers,0,0
22100543,2022-01-01 20:00:00,1610612745,1610612743,Regular Season,2022,0,Houston Rockets,Denver Nuggets,0,0
22100544,2022-01-01 21:00:00,1610612762,1610612744,Regular Season,2022,0,Utah Jazz,Golden State Warriors,0,0
22100545,2022-01-02 15:30:00,1610612761,1610612752,Regular Season,2022,1,Toronto Raptors,New York Knicks,0,0
22100548,2022-01-02 18:00:00,1610612758,1610612748,Regular Season,2022,1,Sacramento Kings,Miami Heat,0,0
22100547,2022-01-02 18:00:00,1610612739,1610612754,Regular Season,2022,1,Cleveland Cavaliers,Indiana Pacers,0,0
22100546,2022-01-02 18:00:00,1610612738,1610612753,Regular Season,2022,1,Boston Celtics,Orlando Magic,0,0
22100550,2022-01-02 19:00:00,1610612760,1610612742,Regular Season,2022,0,Oklahoma City Thunder,Dallas Mavericks,0,0
22100549,2022-01-02 19:00:00,1610612766,1610612756,Regular Season,2022,0,Charlotte Hornets,Phoenix Suns,0,0
22100551,2022-01-02 21:30:00,1610612747,1610612750,Regular Season,2022,1,Los Angeles Lakers,Minnesota Timberwolves,0,0
22100552,2022-01-03 19:00:00,1610612755,1610612745,Regular Season,2022,1,Philadelphia 76ers,Houston Rockets,0,0
22100553,2022-01-03 19:00:00,1610612764,1610612766,Regular Season,2022,1,Washington Wizards,Charlotte Hornets,0,0
22100554,2022-01-03 19:30:00,1610612751,1610612763,Regular Season,2022,0,Brooklyn Nets,Memphis Grizzlies,0,0
22100557,2022-01-03 20:00:00,1610612740,1610612762,Regular Season,2022,0,New Orleans Pelicans,Utah Jazz,0,0
22100556,2022-01-03 20:00:00,1610612749,1610612765,Regular Season,2022,0,Milwaukee Bucks,Detroit Pistons,0,0
22100555,2022-01-03 20:00:00,1610612741,1610612753,Regular Season,2022,1,Chicago Bulls,Orlando Magic,0,0
22100558,2022-01-03 20:30:00,1610612742,1610612743,Regular Season,2022,1,Dallas Mavericks,Denver Nuggets,0,0
22100560,2022-01-03 22:00:00,1610612757,1610612737,Regular Season,2022,1,Portland Trail Blazers,Atlanta Hawks,0,0
22100559,2022-01-03 22:00:00,1610612744,1610612748,Regular Season,2022,1,Golden State Warriors,Miami Heat,0,0
22100561,2022-01-03 22:30:00,1610612746,1610612750,Regular Season,2022,0,Los Angeles Clippers,Minnesota Timberwolves,0,0
22100563,2022-01-04 19:00:00,1610612761,1610612759,Regular Season,2022,1,Toronto Raptors,San Antonio Spurs,0,0
22100562,2022-01-04 19:00:00,1610612739,1610612763,Regular Season,2022,0,Cleveland Cavaliers,Memphis Grizzlies,0,0
22100564,2022-01-04 19:30:00,1610612752,1610612754,Regular Season,2022,1,New York Knicks,Indiana Pacers,0,0
22100565,2022-01-04 20:00:00,1610612740,1610612756,Regular Season,2022,0,New Orleans Pelicans,Phoenix Suns,0,0
22100566,2022-01-04 22:30:00,1610612747,1610612758,Regular Season,2022,1,Los Angeles Lakers,Sacramento Kings,0,0
22100567,2022-01-05 19:00:00,1610612766,1610612765,Regular Season,2022,1,Charlotte Hornets,Detroit Pistons,0,0
22100568,2022-01-05 19:00:00,1610612753,1610612755,Regular Season,2022,0,Orlando Magic,Philadelphia 76ers,0,0
22100569,2022-01-05 19:00:00,1610612764,1610612745,Regular Season,2022,0,Washington Wizards,Houston Rockets,0,0
22100570,2022-01-05 19:30:00,1610612738,1610612759,Regular Season,2022,0,Boston Celtics,San Antonio Spurs,0,0
22100572,2022-01-05 19:30:00,1610612742,1610612744,Regular Season,2022,1,Dallas Mavericks,Golden State Warriors,0,0
22100571,2022-01-05 19:30:00,1610612754,1610612751,Regular Season,2022,0,Indiana Pacers,Brooklyn Nets,0,0
22100574,2022-01-05 20:00:00,1610612750,1610612760,Regular Season,2022,1,Minnesota Timberwolves,Oklahoma City Thunder,0,0
22100573,2022-01-05 20:00:00,1610612749,1610612761,Regular Season,2022,0,Milwaukee Bucks,Toronto Raptors,0,0
22100577,2022-01-05 22:00:00,1610612758,1610612737,Regular Season,2022,0,Sacramento Kings,Atlanta Hawks,0,0
22100576,2022-01-05 22:00:00,1610612757,1610612748,Regular Season,2022,0,Portland Trail Blazers,Miami Heat,0,0
22100575,2022-01-05 22:00:00,1610612743,1610612762,Regular Season,2022,0,Denver Nuggets,Utah Jazz,0,0
22100578,2022-01-06 19:30:00,1610612752,1610612738,Regular Season,2022,1,New York Knicks,Boston Celtics,0,0
22100580,2022-01-06 20:00:00,1610612740,1610612744,Regular Season,2022,1,New Orleans Pelicans,Golden State Warriors,0,0
22100579,2022-01-06 20:00:00,1610612763,1610612765,Regular Season,2022,1,Memphis Grizzlies,Detroit Pistons,0,0
22100581,2022-01-06 22:00:00,1610612756,1610612746,Regular Season,2022,1,Phoenix Suns,Los Angeles Clippers,0,0
22100582,2022-01-07 19:00:00,1610612755,1610612759,Regular Season,2022,1,Philadelphia 76ers,San Antonio Spurs,0,0
22100584,2022-01-07 19:30:00,1610612761,1610612762,Regular Season,2022,1,Toronto Raptors,Utah Jazz,0,0
22100583,2022-01-07 19:30:00,1610612751,1610612749,Regular Season,2022,0,Brooklyn Nets,Milwaukee Bucks,0,0
22100586,2022-01-07 20:00:00,1610612745,1610612742,Regular Season,2022,0,Houston Rockets,Dallas Mavericks,0,0
22100585,2022-01-07 20:00:00,1610612741,1610612764,Regular Season,2022,1,Chicago Bulls,Washington Wizards,0,0
22100587,2022-01-07 20:00:00,1610612760,1610612750,Regular Season,2022,0,Oklahoma City Thunder,Minnesota Timberwolves,0,0
22100588,2022-01-07 21:00:00,1610612743,1610612758,Regular Season,2022,1,Denver Nuggets,Sacramento Kings,0,0
22100590,2022-01-07 22:00:00,1610612757,1610612739,Regular Season,2022,0,Portland Trail Blazers,Cleveland Cavaliers,0,0
22100589,2022-01-07 22:00:00,1610612747,1610612737,Regular Season,2022,1,Los Angeles Lakers,Atlanta Hawks,0,0
22100591,2022-01-08 15:30:00,1610612746,1610612763,Regular Season,2022,0,Los Angeles Clippers,Memphis Grizzlies,0,0
22100594,2022-01-08 19:00:00,1610612754,1610612762,Regular Season,2022,1,Indiana Pacers,Utah Jazz,0,0
22100593,2022-01-08 19:00:00,1610612765,1610612753,Regular Season,2022,1,Detroit Pistons,Orlando Magic,0,0
22100592,2022-01-08 19:00:00,1610612766,1610612749,Regular Season,2022,1,Charlotte Hornets,Milwaukee Bucks,0,0
22100595,2022-01-08 19:30:00,1610612738,1610612752,Regular Season,2022,1,Boston Celtics,New York Knicks,0,0
22100596,2022-01-08 21:00:00,1610612756,1610612748,Regular Season,2022,0,Phoenix Suns,Miami Heat,0,0
22100602,2022-01-09 12:00:00,1610612751,1610612759,Regular Season,2022,1,Brooklyn Nets,San Antonio Spurs,0,0
22100597,2022-01-09 15:30:00,1610612746,1610612737,Regular Season,2022,1,Los Angeles Clippers,Atlanta Hawks,0,0
22100599,2022-01-09 18:00:00,1610612761,1610612740,Regular Season,2022,1,Toronto Raptors,New Orleans Pelicans,0,0
22100598,2022-01-09 18:00:00,1610612753,1610612764,Regular Season,2022,0,Orlando Magic,Washington Wizards,0,0
22100601,2022-01-09 19:00:00,1610612760,1610612743,Regular Season,2022,0,Oklahoma City Thunder,Denver Nuggets,0,0
22100600,2022-01-09 19:00:00,1610612745,1610612750,Regular Season,2022,0,Houston Rockets,Minnesota Timberwolves,0,0
22100603,2022-01-09 19:30:00,1610612742,1610612741,Regular Season,2022,1,Dallas Mavericks,Chicago Bulls,0,0
22100604,2022-01-09 20:30:00,1610612744,1610612739,Regular Season,2022,1,Golden State Warriors,Cleveland Cavaliers,0,0
22100605,2022-01-09 21:00:00,1610612757,1610612758,Regular Season,2022,1,Portland Trail Blazers,Sacramento Kings,0,0
22100606,2022-01-09 21:30:00,1610612747,1610612763,Regular Season,2022,0,Los Angeles Lakers,Memphis Grizzlies,0,0
22100608,2022-01-10 19:00:00,1610612765,1610612762,Regular Season,2022,1,Detroit Pistons,Utah Jazz,0,0
22100607,2022-01-10 19:00:00,1610612766,1610612749,Regular Season,2022,1,Charlotte Hornets,Milwaukee Bucks,0,0
22100610,2022-01-10 19:30:00,1610612752,1610612759,Regular Season,2022,1,New York Knicks,San Antonio Spurs,0,0
22100609,2022-01-10 19:30:00,1610612738,1610612754,Regular Season,2022,1,Boston Celtics,Indiana Pacers,0,0
22100711,2022-01-10 20:00:00,1610612745,1610612755,Regular Season,2022,0,Houston Rockets,Philadelphia 76ers,0,0
22100611,2022-01-10 22:00:00,1610612758,1610612739,Regular Season,2022,0,Sacramento Kings,Cleveland Cavaliers,0,0
22100486,2022-01-10 22:00:00,1610612757,1610612751,Regular Season,2022,1,Portland Trail Blazers,Brooklyn Nets,0,0
22100612,2022-01-11 19:00:00,1610612764,1610612760,Regular Season,2022,1,Washington Wizards,Oklahoma City Thunder,0,0
22100613,2022-01-11 19:30:00,1610612761,1610612756,Regular Season,2022,0,Toronto Raptors,Phoenix Suns,0,0
22100415,2022-01-11 20:00:00,1610612741,1610612765,Regular Season,2022,1,Chicago Bulls,Detroit Pistons,0,0
22100615,2022-01-11 20:00:00,1610612740,1610612750,Regular Season,2022,1,New Orleans Pelicans,Minnesota Timberwolves,0,0
22100614,2022-01-11 20:00:00,1610612763,1610612744,Regular Season,2022,1,Memphis Grizzlies,Golden State Warriors,0,0
22100616,2022-01-11 22:30:00,1610612746,1610612743,Regular Season,2022,1,Los Angeles Clippers,Denver Nuggets,0,0
22100620,2022-01-12 19:00:00,1610612764,1610612753,Regular Season,2022,1,Washington Wizards,Orlando Magic,0,0
22100619,2022-01-12 19:00:00,1610612755,1610612766,Regular Season,2022,0,Philadelphia 76ers,Charlotte Hornets,0,0
22100618,2022-01-12 19:00:00,1610612754,1610612738,Regular Season,2022,0,Indiana Pacers,Boston Celtics,0,0
22100622,2022-01-12 19:30:00,1610612752,1610612742,Regular Season,2022,1,New York Knicks,Dallas Mavericks,0,0
22100621,2022-01-12 19:30:00,1610612737,1610612748,Regular Season,2022,0,Atlanta Hawks,Miami Heat,0,0
22100623,2022-01-12 20:30:00,1610612759,1610612745,Regular Season,2022,0,San Antonio Spurs,Houston Rockets,0,0
22100624,2022-01-12 21:00:00,1610612762,1610612739,Regular Season,2022,0,Utah Jazz,Cleveland Cavaliers,0,0
22100626,2022-01-12 22:00:00,1610612758,1610612747,Regular Season,2022,1,Sacramento Kings,Los Angeles Lakers,0,0
22100625,2022-01-12 22:00:00,1610612741,1610612751,Regular Season,2022,0,Chicago Bulls,Brooklyn Nets,0,0
22100627,2022-01-13 19:30:00,1610612749,1610612744,Regular Season,2022,1,Milwaukee Bucks,Golden State Warriors,0,0
22100628,2022-01-13 20:00:00,1610612763,1610612750,Regular Season,2022,1,Memphis Grizzlies,Minnesota Timberwolves,0,0
22100629,2022-01-13 20:00:00,1610612740,1610612746,Regular Season,2022,1,New Orleans Pelicans,Los Angeles Clippers,0,0
22100630,2022-01-13 20:30:00,1610612751,1610612760,Regular Season,2022,0,Brooklyn Nets,Oklahoma City Thunder,0,0
22100631,2022-01-13 22:00:00,1610612743,1610612757,Regular Season,2022,1,Denver Nuggets,Portland Trail Blazers,0,0
22100632,2022-01-14 19:00:00,1610612766,1610612753,Regular Season,2022,0,Charlotte Hornets,Orlando Magic,0,0
22100635,2022-01-14 19:00:00,1610612755,1610612738,Regular Season,2022,1,Philadelphia 76ers,Boston Celtics,0,0
22100634,2022-01-14 19:00:00,1610612754,1610612756,Regular Season,2022,0,Indiana Pacers,Phoenix Suns,0,0
22100633,2022-01-14 19:00:00,1610612765,1610612761,Regular Season,2022,1,Detroit Pistons,Toronto Raptors,0,0
22100637,2022-01-14 19:30:00,1610612741,1610612744,Regular Season,2022,0,Chicago Bulls,Golden State Warriors,0,0
22100636,2022-01-14 20:00:00,1610612748,1610612737,Regular Season,2022,1,Miami Heat,Atlanta Hawks,0,0
22100638,2022-01-14 20:30:00,1610612759,1610612739,Regular Season,2022,0,San Antonio Spurs,Cleveland Cavaliers,0,0
22100640,2022-01-14 22:00:00,1610612758,1610612745,Regular Season,2022,1,Sacramento Kings,Houston Rockets,0,0
22100639,2022-01-14 22:00:00,1610612763,1610612742,Regular Season,2022,0,Memphis Grizzlies,Dallas Mavericks,0,0
22100641,2022-01-15 18:30:00,1610612749,1610612761,Regular Season,2022,0,Milwaukee Bucks,Toronto Raptors,0,0
22100642,2022-01-15 19:00:00,1610612764,1610612757,Regular Season,2022,0,Washington Wizards,Portland Trail Blazers,0,0
22100644,2022-01-15 19:30:00,1610612751,1610612740,Regular Season,2022,1,Brooklyn Nets,New Orleans Pelicans,0,0
22100643,2022-01-15 19:30:00,1610612737,1610612752,Regular Season,2022,0,Atlanta Hawks,New York Knicks,0,0
22100646,2022-01-15 20:00:00,1610612760,1610612739,Regular Season,2022,0,Oklahoma City Thunder,Cleveland Cavaliers,0,0
22100645,2022-01-15 20:00:00,1610612748,1610612755,Regular Season,2022,0,Miami Heat,Philadelphia 76ers,0,0
22100647,2022-01-15 20:30:00,1610612738,1610612741,Regular Season,2022,1,Boston Celtics,Chicago Bulls,0,0
22100648,2022-01-15 20:30:00,1610612759,1610612746,Regular Season,2022,1,San Antonio Spurs,Los Angeles Clippers,0,0
22100649,2022-01-15 21:00:00,1610612743,1610612747,Regular Season,2022,1,Denver Nuggets,Los Angeles Lakers,0,0
22100650,2022-01-15 21:30:00,1610612742,1610612753,Regular Season,2022,1,Dallas Mavericks,Orlando Magic,0,0
22100617,2022-01-16 13:00:00,1610612765,1610612756,Regular Season,2022,0,Detroit Pistons,Phoenix Suns,0,0
22100651,2022-01-16 18:00:00,1610612758,1610612745,Regular Season,2022,0,Sacramento Kings,Houston Rockets,0,0
22100653,2022-01-16 20:00:00,1610612743,1610612762,Regular Season,2022,0,Denver Nuggets,Utah Jazz,0,0
22100652,2022-01-16 20:00:00,1610612750,1610612744,Regular Season,2022,1,Minnesota Timberwolves,Golden State Warriors,0,0
22100654,2022-01-17 12:30:00,1610612738,1610612740,Regular Season,2022,1,Boston Celtics,New Orleans Pelicans,0,0
22100655,2022-01-17 13:00:00,1610612752,1610612766,Regular Season,2022,0,New York Knicks,Charlotte Hornets,0,0
22100656,2022-01-17 14:00:00,1610612764,1610612755,Regular Season,2022,1,Washington Wizards,Philadelphia 76ers,0,0
22100657,2022-01-17 15:00:00,1610612739,1610612751,Regular Season,2022,1,Cleveland Cavaliers,Brooklyn Nets,0,0
22100658,2022-01-17 15:30:00,1610612763,1610612741,Regular Season,2022,1,Memphis Grizzlies,Chicago Bulls,0,0
22100659,2022-01-17 15:30:00,1610612746,1610612754,Regular Season,2022,1,Los Angeles Clippers,Indiana Pacers,0,0
22100660,2022-01-17 18:00:00,1610612737,1610612749,Regular Season,2022,1,Atlanta Hawks,Milwaukee Bucks,0,0
22100661,2022-01-17 19:00:00,1610612753,1610612757,Regular Season,2022,0,Orlando Magic,Portland Trail Blazers,0,0
22100662,2022-01-17 19:30:00,1610612748,1610612761,Regular Season,2022,1,Miami Heat,Toronto Raptors,0,0
22100663,2022-01-17 20:30:00,1610612742,1610612760,Regular Season,2022,1,Dallas Mavericks,Oklahoma City Thunder,0,0
22100664,2022-01-17 20:30:00,1610612759,1610612756,Regular Season,2022,0,San Antonio Spurs,Phoenix Suns,0,0
22100665,2022-01-17 22:30:00,1610612747,1610612762,Regular Season,2022,1,Los Angeles Lakers,Utah Jazz,0,0
22100666,2022-01-18 19:30:00,1610612752,1610612750,Regular Season,2022,0,New York Knicks,Minnesota Timberwolves,0,0
22100667,2022-01-18 22:00:00,1610612744,1610612765,Regular Season,2022,1,Golden State Warriors,Detroit Pistons,0,0
22100669,2022-01-19 19:00:00,1610612764,1610612751,Regular Season,2022,0,Washington Wizards,Brooklyn Nets,0,0
22100668,2022-01-19 19:00:00,1610612755,1610612753,Regular Season,2022,1,Philadelphia 76ers,Orlando Magic,0,0
22100672,2022-01-19 19:30:00,1610612748,1610612757,Regular Season,2022,1,Miami Heat,Portland Trail Blazers,0,0
22100671,2022-01-19 19:30:00,1610612738,1610612766,Regular Season,2022,0,Boston Celtics,Charlotte Hornets,0,0
22100670,2022-01-19 19:30:00,1610612737,1610612750,Regular Season,2022,1,Atlanta Hawks,Minnesota Timberwolves,0,0
22100674,2022-01-19 20:00:00,1610612749,1610612763,Regular Season,2022,1,Milwaukee Bucks,Memphis Grizzlies,0,0
22100673,2022-01-19 20:00:00,1610612741,1610612739,Regular Season,2022,1,Chicago Bulls,Cleveland Cavaliers,0,0
22100675,2022-01-19 20:30:00,1610612742,1610612761,Regular Season,2022,1,Dallas Mavericks,Toronto Raptors,0,0
22100676,2022-01-19 20:30:00,1610612759,1610612760,Regular Season,2022,1,San Antonio Spurs,Oklahoma City Thunder,0,0
22100677,2022-01-19 21:00:00,1610612762,1610612745,Regular Season,2022,0,Utah Jazz,Houston Rockets,0,0
22100679,2022-01-19 22:00:00,1610612758,1610612765,Regular Season,2022,0,Sacramento Kings,Detroit Pistons,0,0
22100678,2022-01-19 22:00:00,1610612743,1610612746,Regular Season,2022,1,Denver Nuggets,Los Angeles Clippers,0,0
22100680,2022-01-19 22:30:00,1610612747,1610612754,Regular Season,2022,0,Los Angeles Lakers,Indiana Pacers,0,0
22100682,2022-01-20 19:30:00,1610612742,1610612756,Regular Season,2022,0,Dallas Mavericks,Phoenix Suns,0,0
22100681,2022-01-20 19:30:00,1610612752,1610612740,Regular Season,2022,0,New York Knicks,New Orleans Pelicans,0,0
22100683,2022-01-20 22:00:00,1610612744,1610612754,Regular Season,2022,0,Golden State Warriors,Indiana Pacers,0,0
22100686,2022-01-21 19:00:00,1610612755,1610612746,Regular Season,2022,0,Philadelphia 76ers,Los Angeles Clippers,0,0
22100685,2022-01-21 19:00:00,1610612753,1610612747,Regular Season,2022,0,Orlando Magic,Los Angeles Lakers,0,0
22100684,2022-01-21 19:00:00,1610612766,1610612760,Regular Season,2022,1,Charlotte Hornets,Oklahoma City Thunder,0,0
22100688,2022-01-21 19:30:00,1610612738,1610612757,Regular Season,2022,0,Boston Celtics,Portland Trail Blazers,0,0
22100687,2022-01-21 19:30:00,1610612737,1610612748,Regular Season,2022,1,Atlanta Hawks,Miami Heat,0,0
22100689,2022-01-21 20:00:00,1610612764,1610612761,Regular Season,2022,0,Washington Wizards,Toronto Raptors,0,0
22100690,2022-01-21 20:00:00,1610612749,1610612741,Regular Season,2022,1,Milwaukee Bucks,Chicago Bulls,0,0
22100691,2022-01-21 20:30:00,1610612759,1610612751,Regular Season,2022,0,San Antonio Spurs,Brooklyn Nets,0,0
22100692,2022-01-21 21:00:00,1610612743,1610612763,Regular Season,2022,0,Denver Nuggets,Memphis Grizzlies,0,0
22100693,2022-01-21 21:00:00,1610612762,1610612765,Regular Season,2022,1,Utah Jazz,Detroit Pistons,0,0
22100694,2022-01-21 22:00:00,1610612744,1610612745,Regular Season,2022,1,Golden State Warriors,Houston Rockets,0,0
22100696,2022-01-22 19:00:00,1610612749,1610612758,Regular Season,2022,1,Milwaukee Bucks,Sacramento Kings,0,0
22100695,2022-01-22 20:00:00,1610612739,1610612760,Regular Season,2022,1,Cleveland Cavaliers,Oklahoma City Thunder,0,0
22100697,2022-01-22 21:00:00,1610612756,1610612754,Regular Season,2022,1,Phoenix Suns,Indiana Pacers,0,0
22100698,2022-01-23 13:00:00,1610612752,1610612746,Regular Season,2022,1,New York Knicks,Los Angeles Clippers,0,0
22100699,2022-01-23 15:30:00,1610612764,1610612738,Regular Season,2022,0,Washington Wizards,Boston Celtics,0,0
22100702,2022-01-23 18:00:00,1610612761,1610612757,Regular Season,2022,0,Toronto Raptors,Portland Trail Blazers,0,0
22100701,2022-01-23 18:00:00,1610612753,1610612741,Regular Season,2022,1,Orlando Magic,Chicago Bulls,0,0
22100700,2022-01-23 18:00:00,1610612748,1610612747,Regular Season,2022,1,Miami Heat,Los Angeles Lakers,0,0
22100704,2022-01-23 19:00:00,1610612759,1610612755,Regular Season,2022,0,San Antonio Spurs,Philadelphia 76ers,0,0
22100703,2022-01-23 19:00:00,1610612766,1610612737,Regular Season,2022,0,Charlotte Hornets,Atlanta Hawks,0,0
22100705,2022-01-23 19:30:00,1610612742,1610612763,Regular Season,2022,1,Dallas Mavericks,Memphis Grizzlies,0,0
22100706,2022-01-23 20:00:00,1610612750,1610612751,Regular Season,2022,1,Minnesota Timberwolves,Brooklyn Nets,0,0
22100707,2022-01-23 20:00:00,1610612743,1610612765,Regular Season,2022,1,Denver Nuggets,Detroit Pistons,0,0
22100708,2022-01-23 20:30:00,1610612744,1610612762,Regular Season,2022,1,Golden State Warriors,Utah Jazz,0,0
22100709,2022-01-24 19:00:00,1610612739,1610612752,Regular Season,2022,1,Cleveland Cavaliers,New York Knicks,0,0
22100730,2022-01-24 20:00:00,1610612760,1610612741,Regular Season,2022,0,Oklahoma City Thunder,Chicago Bulls,0,0
22100712,2022-01-24 20:00:00,1610612740,1610612754,Regular Season,2022,1,New Orleans Pelicans,Indiana Pacers,0,0
22100713,2022-01-24 21:00:00,1610612756,1610612762,Regular Season,2022,1,Phoenix Suns,Utah Jazz,0,0
22100716,2022-01-25 19:00:00,1610612764,1610612746,Regular Season,2022,0,Washington Wizards,Los Angeles Clippers,0,0
22100715,2022-01-25 19:00:00,1610612761,1610612766,Regular Season,2022,1,Toronto Raptors,Charlotte Hornets,0,0
22100714,2022-01-25 19:00:00,1610612765,1610612743,Regular Season,2022,0,Detroit Pistons,Denver Nuggets,0,0
22100454,2022-01-25 19:00:00,1610612755,1610612740,Regular Season,2022,1,Philadelphia 76ers,New Orleans Pelicans,0,0
22100718,2022-01-25 19:30:00,1610612751,1610612747,Regular Season,2022,0,Brooklyn Nets,Los Angeles Lakers,0,0
22100717,2022-01-25 19:30:00,1610612738,1610612758,Regular Season,2022,1,Boston Celtics,Sacramento Kings,0,0
22100719,2022-01-25 20:00:00,1610612745,1610612759,Regular Season,2022,0,Houston Rockets,San Antonio Spurs,0,0
22100720,2022-01-25 22:00:00,1610612744,1610612742,Regular Season,2022,1,Golden State Warriors,Dallas Mavericks,0,0
22100721,2022-01-25 22:00:00,1610612757,1610612750,Regular Season,2022,0,Portland Trail Blazers,Minnesota Timberwolves,0,0
22100723,2022-01-26 19:00:00,1610612754,1610612766,Regular Season,2022,0,Indiana Pacers,Charlotte Hornets,0,0
22100724,2022-01-26 19:00:00,1610612753,1610612746,Regular Season,2022,0,Orlando Magic,Los Angeles Clippers,0,0
22100722,2022-01-26 19:00:00,1610612739,1610612749,Regular Season,2022,1,Cleveland Cavaliers,Milwaukee Bucks,0,0
22100727,2022-01-26 19:30:00,1610612748,1610612752,Regular Season,2022,1,Miami Heat,New York Knicks,0,0
22100725,2022-01-26 19:30:00,1610612737,1610612758,Regular Season,2022,1,Atlanta Hawks,Sacramento Kings,0,0
22100472,2022-01-26 20:00:00,1610612741,1610612761,Regular Season,2022,1,Chicago Bulls,Toronto Raptors,0,0
22100453,2022-01-26 20:00:00,1610612751,1610612743,Regular Season,2022,0,Brooklyn Nets,Denver Nuggets,0,0
22100728,2022-01-26 20:30:00,1610612759,1610612763,Regular Season,2022,0,San Antonio Spurs,Memphis Grizzlies,0,0
22100732,2022-01-26 22:00:00,1610612757,1610612742,Regular Season,2022,0,Portland Trail Blazers,Dallas Mavericks,0,0
22100731,2022-01-26 22:00:00,1610612762,1610612756,Regular Season,2022,0,Utah Jazz,Phoenix Suns,0,0
22100733,2022-01-27 19:30:00,1610612755,1610612747,Regular Season,2022,1,Philadelphia 76ers,Los Angeles Lakers,0,0
22100734,2022-01-27 22:00:00,1610612744,1610612750,Regular Season,2022,1,Golden State Warriors,Minnesota Timberwolves,0,0
22100736,2022-01-28 19:00:00,1610612753,1610612765,Regular Season,2022,1,Orlando Magic,Detroit Pistons,0,0
22100737,2022-01-28 19:30:00,1610612737,1610612738,Regular Season,2022,1,Atlanta Hawks,Boston Celtics,0,0
22100735,2022-01-28 19:30:00,1610612766,1610612747,Regular Season,2022,1,Charlotte Hornets,Los Angeles Lakers,0,0
22100729,2022-01-28 20:00:00,1610612740,1610612743,Regular Season,2022,0,New Orleans Pelicans,Denver Nuggets,0,0
22100738,2022-01-28 20:00:00,1610612748,1610612746,Regular Season,2022,1,Miami Heat,Los Angeles Clippers,0,0
22100739,2022-01-28 20:00:00,1610612745,1610612757,Regular Season,2022,0,Houston Rockets,Portland Trail Blazers,0,0
22100741,2022-01-28 20:00:00,1610612760,1610612754,Regular Season,2022,0,Oklahoma City Thunder,Indiana Pacers,0,0
22100740,2022-01-28 20:00:00,1610612763,1610612762,Regular Season,2022,1,Memphis Grizzlies,Utah Jazz,0,0
22100742,2022-01-28 20:30:00,1610612759,1610612741,Regular Season,2022,1,San Antonio Spurs,Chicago Bulls,0,0
22100743,2022-01-28 21:00:00,1610612756,1610612750,Regular Season,2022,1,Phoenix Suns,Minnesota Timberwolves,0,0
22100744,2022-01-28 22:00:00,1610612749,1610612752,Regular Season,2022,1,Milwaukee Bucks,New York Knicks,0,0
22100746,2022-01-29 19:00:00,1610612742,1610612754,Regular Season,2022,1,Dallas Mavericks,Indiana Pacers,0,0
22100745,2022-01-29 19:00:00,1610612740,1610612738,Regular Season,2022,0,New Orleans Pelicans,Boston Celtics,0,0
22100747,2022-01-29 19:30:00,1610612755,1610612758,Regular Season,2022,1,Philadelphia 76ers,Sacramento Kings,0,0
22100749,2022-01-29 20:00:00,1610612763,1610612764,Regular Season,2022,1,Memphis Grizzlies,Washington Wizards,0,0
22100748,2022-01-29 20:00:00,1610612748,1610612761,Regular Season,2022,0,Miami Heat,Toronto Raptors,0,0
22100750,2022-01-29 20:30:00,1610612744,1610612751,Regular Season,2022,1,Golden State Warriors,Brooklyn Nets,0,0
22100751,2022-01-30 13:00:00,1610612737,1610612747,Regular Season,2022,1,Atlanta Hawks,Los Angeles Lakers,0,0
22100752,2022-01-30 13:00:00,1610612766,1610612746,Regular Season,2022,0,Charlotte Hornets,Los Angeles Clippers,0,0
22100753,2022-01-30 15:30:00,1610612741,1610612757,Regular Season,2022,1,Chicago Bulls,Portland Trail Blazers,0,0
22100754,2022-01-30 18:00:00,1610612765,1610612739,Regular Season,2022,1,Detroit Pistons,Cleveland Cavaliers,0,0
22100756,2022-01-30 19:00:00,1610612749,1610612743,Regular Season,2022,0,Milwaukee Bucks,Denver Nuggets,0,0
22100755,2022-01-30 19:00:00,1610612753,1610612742,Regular Season,2022,1,Orlando Magic,Dallas Mavericks,0,0
22100758,2022-01-30 20:00:00,1610612756,1610612759,Regular Season,2022,1,Phoenix Suns,San Antonio Spurs,0,0
22100757,2022-01-30 20:00:00,1610612750,1610612762,Regular Season,2022,1,Minnesota Timberwolves,Utah Jazz,0,0
22100761,2022-01-31 19:00:00,1610612755,1610612763,Regular Season,2022,1,Philadelphia 76ers,Memphis Grizzlies,0,0
22100760,2022-01-31 19:00:00,1610612754,1610612746,Regular Season,2022,1,Indiana Pacers,Los Angeles Clippers,0,0
22100759,2022-01-31 19:00:00,1610612739,1610612740,Regular Season,2022,1,Cleveland Cavaliers,New Orleans Pelicans,0,0
22100767,2022-01-31 19:30:00,1610612737,1610612761,Regular Season,2022,0,Atlanta Hawks,Toronto Raptors,0,0
22100763,2022-01-31 19:30:00,1610612752,1610612758,Regular Season,2022,1,New York Knicks,Sacramento Kings,0,0
22100762,2022-01-31 19:30:00,1610612738,1610612748,Regular Season,2022,1,Boston Celtics,Miami Heat,0,0
22100765,2022-01-31 20:00:00,1610612760,1610612757,Regular Season,2022,1,Oklahoma City Thunder,Portland Trail Blazers,0,0
22100764,2022-01-31 20:00:00,1610612745,1610612744,Regular Season,2022,0,Houston Rockets,Golden State Warriors,0,0
22100766,2022-02-01 19:00:00,1610612765,1610612740,Regular Season,2022,0,Detroit Pistons,New Orleans Pelicans,0,0
22100768,2022-02-01 19:30:00,1610612749,1610612764,Regular Season,2022,1,Milwaukee Bucks,Washington Wizards,0,0
22100784,2022-02-01 19:30:00,1610612761,1610612748,Regular Season,2022,1,Toronto Raptors,Miami Heat,0,0
22100770,2022-02-01 20:00:00,1610612750,1610612743,Regular Season,2022,1,Minnesota Timberwolves,Denver Nuggets,0,0
22100769,2022-02-01 20:00:00,1610612741,1610612753,Regular Season,2022,1,Chicago Bulls,Orlando Magic,0,0
22100771,2022-02-01 20:30:00,1610612759,1610612744,Regular Season,2022,0,San Antonio Spurs,Golden State Warriors,0,0
22100772,2022-02-01 22:00:00,1610612756,1610612751,Regular Season,2022,1,Phoenix Suns,Brooklyn Nets,0,0
22100774,2022-02-02 19:00:00,1610612755,1610612764,Regular Season,2022,0,Philadelphia 76ers,Washington Wizards,0,0
22100773,2022-02-02 19:00:00,1610612754,1610612753,Regular Season,2022,0,Indiana Pacers,Orlando Magic,0,0
22100776,2022-02-02 19:30:00,1610612752,1610612763,Regular Season,2022,0,New York Knicks,Memphis Grizzlies,0,0
22100775,2022-02-02 19:30:00,1610612738,1610612766,Regular Season,2022,1,Boston Celtics,Charlotte Hornets,0,0
22100777,2022-02-02 20:00:00,1610612745,1610612739,Regular Season,2022,1,Houston Rockets,Cleveland Cavaliers,0,0
22100778,2022-02-02 20:30:00,1610612742,1610612760,Regular Season,2022,0,Dallas Mavericks,Oklahoma City Thunder,0,0
22100780,2022-02-02 22:00:00,1610612758,1610612751,Regular Season,2022,1,Sacramento Kings,Brooklyn Nets,0,0
22100779,2022-02-02 22:00:00,1610612762,1610612743,Regular Season,2022,1,Utah Jazz,Denver Nuggets,0,0
22100781,2022-02-02 22:30:00,1610612747,1610612757,Regular Season,2022,1,Los Angeles Lakers,Portland Trail Blazers,0,0
22100521,2022-02-03 19:00:00,1610612759,1610612748,Regular Season,2022,0,San Antonio Spurs,Miami Heat,0,0
22100782,2022-02-03 19:00:00,1610612765,1610612750,Regular Season,2022,0,Detroit Pistons,Minnesota Timberwolves,0,0
22100430,2022-02-03 19:30:00,1610612761,1610612741,Regular Season,2022,1,Toronto Raptors,Chicago Bulls,0,0
22100783,2022-02-03 19:30:00,1610612737,1610612756,Regular Season,2022,1,Atlanta Hawks,Phoenix Suns,0,0
22100785,2022-02-03 22:00:00,1610612744,1610612758,Regular Season,2022,1,Golden State Warriors,Sacramento Kings,0,0
22100786,2022-02-03 22:00:00,1610612746,1610612747,Regular Season,2022,1,Los Angeles Clippers,Los Angeles Lakers,0,0
22100789,2022-02-04 19:00:00,1610612754,1610612741,Regular Season,2022,0,Indiana Pacers,Chicago Bulls,0,0
22100788,2022-02-04 19:00:00,1610612765,1610612738,Regular Season,2022,0,Detroit Pistons,Boston Celtics,0,0
22100787,2022-02-04 19:00:00,1610612766,1610612739,Regular Season,2022,0,Charlotte Hornets,Cleveland Cavaliers,0,0
22100790,2022-02-04 19:30:00,1610612761,1610612737,Regular Season,2022,1,Toronto Raptors,Atlanta Hawks,0,0
22100792,2022-02-04 20:30:00,1610612759,1610612745,Regular Season,2022,1,San Antonio Spurs,Houston Rockets,0,0
22100794,2022-02-04 21:00:00,1610612743,1610612740,Regular Season,2022,0,Denver Nuggets,New Orleans Pelicans,0,0
22100793,2022-02-04 21:00:00,1610612762,1610612751,Regular Season,2022,1,Utah Jazz,Brooklyn Nets,0,0
22100795,2022-02-04 22:00:00,1610612757,1610612760,Regular Season,2022,0,Portland Trail Blazers,Oklahoma City Thunder,0,0
22100791,2022-02-04 22:00:00,1610612742,1610612755,Regular Season,2022,1,Dallas Mavericks,Philadelphia 76ers,0,0
22100796,2022-02-05 17:00:00,1610612753,1610612763,Regular Season,2022,0,Orlando Magic,Memphis Grizzlies,0,0
22100797,2022-02-05 19:00:00,1610612766,1610612748,Regular Season,2022,0,Charlotte Hornets,Miami Heat,0,0
22100798,2022-02-05 19:00:00,1610612764,1610612756,Regular Season,2022,0,Washington Wizards,Phoenix Suns,0,0
22100799,2022-02-05 20:30:00,1610612747,1610612752,Regular Season,2022,1,Los Angeles Lakers,New York Knicks,0,0
22100801,2022-02-05 22:00:00,1610612758,1610612760,Regular Season,2022,1,Sacramento Kings,Oklahoma City Thunder,0,0
22100800,2022-02-05 22:00:00,1610612757,1610612749,Regular Season,2022,0,Portland Trail Blazers,Milwaukee Bucks,0,0
22100804,2022-02-06 15:30:00,1610612743,1610612751,Regular Season,2022,1,Denver Nuggets,Brooklyn Nets,0,0
22100803,2022-02-06 15:30:00,1610612750,1610612765,Regular Season,2022,1,Minnesota Timberwolves,Detroit Pistons,0,0
22100802,2022-02-06 15:30:00,1610612741,1610612755,Regular Season,2022,0,Chicago Bulls,Philadelphia 76ers,0,0
22100807,2022-02-06 18:00:00,1610612742,1610612737,Regular Season,2022,1,Dallas Mavericks,Atlanta Hawks,0,0
22100806,2022-02-06 18:00:00,1610612753,1610612738,Regular Season,2022,0,Orlando Magic,Boston Celtics,0,0
22100805,2022-02-06 18:00:00,1610612739,1610612754,Regular Season,2022,1,Cleveland Cavaliers,Indiana Pacers,0,0
22100808,2022-02-06 19:00:00,1610612745,1610612740,Regular Season,2022,0,Houston Rockets,New Orleans Pelicans,0,0
22100809,2022-02-06 21:00:00,1610612746,1610612749,Regular Season,2022,0,Los Angeles Clippers,Milwaukee Bucks,0,0
22100810,2022-02-07 19:00:00,1610612766,1610612761,Regular Season,2022,0,Charlotte Hornets,Toronto Raptors,0,0
22100811,2022-02-07 19:00:00,1610612764,1610612748,Regular Season,2022,0,Washington Wizards,Miami Heat,0,0
22100813,2022-02-07 20:00:00,1610612760,1610612744,Regular Season,2022,0,Oklahoma City Thunder,Golden State Warriors,0,0
22100812,2022-02-07 20:00:00,1610612741,1610612756,Regular Season,2022,0,Chicago Bulls,Phoenix Suns,0,0
22100814,2022-02-07 21:00:00,1610612762,1610612752,Regular Season,2022,1,Utah Jazz,New York Knicks,0,0
22100815,2022-02-08 19:00:00,1610612755,1610612756,Regular Season,2022,0,Philadelphia 76ers,Phoenix Suns,0,0
22100817,2022-02-08 19:30:00,1610612751,1610612738,Regular Season,2022,0,Brooklyn Nets,Boston Celtics,0,0
22100816,2022-02-08 19:30:00,1610612737,1610612754,Regular Season,2022,1,Atlanta Hawks,Indiana Pacers,0,0
22100819,2022-02-08 20:00:00,1610612740,1610612745,Regular Season,2022,1,New Orleans Pelicans,Houston Rockets,0,0
22100818,2022-02-08 20:00:00,1610612763,1610612746,Regular Season,2022,1,Memphis Grizzlies,Los Angeles Clippers,0,0
22100820,2022-02-08 20:30:00,1610612742,1610612765,Regular Season,2022,1,Dallas Mavericks,Detroit Pistons,0,0
22100821,2022-02-08 21:00:00,1610612743,1610612752,Regular Season,2022,1,Denver Nuggets,New York Knicks,0,0
22100824,2022-02-08 22:00:00,1610612758,1610612750,Regular Season,2022,0,Sacramento Kings,Minnesota Timberwolves,0,0
22100823,2022-02-08 22:00:00,1610612757,1610612753,Regular Season,2022,0,Portland Trail Blazers,Orlando Magic,0,0
22100822,2022-02-08 22:00:00,1610612747,1610612749,Regular Season,2022,0,Los Angeles Lakers,Milwaukee Bucks,0,0
22100825,2022-02-09 19:00:00,1610612739,1610612759,Regular Season,2022,1,Cleveland Cavaliers,San Antonio Spurs,0,0
22100826,2022-02-09 19:30:00,1610612766,1610612741,Regular Season,2022,0,Charlotte Hornets,Chicago Bulls,0,0
22100827,2022-02-09 20:00:00,1610612760,1610612761,Regular Season,2022,0,Oklahoma City Thunder,Toronto Raptors,0,0
22100830,2022-02-09 22:00:00,1610612758,1610612750,Regular Season,2022,1,Sacramento Kings,Minnesota Timberwolves,0,0
22100829,2022-02-09 22:00:00,1610612757,1610612747,Regular Season,2022,1,Portland Trail Blazers,Los Angeles Lakers,0,0
22100828,2022-02-09 22:00:00,1610612762,1610612744,Regular Season,2022,1,Utah Jazz,Golden State Warriors,0,0
22100831,2022-02-10 19:00:00,1610612765,1610612763,Regular Season,2022,0,Detroit Pistons,Memphis Grizzlies,0,0
22100833,2022-02-10 19:30:00,1610612740,1610612748,Regular Season,2022,0,New Orleans Pelicans,Miami Heat,0,0
22100832,2022-02-10 19:30:00,1610612764,1610612751,Regular Season,2022,1,Washington Wizards,Brooklyn Nets,0,0
22100834,2022-02-10 20:00:00,1610612745,1610612761,Regular Season,2022,0,Houston Rockets,Toronto Raptors,0,0
22100835,2022-02-10 20:30:00,1610612742,1610612746,Regular Season,2022,1,Dallas Mavericks,Los Angeles Clippers,0,0
22100837,2022-02-10 22:00:00,1610612744,1610612752,Regular Season,2022,0,Golden State Warriors,New York Knicks,0,0
22100836,2022-02-10 22:00:00,1610612756,1610612749,Regular Season,2022,1,Phoenix Suns,Milwaukee Bucks,0,0
22100840,2022-02-11 19:00:00,1610612755,1610612760,Regular Season,2022,1,Philadelphia 76ers,Oklahoma City Thunder,0,0
22100839,2022-02-11 19:00:00,1610612754,1610612739,Regular Season,2022,0,Indiana Pacers,Cleveland Cavaliers,0,0
22100838,2022-02-11 19:00:00,1610612765,1610612766,Regular Season,2022,0,Detroit Pistons,Charlotte Hornets,0,0
22100841,2022-02-11 19:30:00,1610612737,1610612759,Regular Season,2022,0,Atlanta Hawks,San Antonio Spurs,0,0
22100842,2022-02-11 19:30:00,1610612738,1610612743,Regular Season,2022,1,Boston Celtics,Denver Nuggets,0,0
22100843,2022-02-11 20:00:00,1610612741,1610612750,Regular Season,2022,1,Chicago Bulls,Minnesota Timberwolves,0,0
22100844,2022-02-11 21:00:00,1610612762,1610612753,Regular Season,2022,1,Utah Jazz,Orlando Magic,0,0
22100845,2022-02-12 17:00:00,1610612757,1610612752,Regular Season,2022,1,Portland Trail Blazers,New York Knicks,0,0
22100847,2022-02-12 19:00:00,1610612764,1610612758,Regular Season,2022,0,Washington Wizards,Sacramento Kings,0,0
22100848,2022-02-12 19:00:00,1610612740,1610612759,Regular Season,2022,0,New Orleans Pelicans,San Antonio Spurs,0,0
22100846,2022-02-12 19:00:00,1610612766,1610612763,Regular Season,2022,0,Charlotte Hornets,Memphis Grizzlies,0,0
22100850,2022-02-12 19:30:00,1610612761,1610612743,Regular Season,2022,0,Toronto Raptors,Denver Nuggets,0,0
22100849,2022-02-12 19:30:00,1610612755,1610612739,Regular Season,2022,1,Philadelphia 76ers,Cleveland Cavaliers,0,0
22100852,2022-02-12 20:00:00,1610612741,1610612760,Regular Season,2022,1,Chicago Bulls,Oklahoma City Thunder,0,0
22100851,2022-02-12 20:00:00,1610612748,1610612751,Regular Season,2022,1,Miami Heat,Brooklyn Nets,0,0
22100854,2022-02-12 20:30:00,1610612744,1610612747,Regular Season,2022,1,Golden State Warriors,Los Angeles Lakers,0,0
22100853,2022-02-12 20:30:00,1610612742,1610612746,Regular Season,2022,0,Dallas Mavericks,Los Angeles Clippers,0,0
22100855,2022-02-12 21:00:00,1610612756,1610612753,Regular Season,2022,1,Phoenix Suns,Orlando Magic,0,0
22100856,2022-02-13 14:00:00,1610612738,1610612737,Regular Season,2022,1,Boston Celtics,Atlanta Hawks,0,0
22100857,2022-02-13 15:00:00,1610612754,1610612750,Regular Season,2022,0,Indiana Pacers,Minnesota Timberwolves,0,0
22100858,2022-02-14 19:00:00,1610612764,1610612765,Regular Season,2022,1,Washington Wizards,Detroit Pistons,0,0
22100860,2022-02-14 19:30:00,1610612752,1610612760,Regular Season,2022,0,New York Knicks,Oklahoma City Thunder,0,0
22100859,2022-02-14 19:30:00,1610612751,1610612758,Regular Season,2022,1,Brooklyn Nets,Sacramento Kings,0,0
22100863,2022-02-14 20:00:00,1610612740,1610612761,Regular Season,2022,1,New Orleans Pelicans,Toronto Raptors,0,0
22100862,2022-02-14 20:00:00,1610612749,1610612757,Regular Season,2022,0,Milwaukee Bucks,Portland Trail Blazers,0,0
22100861,2022-02-14 20:00:00,1610612741,1610612759,Regular Season,2022,1,Chicago Bulls,San Antonio Spurs,0,0
22100865,2022-02-14 21:00:00,1610612762,1610612745,Regular Season,2022,1,Utah Jazz,Houston Rockets,0,0
22100864,2022-02-14 21:00:00,1610612743,1610612753,Regular Season,2022,1,Denver Nuggets,Orlando Magic,0,0
22100866,2022-02-14 22:30:00,1610612746,1610612744,Regular Season,2022,1,Los Angeles Clippers,Golden State Warriors,0,0
22100867,2022-02-15 19:30:00,1610612737,1610612739,Regular Season,2022,1,Atlanta Hawks,Cleveland Cavaliers,0,0
22100869,2022-02-15 19:30:00,1610612755,1610612738,Regular Season,2022,0,Philadelphia 76ers,Boston Celtics,0,0
22100868,2022-02-15 19:30:00,1610612748,1610612742,Regular Season,2022,0,Miami Heat,Dallas Mavericks,0,0
22100872,2022-02-15 20:00:00,1610612740,1610612763,Regular Season,2022,0,New Orleans Pelicans,Memphis Grizzlies,0,0
22100871,2022-02-15 20:00:00,1610612750,1610612766,Regular Season,2022,1,Minnesota Timberwolves,Charlotte Hornets,0,0
22100870,2022-02-15 20:00:00,1610612749,1610612754,Regular Season,2022,1,Milwaukee Bucks,Indiana Pacers,0,0
22100873,2022-02-15 22:00:00,1610612756,1610612746,Regular Season,2022,1,Phoenix Suns,Los Angeles Clippers,0,0
22100874,2022-02-16 19:00:00,1610612753,1610612737,Regular Season,2022,0,Orlando Magic,Atlanta Hawks,0,0
22100877,2022-02-16 19:30:00,1610612752,1610612751,Regular Season,2022,0,New York Knicks,Brooklyn Nets,0,0
22100876,2022-02-16 19:30:00,1610612754,1610612764,Regular Season,2022,1,Indiana Pacers,Washington Wizards,0,0
22100875,2022-02-16 19:30:00,1610612738,1610612765,Regular Season,2022,0,Boston Celtics,Detroit Pistons,0,0
22100881,2022-02-16 20:00:00,1610612760,1610612759,Regular Season,2022,0,Oklahoma City Thunder,San Antonio Spurs,0,0
22100880,2022-02-16 20:00:00,1610612750,1610612761,Regular Season,2022,0,Minnesota Timberwolves,Toronto Raptors,0,0
22100879,2022-02-16 20:00:00,1610612763,1610612757,Regular Season,2022,0,Memphis Grizzlies,Portland Trail Blazers,0,0
22100878,2022-02-16 20:00:00,1610612741,1610612758,Regular Season,2022,1,Chicago Bulls,Sacramento Kings,0,0
22100882,2022-02-16 21:00:00,1610612756,1610612745,Regular Season,2022,1,Phoenix Suns,Houston Rockets,0,0
22100883,2022-02-16 22:00:00,1610612744,1610612743,Regular Season,2022,0,Golden State Warriors,Denver Nuggets,0,0
22100884,2022-02-16 22:00:00,1610612747,1610612762,Regular Season,2022,1,Los Angeles Lakers,Utah Jazz,0,0
22100885,2022-02-17 19:00:00,1610612766,1610612748,Regular Season,2022,0,Charlotte Hornets,Miami Heat,0,0
22100464,2022-02-17 19:30:00,1610612751,1610612764,Regular Season,2022,0,Brooklyn Nets,Washington Wizards,0,0
22100886,2022-02-17 20:00:00,1610612740,1610612742,Regular Season,2022,0,New Orleans Pelicans,Dallas Mavericks,0,0
22100887,2022-02-17 20:30:00,1610612749,1610612755,Regular Season,2022,0,Milwaukee Bucks,Philadelphia 76ers,0,0
22100888,2022-02-17 22:30:00,1610612746,1610612745,Regular Season,2022,1,Los Angeles Clippers,Houston Rockets,0,0
22100889,2022-02-24 19:00:00,1610612765,1610612739,Regular Season,2022,1,Detroit Pistons,Cleveland Cavaliers,0,0
22100890,2022-02-24 19:30:00,1610612751,1610612738,Regular Season,2022,0,Brooklyn Nets,Boston Celtics,0,0
22100893,2022-02-24 20:00:00,1610612760,1610612756,Regular Season,2022,0,Oklahoma City Thunder,Phoenix Suns,0,0
22100892,2022-02-24 20:00:00,1610612750,1610612763,Regular Season,2022,1,Minnesota Timberwolves,Memphis Grizzlies,0,0
22100891,2022-02-24 20:00:00,1610612741,1610612737,Regular Season,2022,1,Chicago Bulls,Atlanta Hawks,0,0
22100895,2022-02-24 22:00:00,1610612758,1610612743,Regular Season,2022,0,Sacramento Kings,Denver Nuggets,0,0
22100894,2022-02-24 22:00:00,1610612757,1610612744,Regular Season,2022,0,Portland Trail Blazers,Golden State Warriors,0,0
22100896,2022-02-25 19:00:00,1610612766,1610612761,Regular Season,2022,1,Charlotte Hornets,Toronto Raptors,0,0
22100898,2022-02-25 19:00:00,1610612753,1610612745,Regular Season,2022,1,Orlando Magic,Houston Rockets,0,0
22100897,2022-02-25 19:00:00,1610612754,1610612760,Regular Season,2022,0,Indiana Pacers,Oklahoma City Thunder,0,0
22100899,2022-02-25 19:00:00,1610612764,1610612759,Regular Season,2022,0,Washington Wizards,San Antonio Spurs,0,0
22100900,2022-02-25 19:30:00,1610612752,1610612748,Regular Season,2022,0,New York Knicks,Miami Heat,0,0
22100901,2022-02-25 20:00:00,1610612750,1610612755,Regular Season,2022,0,Minnesota Timberwolves,Philadelphia 76ers,0,0
22100903,2022-02-25 21:00:00,1610612762,1610612742,Regular Season,2022,1,Utah Jazz,Dallas Mavericks,0,0
22100902,2022-02-25 21:00:00,1610612756,1610612740,Regular Season,2022,0,Phoenix Suns,New Orleans Pelicans,0,0
22100904,2022-02-25 22:00:00,1610612747,1610612746,Regular Season,2022,0,Los Angeles Lakers,Los Angeles Clippers,0,0
22100905,2022-02-26 12:00:00,1610612765,1610612738,Regular Season,2022,0,Detroit Pistons,Boston Celtics,0,0
22100906,2022-02-26 19:30:00,1610612737,1610612761,Regular Season,2022,1,Atlanta Hawks,Toronto Raptors,0,0
22100907,2022-02-26 20:00:00,1610612739,1610612764,Regular Season,2022,1,Cleveland Cavaliers,Washington Wizards,0,0
22100909,2022-02-26 20:00:00,1610612741,1610612763,Regular Season,2022,0,Chicago Bulls,Memphis Grizzlies,0,0
22100908,2022-02-26 20:00:00,1610612748,1610612759,Regular Season,2022,1,Miami Heat,San Antonio Spurs,0,0
22100910,2022-02-26 20:30:00,1610612749,1610612751,Regular Season,2022,0,Milwaukee Bucks,Brooklyn Nets,0,0
22100911,2022-02-26 21:00:00,1610612743,1610612758,Regular Season,2022,1,Denver Nuggets,Sacramento Kings,0,0
22100912,2022-02-27 13:00:00,1610612752,1610612755,Regular Season,2022,0,New York Knicks,Philadelphia 76ers,0,0
22100913,2022-02-27 15:30:00,1610612756,1610612762,Regular Season,2022,0,Phoenix Suns,Utah Jazz,0,0
22100914,2022-02-27 17:00:00,1610612754,1610612738,Regular Season,2022,1,Indiana Pacers,Boston Celtics,0,0
22100915,2022-02-27 19:00:00,1610612766,1610612765,Regular Season,2022,0,Charlotte Hornets,Detroit Pistons,0,0
22100916,2022-02-27 19:00:00,1610612745,1610612746,Regular Season,2022,0,Houston Rockets,Los Angeles Clippers,0,0
22100917,2022-02-27 19:30:00,1610612744,1610612742,Regular Season,2022,0,Golden State Warriors,Dallas Mavericks,0,0
22100918,2022-02-27 21:00:00,1610612757,1610612743,Regular Season,2022,0,Portland Trail Blazers,Denver Nuggets,0,0
22100919,2022-02-27 22:00:00,1610612747,1610612740,Regular Season,2022,0,Los Angeles Lakers,New Orleans Pelicans,0,0
22100921,2022-02-28 19:00:00,1610612753,1610612754,Regular Season,2022,1,Orlando Magic,Indiana Pacers,0,0
22100920,2022-02-28 19:00:00,1610612739,1610612750,Regular Season,2022,0,Cleveland Cavaliers,Minnesota Timberwolves,0,0
22100922,2022-02-28 19:30:00,1610612748,1610612741,Regular Season,2022,1,Miami Heat,Chicago Bulls,0,0
22100726,2022-02-28 19:30:00,1610612751,1610612761,Regular Season,2022,0,Brooklyn Nets,Toronto Raptors,0,0
22100925,2022-02-28 20:00:00,1610612760,1610612758,Regular Season,2022,0,Oklahoma City Thunder,Sacramento Kings,0,0
22100924,2022-02-28 20:00:00,1610612749,1610612766,Regular Season,2022,1,Milwaukee Bucks,Charlotte Hornets,0,0
22100923,2022-02-28 20:00:00,1610612763,1610612759,Regular Season,2022,1,Memphis Grizzlies,San Antonio Spurs,0,0
22100926,2022-03-01 19:00:00,1610612764,1610612765,Regular Season,2022,1,Washington Wizards,Detroit Pistons,0,0
22100927,2022-03-01 19:30:00,1610612738,1610612737,Regular Season,2022,1,Boston Celtics,Atlanta Hawks,0,0
22100928,2022-03-01 19:30:00,1610612761,1610612751,Regular Season,2022,1,Toronto Raptors,Brooklyn Nets,0,0
22100930,2022-03-01 20:00:00,1610612750,1610612744,Regular Season,2022,1,Minnesota Timberwolves,Golden State Warriors,0,0
22100929,2022-03-01 20:00:00,1610612745,1610612746,Regular Season,2022,0,Houston Rockets,Los Angeles Clippers,0,0
22100931,2022-03-01 22:00:00,1610612747,1610612742,Regular Season,2022,0,Los Angeles Lakers,Dallas Mavericks,0,0
22100933,2022-03-02 19:00:00,1610612753,1610612754,Regular Season,2022,0,Orlando Magic,Indiana Pacers,0,0
22100932,2022-03-02 19:00:00,1610612739,1610612766,Regular Season,2022,0,Cleveland Cavaliers,Charlotte Hornets,0,0
22100934,2022-03-02 19:30:00,1610612755,1610612752,Regular Season,2022,1,Philadelphia 76ers,New York Knicks,0,0
22100937,2022-03-02 20:00:00,1610612740,1610612758,Regular Season,2022,1,New Orleans Pelicans,Sacramento Kings,0,0
22100936,2022-03-02 20:00:00,1610612749,1610612748,Regular Season,2022,1,Milwaukee Bucks,Miami Heat,0,0
22100935,2022-03-02 20:00:00,1610612745,1610612762,Regular Season,2022,0,Houston Rockets,Utah Jazz,0,0
22100938,2022-03-02 21:00:00,1610612743,1610612760,Regular Season,2022,0,Denver Nuggets,Oklahoma City Thunder,0,0
22100939,2022-03-02 22:00:00,1610612756,1610612757,Regular Season,2022,1,Phoenix Suns,Portland Trail Blazers,0,0
22100710,2022-03-03 19:00:00,1610612737,1610612741,Regular Season,2022,1,Atlanta Hawks,Chicago Bulls,0,0
22100941,2022-03-03 19:30:00,1610612751,1610612748,Regular Season,2022,0,Brooklyn Nets,Miami Heat,0,0
22100942,2022-03-03 19:30:00,1610612761,1610612765,Regular Season,2022,0,Toronto Raptors,Detroit Pistons,0,0
22100940,2022-03-03 19:30:00,1610612738,1610612763,Regular Season,2022,1,Boston Celtics,Memphis Grizzlies,0,0
22100944,2022-03-03 20:30:00,1610612759,1610612758,Regular Season,2022,0,San Antonio Spurs,Sacramento Kings,0,0
22100943,2022-03-03 20:30:00,1610612742,1610612744,Regular Season,2022,1,Dallas Mavericks,Golden State Warriors,0,0
22100945,2022-03-03 22:00:00,1610612746,1610612747,Regular Season,2022,1,Los Angeles Clippers,Los Angeles Lakers,0,0
22100948,2022-03-04 19:00:00,1610612764,1610612737,Regular Season,2022,0,Washington Wizards,Atlanta Hawks,0,0
22100947,2022-03-04 19:00:00,1610612755,1610612739,Regular Season,2022,1,Philadelphia 76ers,Cleveland Cavaliers,0,0
22100946,2022-03-04 19:00:00,1610612765,1610612754,Regular Season,2022,1,Detroit Pistons,Indiana Pacers,0,0
22100949,2022-03-04 19:30:00,1610612741,1610612749,Regular Season,2022,0,Chicago Bulls,Milwaukee Bucks,0,0
22100458,2022-03-04 19:30:00,1610612761,1610612753,Regular Season,2022,0,Toronto Raptors,Orlando Magic,0,0
22100951,2022-03-04 20:00:00,1610612760,1610612750,Regular Season,2022,0,Oklahoma City Thunder,Minnesota Timberwolves,0,0
22100950,2022-03-04 20:00:00,1610612740,1610612762,Regular Season,2022,1,New Orleans Pelicans,Utah Jazz,0,0
22100952,2022-03-04 21:00:00,1610612743,1610612745,Regular Season,2022,1,Denver Nuggets,Houston Rockets,0,0
22100953,2022-03-04 22:00:00,1610612756,1610612752,Regular Season,2022,1,Phoenix Suns,New York Knicks,0,0
22100954,2022-03-05 17:00:00,1610612742,1610612758,Regular Season,2022,1,Dallas Mavericks,Sacramento Kings,0,0
22100955,2022-03-05 19:00:00,1610612766,1610612759,Regular Season,2022,1,Charlotte Hornets,San Antonio Spurs,0,0
22100958,2022-03-05 20:00:00,1610612750,1610612757,Regular Season,2022,1,Minnesota Timberwolves,Portland Trail Blazers,0,0
22100957,2022-03-05 20:00:00,1610612763,1610612753,Regular Season,2022,1,Memphis Grizzlies,Orlando Magic,0,0
22100956,2022-03-05 20:00:00,1610612748,1610612755,Regular Season,2022,1,Miami Heat,Philadelphia 76ers,0,0
22100959,2022-03-05 20:30:00,1610612747,1610612744,Regular Season,2022,1,Los Angeles Lakers,Golden State Warriors,0,0
22100960,2022-03-06 13:00:00,1610612738,1610612751,Regular Season,2022,1,Boston Celtics,Brooklyn Nets,0,0
22100961,2022-03-06 15:30:00,1610612749,1610612756,Regular Season,2022,1,Milwaukee Bucks,Phoenix Suns,0,0
22100963,2022-03-06 18:00:00,1610612764,1610612754,Regular Season,2022,1,Washington Wizards,Indiana Pacers,0,0
22100965,2022-03-06 19:00:00,1610612760,1610612762,Regular Season,2022,0,Oklahoma City Thunder,Utah Jazz,0,0
22100964,2022-03-06 19:00:00,1610612745,1610612763,Regular Season,2022,1,Houston Rockets,Memphis Grizzlies,0,0
22100962,2022-03-06 19:30:00,1610612739,1610612761,Regular Season,2022,1,Cleveland Cavaliers,Toronto Raptors,0,0
22100967,2022-03-06 20:00:00,1610612743,1610612740,Regular Season,2022,1,Denver Nuggets,New Orleans Pelicans,0,0
22100966,2022-03-06 22:00:00,1610612746,1610612752,Regular Season,2022,0,Los Angeles Clippers,New York Knicks,0,0
22100968,2022-03-07 19:00:00,1610612765,1610612737,Regular Season,2022,1,Detroit Pistons,Atlanta Hawks,0,0
22100969,2022-03-07 19:00:00,1610612755,1610612741,Regular Season,2022,1,Philadelphia 76ers,Chicago Bulls,0,0
22100970,2022-03-07 19:30:00,1610612748,1610612745,Regular Season,2022,1,Miami Heat,Houston Rockets,0,0
22100971,2022-03-07 20:00:00,1610612750,1610612757,Regular Season,2022,1,Minnesota Timberwolves,Portland Trail Blazers,0,0
22100973,2022-03-07 20:30:00,1610612759,1610612747,Regular Season,2022,1,San Antonio Spurs,Los Angeles Lakers,0,0
22100972,2022-03-07 20:30:00,1610612742,1610612762,Regular Season,2022,1,Dallas Mavericks,Utah Jazz,0,0
22100528,2022-03-07 21:00:00,1610612743,1610612744,Regular Season,2022,1,Denver Nuggets,Golden State Warriors,0,0
22100974,2022-03-07 22:30:00,1610612758,1610612752,Regular Season,2022,0,Sacramento Kings,New York Knicks,0,0
22100977,2022-03-08 19:00:00,1610612753,1610612756,Regular Season,2022,0,Orlando Magic,Phoenix Suns,0,0
22100976,2022-03-08 19:00:00,1610612754,1610612739,Regular Season,2022,0,Indiana Pacers,Cleveland Cavaliers,0,0
22100975,2022-03-08 19:00:00,1610612766,1610612751,Regular Season,2022,0,Charlotte Hornets,Brooklyn Nets,0,0
22100978,2022-03-08 19:30:00,1610612763,1610612740,Regular Season,2022,1,Memphis Grizzlies,New Orleans Pelicans,0,0
22100979,2022-03-08 20:00:00,1610612760,1610612749,Regular Season,2022,0,Oklahoma City Thunder,Milwaukee Bucks,0,0
22100980,2022-03-08 22:00:00,1610612744,1610612746,Regular Season,2022,1,Golden State Warriors,Los Angeles Clippers,0,0
22100982,2022-03-09 19:00:00,1610612765,1610612741,Regular Season,2022,0,Detroit Pistons,Chicago Bulls,0,0
22100981,2022-03-09 19:00:00,1610612766,1610612738,Regular Season,2022,0,Charlotte Hornets,Boston Celtics,0,0
22100983,2022-03-09 19:30:00,1610612748,1610612756,Regular Season,2022,0,Miami Heat,Phoenix Suns,0,0
22100984,2022-03-09 20:00:00,1610612749,1610612737,Regular Season,2022,1,Milwaukee Bucks,Atlanta Hawks,0,0
22100985,2022-03-09 20:00:00,1610612745,1610612747,Regular Season,2022,1,Houston Rockets,Los Angeles Lakers,0,0
22100987,2022-03-09 20:00:00,1610612740,1610612753,Regular Season,2022,0,New Orleans Pelicans,Orlando Magic,0,0
22100986,2022-03-09 20:00:00,1610612750,1610612760,Regular Season,2022,1,Minnesota Timberwolves,Oklahoma City Thunder,0,0
22100989,2022-03-09 20:30:00,1610612759,1610612761,Regular Season,2022,0,San Antonio Spurs,Toronto Raptors,0,0
22100988,2022-03-09 20:30:00,1610612742,1610612752,Regular Season,2022,0,Dallas Mavericks,New York Knicks,0,0
22100991,2022-03-09 22:00:00,1610612758,1610612743,Regular Season,2022,0,Sacramento Kings,Denver Nuggets,0,0
22100990,2022-03-09 22:00:00,1610612762,1610612757,Regular Season,2022,1,Utah Jazz,Portland Trail Blazers,0,0
22100992,2022-03-09 22:30:00,1610612746,1610612764,Regular Season,2022,1,Los Angeles Clippers,Washington Wizards,0,0
22100993,2022-03-10 19:30:00,1610612755,1610612751,Regular Season,2022,0,Philadelphia 76ers,Brooklyn Nets,0,0
22100994,2022-03-10 22:00:00,1610612743,1610612744,Regular Season,2022,0,Denver Nuggets,Golden State Warriors,0,0
22100995,2022-03-11 19:00:00,1610612753,1610612750,Regular Season,2022,1,Orlando Magic,Minnesota Timberwolves,0,0
22100997,2022-03-11 19:30:00,1610612738,1610612765,Regular Season,2022,1,Boston Celtics,Detroit Pistons,0,0
22100996,2022-03-11 19:30:00,1610612737,1610612746,Regular Season,2022,1,Atlanta Hawks,Los Angeles Clippers,0,0
22100998,2022-03-11 20:00:00,1610612748,1610612739,Regular Season,2022,1,Miami Heat,Cleveland Cavaliers,0,0
22100999,2022-03-11 20:00:00,1610612745,1610612742,Regular Season,2022,0,Houston Rockets,Dallas Mavericks,0,0
22101001,2022-03-11 20:00:00,1610612740,1610612766,Regular Season,2022,0,New Orleans Pelicans,Charlotte Hornets,0,0
22101000,2022-03-11 20:00:00,1610612763,1610612752,Regular Season,2022,1,Memphis Grizzlies,New York Knicks,0,0
22101002,2022-03-11 20:30:00,1610612759,1610612762,Regular Season,2022,1,San Antonio Spurs,Utah Jazz,0,0
22101003,2022-03-11 21:00:00,1610612756,1610612761,Regular Season,2022,0,Phoenix Suns,Toronto Raptors,0,0
22101004,2022-03-11 22:30:00,1610612747,1610612764,Regular Season,2022,1,Los Angeles Lakers,Washington Wizards,0,0
22101007,2022-03-12 20:00:00,1610612759,1610612754,Regular Season,2022,0,San Antonio Spurs,Indiana Pacers,0,0
22101006,2022-03-12 20:00:00,1610612741,1610612739,Regular Season,2022,1,Chicago Bulls,Cleveland Cavaliers,0,0
22101005,2022-03-12 20:00:00,1610612748,1610612750,Regular Season,2022,0,Miami Heat,Minnesota Timberwolves,0,0
22101008,2022-03-12 20:30:00,1610612744,1610612749,Regular Season,2022,1,Golden State Warriors,Milwaukee Bucks,0,0
22101010,2022-03-12 21:00:00,1610612762,1610612758,Regular Season,2022,1,Utah Jazz,Sacramento Kings,0,0
22101009,2022-03-12 21:00:00,1610612743,1610612761,Regular Season,2022,0,Denver Nuggets,Toronto Raptors,0,0
22101011,2022-03-12 22:00:00,1610612757,1610612764,Regular Season,2022,1,Portland Trail Blazers,Washington Wizards,0,0
22101012,2022-03-13 13:00:00,1610612751,1610612752,Regular Season,2022,1,Brooklyn Nets,New York Knicks,0,0
22101013,2022-03-13 15:00:00,1610612765,1610612746,Regular Season,2022,0,Detroit Pistons,Los Angeles Clippers,0,0
22101014,2022-03-13 15:30:00,1610612738,1610612742,Regular Season,2022,0,Boston Celtics,Dallas Mavericks,0,0
22101015,2022-03-13 18:00:00,1610612753,1610612755,Regular Season,2022,0,Orlando Magic,Philadelphia 76ers,0,0
22101018,2022-03-13 19:00:00,1610612760,1610612763,Regular Season,2022,0,Oklahoma City Thunder,Memphis Grizzlies,0,0
22101017,2022-03-13 19:00:00,1610612740,1610612745,Regular Season,2022,1,New Orleans Pelicans,Houston Rockets,0,0
22101016,2022-03-13 19:00:00,1610612737,1610612754,Regular Season,2022,1,Atlanta Hawks,Indiana Pacers,0,0
22101019,2022-03-13 21:00:00,1610612756,1610612747,Regular Season,2022,1,Phoenix Suns,Los Angeles Lakers,0,0
22101020,2022-03-14 19:00:00,1610612739,1610612746,Regular Season,2022,1,Cleveland Cavaliers,Los Angeles Clippers,0,0
22101022,2022-03-14 19:30:00,1610612755,1610612743,Regular Season,2022,0,Philadelphia 76ers,Denver Nuggets,0,0
22101021,2022-03-14 19:30:00,1610612737,1610612757,Regular Season,2022,1,Atlanta Hawks,Portland Trail Blazers,0,0
22101023,2022-03-14 20:00:00,1610612760,1610612766,Regular Season,2022,0,Oklahoma City Thunder,Charlotte Hornets,0,0
22101024,2022-03-14 20:30:00,1610612759,1610612750,Regular Season,2022,0,San Antonio Spurs,Minnesota Timberwolves,0,0
22101027,2022-03-14 22:00:00,1610612762,1610612749,Regular Season,2022,0,Utah Jazz,Milwaukee Bucks,0,0
22101026,2022-03-14 22:00:00,1610612758,1610612741,Regular Season,2022,1,Sacramento Kings,Chicago Bulls,0,0
22101025,2022-03-14 22:00:00,1610612744,1610612764,Regular Season,2022,1,Golden State Warriors,Washington Wizards,0,0
22101028,2022-03-14 22:30:00,1610612747,1610612761,Regular Season,2022,0,Los Angeles Lakers,Toronto Raptors,0,0
22101029,2022-03-15 19:00:00,1610612754,1610612763,Regular Season,2022,0,Indiana Pacers,Memphis Grizzlies,0,0
22101030,2022-03-15 19:00:00,1610612753,1610612751,Regular Season,2022,0,Orlando Magic,Brooklyn Nets,0,0
22101031,2022-03-15 19:30:00,1610612748,1610612765,Regular Season,2022,1,Miami Heat,Detroit Pistons,0,0
22101032,2022-03-15 20:00:00,1610612740,1610612756,Regular Season,2022,0,New Orleans Pelicans,Phoenix Suns,0,0
22101033,2022-03-16 19:00:00,1610612766,1610612737,Regular Season,2022,1,Charlotte Hornets,Atlanta Hawks,0,0
22101035,2022-03-16 19:00:00,1610612764,1610612743,Regular Season,2022,0,Washington Wizards,Denver Nuggets,0,0
22101034,2022-03-16 19:00:00,1610612739,1610612755,Regular Season,2022,0,Cleveland Cavaliers,Philadelphia 76ers,0,0
22101037,2022-03-16 19:30:00,1610612752,1610612757,Regular Season,2022,1,New York Knicks,Portland Trail Blazers,0,0
22101036,2022-03-16 19:30:00,1610612751,1610612742,Regular Season,2022,0,Brooklyn Nets,Dallas Mavericks,0,0
22101039,2022-03-16 20:00:00,1610612750,1610612747,Regular Season,2022,1,Minnesota Timberwolves,Los Angeles Lakers,0,0
22101038,2022-03-16 20:00:00,1610612745,1610612756,Regular Season,2022,0,Houston Rockets,Phoenix Suns,0,0
22101040,2022-03-16 20:30:00,1610612759,1610612760,Regular Season,2022,1,San Antonio Spurs,Oklahoma City Thunder,0,0
22101041,2022-03-16 21:00:00,1610612762,1610612741,Regular Season,2022,1,Utah Jazz,Chicago Bulls,0,0
22101043,2022-03-16 22:00:00,1610612758,1610612749,Regular Season,2022,0,Sacramento Kings,Milwaukee Bucks,0,0
22101042,2022-03-16 22:00:00,1610612744,1610612738,Regular Season,2022,0,Golden State Warriors,Boston Celtics,0,0
22101044,2022-03-16 22:30:00,1610612746,1610612761,Regular Season,2022,0,Los Angeles Clippers,Toronto Raptors,0,0
22101045,2022-03-17 19:00:00,1610612753,1610612765,Regular Season,2022,0,Orlando Magic,Detroit Pistons,0,0
22101046,2022-03-18 19:00:00,1610612755,1610612742,Regular Season,2022,1,Philadelphia 76ers,Dallas Mavericks,0,0
22101049,2022-03-18 19:30:00,1610612739,1610612743,Regular Season,2022,1,Cleveland Cavaliers,Denver Nuggets,0,0
22101048,2022-03-18 19:30:00,1610612751,1610612757,Regular Season,2022,1,Brooklyn Nets,Portland Trail Blazers,0,0
22101047,2022-03-18 19:30:00,1610612737,1610612763,Regular Season,2022,1,Atlanta Hawks,Memphis Grizzlies,0,0
22101051,2022-03-18 19:30:00,1610612761,1610612747,Regular Season,2022,0,Toronto Raptors,Los Angeles Lakers,0,0
22101050,2022-03-18 19:30:00,1610612752,1610612764,Regular Season,2022,1,New York Knicks,Washington Wizards,0,0
22101053,2022-03-18 20:00:00,1610612745,1610612754,Regular Season,2022,0,Houston Rockets,Indiana Pacers,0,0
22101052,2022-03-18 20:00:00,1610612748,1610612760,Regular Season,2022,1,Miami Heat,Oklahoma City Thunder,0,0
22101054,2022-03-18 20:30:00,1610612759,1610612740,Regular Season,2022,0,San Antonio Spurs,New Orleans Pelicans,0,0
22101055,2022-03-18 21:00:00,1610612762,1610612746,Regular Season,2022,1,Utah Jazz,Los Angeles Clippers,0,0
22101057,2022-03-18 22:00:00,1610612758,1610612738,Regular Season,2022,0,Sacramento Kings,Boston Celtics,0,0
22101056,2022-03-18 22:00:00,1610612756,1610612741,Regular Season,2022,1,Phoenix Suns,Chicago Bulls,0,0
22101058,2022-03-19 17:00:00,1610612750,1610612749,Regular Season,2022,1,Minnesota Timberwolves,Milwaukee Bucks,0,0
22101059,2022-03-19 19:00:00,1610612766,1610612742,Regular Season,2022,1,Charlotte Hornets,Dallas Mavericks,0,0
22101060,2022-03-19 20:00:00,1610612739,1610612765,Regular Season,2022,1,Cleveland Cavaliers,Detroit Pistons,0,0
22101061,2022-03-19 20:00:00,1610612764,1610612747,Regular Season,2022,1,Washington Wizards,Los Angeles Lakers,0,0
22101063,2022-03-20 15:30:00,1610612745,1610612763,Regular Season,2022,0,Houston Rockets,Memphis Grizzlies,0,0
22101062,2022-03-20 15:30:00,1610612754,1610612757,Regular Season,2022,1,Indiana Pacers,Portland Trail Blazers,0,0
22101066,2022-03-20 18:00:00,1610612758,1610612756,Regular Season,2022,0,Sacramento Kings,Phoenix Suns,0,0
22101065,2022-03-20 18:00:00,1610612753,1610612760,Regular Season,2022,1,Orlando Magic,Oklahoma City Thunder,0,0
22101064,2022-03-20 18:00:00,1610612737,1610612740,Regular Season,2022,0,Atlanta Hawks,New Orleans Pelicans,0,0
22101067,2022-03-20 19:30:00,1610612752,1610612762,Regular Season,2022,0,New York Knicks,Utah Jazz,0,0
22101068,2022-03-20 20:00:00,1610612743,1610612738,Regular Season,2022,0,Denver Nuggets,Boston Celtics,0,0
22101070,2022-03-20 20:30:00,1610612744,1610612759,Regular Season,2022,0,Golden State Warriors,San Antonio Spurs,0,0
22101069,2022-03-20 20:30:00,1610612755,1610612761,Regular Season,2022,0,Philadelphia 76ers,Toronto Raptors,0,0
22101073,2022-03-21 19:00:00,1610612765,1610612757,Regular Season,2022,0,Detroit Pistons,Portland Trail Blazers,0,0
22101072,2022-03-21 19:00:00,1610612739,1610612747,Regular Season,2022,0,Cleveland Cavaliers,Los Angeles Lakers,0,0
22101071,2022-03-21 19:00:00,1610612766,1610612740,Regular Season,2022,1,Charlotte Hornets,New Orleans Pelicans,0,0
22101075,2022-03-21 19:30:00,1610612751,1610612762,Regular Season,2022,1,Brooklyn Nets,Utah Jazz,0,0
22101074,2022-03-21 19:30:00,1610612755,1610612748,Regular Season,2022,1,Philadelphia 76ers,Miami Heat,0,0
22101076,2022-03-21 20:00:00,1610612741,1610612761,Regular Season,2022,1,Chicago Bulls,Toronto Raptors,0,0
22101077,2022-03-21 20:00:00,1610612745,1610612764,Regular Season,2022,1,Houston Rockets,Washington Wizards,0,0
22101078,2022-03-21 20:00:00,1610612760,1610612738,Regular Season,2022,0,Oklahoma City Thunder,Boston Celtics,0,0
22101079,2022-03-21 20:30:00,1610612742,1610612750,Regular Season,2022,1,Dallas Mavericks,Minnesota Timberwolves,0,0
22101080,2022-03-22 19:00:00,1610612753,1610612744,Regular Season,2022,1,Orlando Magic,Golden State Warriors,0,0
22101081,2022-03-22 19:30:00,1610612752,1610612737,Regular Season,2022,0,New York Knicks,Atlanta Hawks,0,0
22101082,2022-03-22 20:00:00,1610612749,1610612741,Regular Season,2022,1,Milwaukee Bucks,Chicago Bulls,0,0
22101083,2022-03-22 22:00:00,1610612743,1610612746,Regular Season,2022,1,Denver Nuggets,Los Angeles Clippers,0,0
22101086,2022-03-23 19:00:00,1610612754,1610612758,Regular Season,2022,0,Indiana Pacers,Sacramento Kings,0,0
22101085,2022-03-23 19:00:00,1610612765,1610612737,Regular Season,2022,1,Detroit Pistons,Atlanta Hawks,0,0
22101084,2022-03-23 19:00:00,1610612766,1610612752,Regular Season,2022,0,Charlotte Hornets,New York Knicks,0,0
22101089,2022-03-23 19:30:00,1610612763,1610612751,Regular Season,2022,1,Memphis Grizzlies,Brooklyn Nets,0,0
22101088,2022-03-23 19:30:00,1610612748,1610612744,Regular Season,2022,0,Miami Heat,Golden State Warriors,0,0
22101087,2022-03-23 19:30:00,1610612738,1610612762,Regular Season,2022,1,Boston Celtics,Utah Jazz,0,0
22101090,2022-03-23 20:00:00,1610612750,1610612756,Regular Season,2022,0,Minnesota Timberwolves,Phoenix Suns,0,0
22101091,2022-03-23 20:00:00,1610612760,1610612753,Regular Season,2022,1,Oklahoma City Thunder,Orlando Magic,0,0
22101092,2022-03-23 20:30:00,1610612742,1610612745,Regular Season,2022,1,Dallas Mavericks,Houston Rockets,0,0
22101093,2022-03-23 22:00:00,1610612747,1610612755,Regular Season,2022,0,Los Angeles Lakers,Philadelphia 76ers,0,0
22101094,2022-03-23 22:00:00,1610612757,1610612759,Regular Season,2022,0,Portland Trail Blazers,San Antonio Spurs,0,0
22101095,2022-03-24 19:30:00,1610612761,1610612739,Regular Season,2022,1,Toronto Raptors,Cleveland Cavaliers,0,0
22101096,2022-03-24 20:00:00,1610612763,1610612754,Regular Season,2022,1,Memphis Grizzlies,Indiana Pacers,0,0
22101098,2022-03-24 20:00:00,1610612740,1610612741,Regular Season,2022,1,New Orleans Pelicans,Chicago Bulls,0,0
22101097,2022-03-24 20:00:00,1610612749,1610612764,Regular Season,2022,1,Milwaukee Bucks,Washington Wizards,0,0
22101099,2022-03-24 21:00:00,1610612743,1610612756,Regular Season,2022,0,Denver Nuggets,Phoenix Suns,0,0
22101100,2022-03-25 19:00:00,1610612766,1610612762,Regular Season,2022,1,Charlotte Hornets,Utah Jazz,0,0
22101101,2022-03-25 19:00:00,1610612765,1610612764,Regular Season,2022,0,Detroit Pistons,Washington Wizards,0,0
22101102,2022-03-25 19:30:00,1610612737,1610612744,Regular Season,2022,1,Atlanta Hawks,Golden State Warriors,0,0
22101104,2022-03-25 20:00:00,1610612750,1610612742,Regular Season,2022,1,Minnesota Timberwolves,Dallas Mavericks,0,0
22101103,2022-03-25 20:00:00,1610612748,1610612752,Regular Season,2022,0,Miami Heat,New York Knicks,0,0
22101105,2022-03-25 22:00:00,1610612757,1610612745,Regular Season,2022,0,Portland Trail Blazers,Houston Rockets,0,0
22101106,2022-03-25 22:30:00,1610612746,1610612755,Regular Season,2022,0,Los Angeles Clippers,Philadelphia 76ers,0,0
22101107,2022-03-26 17:00:00,1610612740,1610612759,Regular Season,2022,0,New Orleans Pelicans,San Antonio Spurs,0,0
22101108,2022-03-26 19:00:00,1610612753,1610612758,Regular Season,2022,0,Orlando Magic,Sacramento Kings,0,0
22101109,2022-03-26 19:30:00,1610612761,1610612754,Regular Season,2022,1,Toronto Raptors,Indiana Pacers,0,0
22101110,2022-03-26 20:00:00,1610612739,1610612741,Regular Season,2022,0,Cleveland Cavaliers,Chicago Bulls,0,0
22101112,2022-03-26 20:00:00,1610612763,1610612749,Regular Season,2022,1,Memphis Grizzlies,Milwaukee Bucks,0,0
22101111,2022-03-26 20:00:00,1610612748,1610612751,Regular Season,2022,0,Miami Heat,Brooklyn Nets,0,0
22101113,2022-03-26 21:00:00,1610612743,1610612760,Regular Season,2022,1,Denver Nuggets,Oklahoma City Thunder,0,0
22101114,2022-03-26 22:00:00,1610612757,1610612745,Regular Season,2022,0,Portland Trail Blazers,Houston Rockets,0,0
22101115,2022-03-27 15:30:00,1610612765,1610612752,Regular Season,2022,0,Detroit Pistons,New York Knicks,0,0
22101118,2022-03-27 18:00:00,1610612756,1610612755,Regular Season,2022,1,Phoenix Suns,Philadelphia 76ers,0,0
22101117,2022-03-27 18:00:00,1610612764,1610612744,Regular Season,2022,1,Washington Wizards,Golden State Warriors,0,0
22101116,2022-03-27 18:00:00,1610612738,1610612750,Regular Season,2022,1,Boston Celtics,Minnesota Timberwolves,0,0
22101119,2022-03-27 19:00:00,1610612740,1610612747,Regular Season,2022,1,New Orleans Pelicans,Los Angeles Lakers,0,0
22101121,2022-03-27 19:30:00,1610612742,1610612762,Regular Season,2022,1,Dallas Mavericks,Utah Jazz,0,0
22101120,2022-03-27 19:30:00,1610612751,1610612766,Regular Season,2022,0,Brooklyn Nets,Charlotte Hornets,0,0
22101124,2022-03-28 19:00:00,1610612754,1610612737,Regular Season,2022,0,Indiana Pacers,Atlanta Hawks,0,0
22101123,2022-03-28 19:00:00,1610612739,1610612753,Regular Season,2022,1,Cleveland Cavaliers,Orlando Magic,0,0
22101122,2022-03-28 19:00:00,1610612766,1610612743,Regular Season,2022,0,Charlotte Hornets,Denver Nuggets,0,0
22101125,2022-03-28 19:30:00,1610612748,1610612758,Regular Season,2022,1,Miami Heat,Sacramento Kings,0,0
22101126,2022-03-28 19:30:00,1610612752,1610612741,Regular Season,2022,1,New York Knicks,Chicago Bulls,0,0
22101127,2022-03-28 19:30:00,1610612761,1610612738,Regular Season,2022,1,Toronto Raptors,Boston Celtics,0,0
22101129,2022-03-28 20:00:00,1610612763,1610612744,Regular Season,2022,1,Memphis Grizzlies,Golden State Warriors,0,0
22101128,2022-03-28 20:00:00,1610612745,1610612759,Regular Season,2022,0,Houston Rockets,San Antonio Spurs,0,0
22101130,2022-03-28 22:00:00,1610612757,1610612760,Regular Season,2022,0,Portland Trail Blazers,Oklahoma City Thunder,0,0
22101132,2022-03-29 19:00:00,1610612764,1610612741,Regular Season,2022,0,Washington Wizards,Chicago Bulls,0,0
22101131,2022-03-29 19:00:00,1610612755,1610612749,Regular Season,2022,0,Philadelphia 76ers,Milwaukee Bucks,0,0
22101134,2022-03-29 19:30:00,1610612742,1610612747,Regular Season,2022,1,Dallas Mavericks,Los Angeles Lakers,0,0
22101133,2022-03-29 19:30:00,1610612751,1610612765,Regular Season,2022,1,Brooklyn Nets,Detroit Pistons,0,0
22101135,2022-03-29 22:00:00,1610612746,1610612762,Regular Season,2022,1,Los Angeles Clippers,Utah Jazz,0,0
22101138,2022-03-30 19:00:00,1610612764,1610612753,Regular Season,2022,1,Washington Wizards,Orlando Magic,0,0
22101137,2022-03-30 19:00:00,1610612754,1610612743,Regular Season,2022,0,Indiana Pacers,Denver Nuggets,0,0
22101136,2022-03-30 19:00:00,1610612739,1610612742,Regular Season,2022,0,Cleveland Cavaliers,Dallas Mavericks,0,0
22101139,2022-03-30 19:30:00,1610612738,1610612748,Regular Season,2022,0,Boston Celtics,Miami Heat,0,0
22101141,2022-03-30 19:30:00,1610612761,1610612750,Regular Season,2022,1,Toronto Raptors,Minnesota Timberwolves,0,0
22101140,2022-03-30 19:30:00,1610612752,1610612766,Regular Season,2022,0,New York Knicks,Charlotte Hornets,0,0
22101142,2022-03-30 20:00:00,1610612745,1610612758,Regular Season,2022,0,Houston Rockets,Sacramento Kings,0,0
22101143,2022-03-30 20:00:00,1610612760,1610612737,Regular Season,2022,0,Oklahoma City Thunder,Atlanta Hawks,0,0
22101144,2022-03-30 20:30:00,1610612759,1610612763,Regular Season,2022,0,San Antonio Spurs,Memphis Grizzlies,0,0
22101146,2022-03-30 22:00:00,1610612757,1610612740,Regular Season,2022,0,Portland Trail Blazers,New Orleans Pelicans,0,0
22101145,2022-03-30 22:00:00,1610612744,1610612756,Regular Season,2022,0,Golden State Warriors,Phoenix Suns,0,0
22101147,2022-03-31 19:00:00,1610612765,1610612755,Regular Season,2022,1,Detroit Pistons,Philadelphia 76ers,0,0
22101148,2022-03-31 19:30:00,1610612751,1610612749,Regular Season,2022,0,Brooklyn Nets,Milwaukee Bucks,0,0
22100452,2022-03-31 19:30:00,1610612737,1610612739,Regular Season,2022,1,Atlanta Hawks,Cleveland Cavaliers,0,0
22101149,2022-03-31 20:00:00,1610612741,1610612746,Regular Season,2022,1,Chicago Bulls,Los Angeles Clippers,0,0
22101150,2022-03-31 22:00:00,1610612762,1610612747,Regular Season,2022,1,Utah Jazz,Los Angeles Lakers,0,0
22101151,2022-04-01 19:00:00,1610612753,1610612761,Regular Season,2022,0,Orlando Magic,Toronto Raptors,0,0
22101152,2022-04-01 19:00:00,1610612764,1610612742,Regular Season,2022,1,Washington Wizards,Dallas Mavericks,0,0
22101153,2022-04-01 19:30:00,1610612738,1610612754,Regular Season,2022,1,Boston Celtics,Indiana Pacers,0,0
22101156,2022-04-01 20:00:00,1610612749,1610612746,Regular Season,2022,0,Milwaukee Bucks,Los Angeles Clippers,0,0
22101154,2022-04-01 20:00:00,1610612745,1610612758,Regular Season,2022,0,Houston Rockets,Sacramento Kings,0,0
22101157,2022-04-01 20:00:00,1610612760,1610612765,Regular Season,2022,0,Oklahoma City Thunder,Detroit Pistons,0,0
22101155,2022-04-01 20:00:00,1610612763,1610612756,Regular Season,2022,1,Memphis Grizzlies,Phoenix Suns,0,0
22101158,2022-04-01 20:30:00,1610612759,1610612757,Regular Season,2022,1,San Antonio Spurs,Portland Trail Blazers,0,0
22101159,2022-04-01 21:00:00,1610612743,1610612750,Regular Season,2022,0,Denver Nuggets,Minnesota Timberwolves,0,0
22101160,2022-04-01 22:30:00,1610612747,1610612740,Regular Season,2022,0,Los Angeles Lakers,New Orleans Pelicans,0,0
22101161,2022-04-02 12:30:00,1610612755,1610612766,Regular Season,2022,1,Philadelphia 76ers,Charlotte Hornets,0,0
22101162,2022-04-02 13:00:00,1610612752,1610612739,Regular Season,2022,0,New York Knicks,Cleveland Cavaliers,0,0
22101163,2022-04-02 19:30:00,1610612737,1610612751,Regular Season,2022,1,Atlanta Hawks,Brooklyn Nets,0,0
22101164,2022-04-02 20:00:00,1610612741,1610612748,Regular Season,2022,0,Chicago Bulls,Miami Heat,0,0
22101165,2022-04-02 20:30:00,1610612744,1610612762,Regular Season,2022,1,Golden State Warriors,Utah Jazz,0,0
22101167,2022-04-03 13:00:00,1610612749,1610612742,Regular Season,2022,0,Milwaukee Bucks,Dallas Mavericks,0,0
22101166,2022-04-03 13:00:00,1610612738,1610612764,Regular Season,2022,1,Boston Celtics,Washington Wizards,0,0
22101168,2022-04-03 15:30:00,1610612747,1610612743,Regular Season,2022,0,Los Angeles Lakers,Denver Nuggets,0,0
22101169,2022-04-03 17:00:00,1610612754,1610612765,Regular Season,2022,0,Indiana Pacers,Detroit Pistons,0,0
22101170,2022-04-03 18:00:00,1610612739,1610612755,Regular Season,2022,0,Cleveland Cavaliers,Philadelphia 76ers,0,0
22101171,2022-04-03 18:00:00,1610612753,1610612752,Regular Season,2022,0,Orlando Magic,New York Knicks,0,0
22101175,2022-04-03 19:00:00,1610612759,1610612757,Regular Season,2022,1,San Antonio Spurs,Portland Trail Blazers,0,0
22101174,2022-04-03 19:00:00,1610612760,1610612756,Regular Season,2022,1,Oklahoma City Thunder,Phoenix Suns,0,0
22101173,2022-04-03 19:00:00,1610612745,1610612750,Regular Season,2022,0,Houston Rockets,Minnesota Timberwolves,0,0
22101172,2022-04-03 19:00:00,1610612761,1610612748,Regular Season,2022,0,Toronto Raptors,Miami Heat,0,0
22101176,2022-04-03 21:00:00,1610612758,1610612744,Regular Season,2022,0,Sacramento Kings,Golden State Warriors,0,0
22101177,2022-04-03 21:30:00,1610612746,1610612740,Regular Season,2022,1,Los Angeles Clippers,New Orleans Pelicans,0,0
22101179,2022-04-05 19:00:00,1610612753,1610612739,Regular Season,2022,1,Orlando Magic,Cleveland Cavaliers,0,0
22101178,2022-04-05 19:00:00,1610612754,1610612755,Regular Season,2022,0,Indiana Pacers,Philadelphia 76ers,0,0
22101182,2022-04-05 19:30:00,1610612761,1610612737,Regular Season,2022,1,Toronto Raptors,Atlanta Hawks,0,0
22101181,2022-04-05 19:30:00,1610612748,1610612766,Regular Season,2022,1,Miami Heat,Charlotte Hornets,0,0
22101180,2022-04-05 19:30:00,1610612751,1610612745,Regular Season,2022,1,Brooklyn Nets,Houston Rockets,0,0
22101183,2022-04-05 20:00:00,1610612741,1610612749,Regular Season,2022,0,Chicago Bulls,Milwaukee Bucks,0,0
22101184,2022-04-05 20:00:00,1610612750,1610612764,Regular Season,2022,0,Minnesota Timberwolves,Washington Wizards,0,0
22101185,2022-04-05 20:00:00,1610612760,1610612757,Regular Season,2022,1,Oklahoma City Thunder,Portland Trail Blazers,0,0
22101187,2022-04-05 21:00:00,1610612762,1610612763,Regular Season,2022,1,Utah Jazz,Memphis Grizzlies,0,0
22101186,2022-04-05 21:00:00,1610612743,1610612759,Regular Season,2022,0,Denver Nuggets,San Antonio Spurs,0,0
22101188,2022-04-05 22:00:00,1610612758,1610612740,Regular Season,2022,0,Sacramento Kings,New Orleans Pelicans,0,0
22101189,2022-04-05 22:30:00,1610612756,1610612747,Regular Season,2022,1,Phoenix Suns,Los Angeles Lakers,0,0
22101190,2022-04-06 19:00:00,1610612765,1610612742,Regular Season,2022,0,Detroit Pistons,Dallas Mavericks,0,0
22101191,2022-04-06 19:30:00,1610612752,1610612751,Regular Season,2022,0,New York Knicks,Brooklyn Nets,0,0
22101193,2022-04-06 20:00:00,1610612741,1610612738,Regular Season,2022,0,Chicago Bulls,Boston Celtics,0,0
22101192,2022-04-06 20:00:00,1610612737,1610612764,Regular Season,2022,1,Atlanta Hawks,Washington Wizards,0,0
22101194,2022-04-06 21:00:00,1610612762,1610612760,Regular Season,2022,1,Utah Jazz,Oklahoma City Thunder,0,0
22101195,2022-04-06 22:00:00,1610612746,1610612756,Regular Season,2022,1,Los Angeles Clippers,Phoenix Suns,0,0
22101196,2022-04-07 19:00:00,1610612766,1610612753,Regular Season,2022,1,Charlotte Hornets,Orlando Magic,0,0
22101198,2022-04-07 19:30:00,1610612749,1610612738,Regular Season,2022,1,Milwaukee Bucks,Boston Celtics,0,0
22101197,2022-04-07 19:30:00,1610612761,1610612755,Regular Season,2022,1,Toronto Raptors,Philadelphia 76ers,0,0
22101199,2022-04-07 20:00:00,1610612750,1610612759,Regular Season,2022,1,Minnesota Timberwolves,San Antonio Spurs,0,0
22101200,2022-04-07 20:00:00,1610612740,1610612757,Regular Season,2022,1,New Orleans Pelicans,Portland Trail Blazers,0,0
22101201,2022-04-07 21:00:00,1610612743,1610612763,Regular Season,2022,1,Denver Nuggets,Memphis Grizzlies,0,0
22101202,2022-04-07 22:00:00,1610612744,1610612747,Regular Season,2022,1,Golden State Warriors,Los Angeles Lakers,0,0
22101204,2022-04-08 19:00:00,1610612764,1610612752,Regular Season,2022,0,Washington Wizards,New York Knicks,0,0
22101203,2022-04-08 19:00:00,1610612765,1610612749,Regular Season,2022,0,Detroit Pistons,Milwaukee Bucks,0,0
22101206,2022-04-08 19:30:00,1610612761,1610612745,Regular Season,2022,1,Toronto Raptors,Houston Rockets,0,0
22101205,2022-04-08 19:30:00,1610612751,1610612739,Regular Season,2022,1,Brooklyn Nets,Cleveland Cavaliers,0,0
22101208,2022-04-08 20:00:00,1610612741,1610612766,Regular Season,2022,0,Chicago Bulls,Charlotte Hornets,0,0
22101207,2022-04-08 20:00:00,1610612748,1610612737,Regular Season,2022,1,Miami Heat,Atlanta Hawks,0,0
22101209,2022-04-08 20:30:00,1610612742,1610612757,Regular Season,2022,1,Dallas Mavericks,Portland Trail Blazers,0,0
22101210,2022-04-08 21:30:00,1610612762,1610612756,Regular Season,2022,0,Utah Jazz,Phoenix Suns,0,0
22101211,2022-04-08 22:30:00,1610612747,1610612760,Regular Season,2022,1,Los Angeles Lakers,Oklahoma City Thunder,0,0
22101214,2022-04-09 13:00:00,1610612755,1610612754,Regular Season,2022,1,Philadelphia 76ers,Indiana Pacers,0,0
22101213,2022-04-09 18:00:00,1610612763,1610612740,Regular Season,2022,1,Memphis Grizzlies,New Orleans Pelicans,0,0
22101215,2022-04-09 20:30:00,1610612759,1610612744,Regular Season,2022,0,San Antonio Spurs,Golden State Warriors,0,0
22101212,2022-04-09 21:30:00,1610612746,1610612758,Regular Season,2022,1,Los Angeles Clippers,Sacramento Kings,0,0
22101216,2022-04-10 15:30:00,1610612751,1610612754,Regular Season,2022,1,Brooklyn Nets,Indiana Pacers,0,0
22101221,2022-04-10 15:30:00,1610612745,1610612737,Regular Season,2022,0,Houston Rockets,Atlanta Hawks,0,0
22101218,2022-04-10 15:30:00,1610612739,1610612749,Regular Season,2022,1,Cleveland Cavaliers,Milwaukee Bucks,0,0
22101217,2022-04-10 15:30:00,1610612766,1610612764,Regular Season,2022,1,Charlotte Hornets,Washington Wizards,0,0
22101227,2022-04-10 19:00:00,1610612753,1610612748,Regular Season,2022,1,Orlando Magic,Miami Heat,0,0
22101223,2022-04-10 19:00:00,1610612763,1610612738,Regular Season,2022,0,Memphis Grizzlies,Boston Celtics,0,0
22101228,2022-04-10 19:00:00,1610612755,1610612765,Regular Season,2022,1,Philadelphia 76ers,Detroit Pistons,0,0
22101226,2022-04-10 19:00:00,1610612752,1610612761,Regular Season,2022,1,New York Knicks,Toronto Raptors,0,0
22101224,2022-04-10 20:30:00,1610612750,1610612741,Regular Season,2022,0,Minnesota Timberwolves,Chicago Bulls,0,0
22101230,2022-04-10 21:30:00,1610612757,1610612762,Regular Season,2022,0,Portland Trail Blazers,Utah Jazz,0,0
22101229,2022-04-10 21:30:00,1610612756,1610612758,Regular Season,2022,0,Phoenix Suns,Sacramento Kings,0,0
22101225,2022-04-10 21:30:00,1610612740,1610612744,Regular Season,2022,0,New Orleans Pelicans,Golden State Warriors,0,0
22101222,2022-04-10 21:30:00,1610612746,1610612760,Regular Season,2022,1,Los Angeles Clippers,Oklahoma City Thunder,0,0
22101220,2022-04-10 21:30:00,1610612743,1610612747,Regular Season,2022,0,Denver Nuggets,Los Angeles Lakers,0,0
22101219,2022-04-10 21:30:00,1610612742,1610612759,Regular Season,2022,1,Dallas Mavericks,San Antonio Spurs,0,0
52100101,2022-04-12 19:00:00,1610612751,1610612739,Play-in Tournament,2022,1,Brooklyn Nets,Cleveland Cavaliers,1,0
52100121,2022-04-12 21:30:00,1610612750,1610612746,Play-in Tournament,2022,1,Minnesota Timberwolves,Los Angeles Clippers,1,0
52100111,2022-04-13 19:00:00,1610612737,1610612766,Play-in Tournament,2022,1,Atlanta Hawks,Charlotte Hornets,1,0
52100131,2022-04-13 21:30:00,1610612740,1610612759,Play-in Tournament,2022,1,New Orleans Pelicans,San Antonio Spurs,1,0
52100201,2022-04-15 19:30:00,1610612739,1610612737,Play-in Tournament,2022,0,Cleveland Cavaliers,Atlanta Hawks,1,0
52100211,2022-04-15 22:00:00,1610612746,1610612740,Play-in Tournament,2022,0,Los Angeles Clippers,New Orleans Pelicans,1,0
42100171,2022-04-16 13:00:00,1610612742,1610612762,Playoffs,2022,0,Dallas Mavericks,Utah Jazz,1,0
42100151,2022-04-16 15:30:00,1610612763,1610612750,Playoffs,2022,0,Memphis Grizzlies,Minnesota Timberwolves,1,0
42100131,2022-04-16 18:00:00,1610612755,1610612761,Playoffs,2022,1,Philadelphia 76ers,Toronto Raptors,1,0
42100161,2022-04-16 20:30:00,1610612744,1610612743,Playoffs,2022,1,Golden State Warriors,Denver Nuggets,1,0
42100101,2022-04-17 13:00:00,1610612748,1610612737,Playoffs,2022,1,Miami Heat,Atlanta Hawks,1,0
42100111,2022-04-17 15:30:00,1610612738,1610612751,Playoffs,2022,1,Boston Celtics,Brooklyn Nets,1,0
42100121,2022-04-17 18:30:00,1610612749,1610612741,Playoffs,2022,1,Milwaukee Bucks,Chicago Bulls,1,0
42100141,2022-04-17 21:00:00,1610612756,1610612740,Playoffs,2022,1,Phoenix Suns,New Orleans Pelicans,1,0
42100132,2022-04-18 19:30:00,1610612755,1610612761,Playoffs,2022,1,Philadelphia 76ers,Toronto Raptors,1,0
42100172,2022-04-18 20:30:00,1610612742,1610612762,Playoffs,2022,1,Dallas Mavericks,Utah Jazz,1,0
42100162,2022-04-18 22:00:00,1610612744,1610612743,Playoffs,2022,1,Golden State Warriors,Denver Nuggets,1,0
42100102,2022-04-19 19:30:00,1610612748,1610612737,Playoffs,2022,1,Miami Heat,Atlanta Hawks,1,0
42100152,2022-04-19 20:30:00,1610612763,1610612750,Playoffs,2022,1,Memphis Grizzlies,Minnesota Timberwolves,1,0
42100142,2022-04-19 22:00:00,1610612756,1610612740,Playoffs,2022,0,Phoenix Suns,New Orleans Pelicans,1,0
42100112,2022-04-20 19:00:00,1610612738,1610612751,Playoffs,2022,1,Boston Celtics,Brooklyn Nets,1,0
42100133,2022-04-20 20:00:00,1610612761,1610612755,Playoffs,2022,0,Toronto Raptors,Philadelphia 76ers,1,0
42100122,2022-04-20 21:30:00,1610612749,1610612741,Playoffs,2022,0,Milwaukee Bucks,Chicago Bulls,1,0
42100153,2022-04-21 19:30:00,1610612750,1610612763,Playoffs,2022,0,Minnesota Timberwolves,Memphis Grizzlies,1,0
42100173,2022-04-21 21:00:00,1610612762,1610612742,Playoffs,2022,0,Utah Jazz,Dallas Mavericks,1,0
42100163,2022-04-21 22:00:00,1610612743,1610612744,Playoffs,2022,0,Denver Nuggets,Golden State Warriors,1,0
42100103,2022-04-22 19:00:00,1610612737,1610612748,Playoffs,2022,1,Atlanta Hawks,Miami Heat,1,0
42100123,2022-04-22 20:30:00,1610612741,1610612749,Playoffs,2022,0,Chicago Bulls,Milwaukee Bucks,1,0
42100143,2022-04-22 21:30:00,1610612740,1610612756,Playoffs,2022,0,New Orleans Pelicans,Phoenix Suns,1,0
42100134,2022-04-23 14:00:00,1610612761,1610612755,Playoffs,2022,1,Toronto Raptors,Philadelphia 76ers,1,0
42100174,2022-04-23 16:30:00,1610612762,1610612742,Playoffs,2022,1,Utah Jazz,Dallas Mavericks,1,0
42100113,2022-04-23 19:30:00,1610612751,1610612738,Playoffs,2022,0,Brooklyn Nets,Boston Celtics,1,0
42100154,2022-04-23 22:00:00,1610612750,1610612763,Playoffs,2022,1,Minnesota Timberwolves,Memphis Grizzlies,1,0
42100124,2022-04-24 13:00:00,1610612741,1610612749,Playoffs,2022,0,Chicago Bulls,Milwaukee Bucks,1,0
42100164,2022-04-24 15:30:00,1610612743,1610612744,Playoffs,2022,1,Denver Nuggets,Golden State Warriors,1,0
42100104,2022-04-24 19:00:00,1610612737,1610612748,Playoffs,2022,0,Atlanta Hawks,Miami Heat,1,0
42100144,2022-04-24 21:30:00,1610612740,1610612756,Playoffs,2022,1,New Orleans Pelicans,Phoenix Suns,1,0
42100114,2022-04-25 19:00:00,1610612751,1610612738,Playoffs,2022,0,Brooklyn Nets,Boston Celtics,1,0
42100135,2022-04-25 20:00:00,1610612755,1610612761,Playoffs,2022,0,Philadelphia 76ers,Toronto Raptors,1,0
42100175,2022-04-25 21:30:00,1610612742,1610612762,Playoffs,2022,1,Dallas Mavericks,Utah Jazz,1,0
42100105,2022-04-26 19:00:00,1610612748,1610612737,Playoffs,2022,1,Miami Heat,Atlanta Hawks,1,0
42100155,2022-04-26 19:30:00,1610612763,1610612750,Playoffs,2022,1,Memphis Grizzlies,Minnesota Timberwolves,1,0
42100145,2022-04-26 22:00:00,1610612756,1610612740,Playoffs,2022,1,Phoenix Suns,New Orleans Pelicans,1,0
42100125,2022-04-27 19:30:00,1610612749,1610612741,Playoffs,2022,1,Milwaukee Bucks,Chicago Bulls,1,0
42100165,2022-04-27 22:00:00,1610612744,1610612743,Playoffs,2022,1,Golden State Warriors,Denver Nuggets,1,0
42100136,2022-04-28 19:00:00,1610612761,1610612755,Playoffs,2022,0,Toronto Raptors,Philadelphia 76ers,1,0
42100146,2022-04-28 19:30:00,1610612740,1610612756,Playoffs,2022,0,New Orleans Pelicans,Phoenix Suns,1,0
42100176,2022-04-28 22:00:00,1610612762,1610612742,Playoffs,2022,0,Utah Jazz,Dallas Mavericks,1,0
42100156,2022-04-29 21:00:00,1610612750,1610612763,Playoffs,2022,0,Minnesota Timberwolves,Memphis Grizzlies,1,0
42100211,2022-05-01 13:00:00,1610612738,1610612749,Playoffs,2022,0,Boston Celtics,Milwaukee Bucks,1,0
42100231,2022-05-01 15:30:00,1610612763,1610612744,Playoffs,2022,0,Memphis Grizzlies,Golden State Warriors,1,0
42100201,2022-05-02 19:30:00,1610612748,1610612755,Playoffs,2022,1,Miami Heat,Philadelphia 76ers,1,0
42100221,2022-05-02 22:00:00,1610612756,1610612742,Playoffs,2022,1,Phoenix Suns,Dallas Mavericks,1,0
42100212,2022-05-03 19:00:00,1610612738,1610612749,Playoffs,2022,1,Boston Celtics,Milwaukee Bucks,1,0
42100232,2022-05-03 21:30:00,1610612763,1610612744,Playoffs,2022,1,Memphis Grizzlies,Golden State Warriors,1,0
42100202,2022-05-04 19:30:00,1610612748,1610612755,Playoffs,2022,1,Miami Heat,Philadelphia 76ers,1,0
42100222,2022-05-04 22:00:00,1610612756,1610612742,Playoffs,2022,1,Phoenix Suns,Dallas Mavericks,1,0
42100203,2022-05-06 19:00:00,1610612755,1610612748,Playoffs,2022,1,Philadelphia 76ers,Miami Heat,1,0
42100223,2022-05-06 21:30:00,1610612742,1610612756,Playoffs,2022,1,Dallas Mavericks,Phoenix Suns,1,0
42100213,2022-05-07 15:30:00,1610612749,1610612738,Playoffs,2022,1,Milwaukee Bucks,Boston Celtics,1,0
42100233,2022-05-07 20:30:00,1610612744,1610612763,Playoffs,2022,1,Golden State Warriors,Memphis Grizzlies,1,0
42100224,2022-05-08 15:30:00,1610612742,1610612756,Playoffs,2022,1,Dallas Mavericks,Phoenix Suns,1,0
42100204,2022-05-08 20:00:00,1610612755,1610612748,Playoffs,2022,1,Philadelphia 76ers,Miami Heat,1,0
42100214,2022-05-09 19:30:00,1610612749,1610612738,Playoffs,2022,0,Milwaukee Bucks,Boston Celtics,1,0
42100234,2022-05-09 22:00:00,1610612744,1610612763,Playoffs,2022,1,Golden State Warriors,Memphis Grizzlies,1,0
42100205,2022-05-10 19:30:00,1610612748,1610612755,Playoffs,2022,1,Miami Heat,Philadelphia 76ers,1,0
42100225,2022-05-10 22:00:00,1610612756,1610612742,Playoffs,2022,1,Phoenix Suns,Dallas Mavericks,1,0
42100215,2022-05-11 19:00:00,1610612738,1610612749,Playoffs,2022,0,Boston Celtics,Milwaukee Bucks,1,0
42100235,2022-05-11 21:30:00,1610612763,1610612744,Playoffs,2022,1,Memphis Grizzlies,Golden State Warriors,1,0
42100206,2022-05-12 19:00:00,1610612755,1610612748,Playoffs,2022,0,Philadelphia 76ers,Miami Heat,1,0
42100226,2022-05-12 21:30:00,1610612742,1610612756,Playoffs,2022,1,Dallas Mavericks,Phoenix Suns,1,0
42100216,2022-05-13 19:30:00,1610612749,1610612738,Playoffs,2022,0,Milwaukee Bucks,Boston Celtics,1,0
42100236,2022-05-13 22:00:00,1610612744,1610612763,Playoffs,2022,1,Golden State Warriors,Memphis Grizzlies,1,0
42100217,2022-05-15 15:30:00,1610612738,1610612749,Playoffs,2022,1,Boston Celtics,Milwaukee Bucks,1,0
42100227,2022-05-15 20:00:00,1610612756,1610612742,Playoffs,2022,0,Phoenix Suns,Dallas Mavericks,1,0
42100301,2022-05-17 20:30:00,1610612748,1610612738,Playoffs,2022,1,Miami Heat,Boston Celtics,1,0
42100311,2022-05-18 21:00:00,1610612744,1610612742,Playoffs,2022,1,Golden State Warriors,Dallas Mavericks,1,0
42100302,2022-05-19 20:30:00,1610612748,1610612738,Playoffs,2022,0,Miami Heat,Boston Celtics,1,0
42100312,2022-05-20 21:00:00,1610612744,1610612742,Playoffs,2022,1,Golden State Warriors,Dallas Mavericks,1,0
42100303,2022-05-21 20:30:00,1610612738,1610612748,Playoffs,2022,0,Boston Celtics,Miami Heat,1,0
42100313,2022-05-22 21:00:00,1610612742,1610612744,Playoffs,2022,0,Dallas Mavericks,Golden State Warriors,1,0
42100304,2022-05-23 20:30:00,1610612738,1610612748,Playoffs,2022,1,Boston Celtics,Miami Heat,1,0
42100314,2022-05-24 21:00:00,1610612742,1610612744,Playoffs,2022,1,Dallas Mavericks,Golden State Warriors,1,0
42100305,2022-05-25 20:30:00,1610612748,1610612738,Playoffs,2022,0,Miami Heat,Boston Celtics,1,0
42100315,2022-05-26 21:00:00,1610612744,1610612742,Playoffs,2022,1,Golden State Warriors,Dallas Mavericks,1,0
42100306,2022-05-27 20:30:00,1610612738,1610612748,Playoffs,2022,0,Boston Celtics,Miami Heat,1,0
42100307,2022-05-29 20:30:00,1610612748,1610612738,Playoffs,2022,0,Miami Heat,Boston Celtics,1,0
42100401,2022-06-02 21:00:00,1610612744,1610612738,Playoffs,2022,0,Golden State Warriors,Boston Celtics,1,0
42100402,2022-06-05 20:00:00,1610612744,1610612738,Playoffs,2022,1,Golden State Warriors,Boston Celtics,1,0
42100403,2022-06-08 21:00:00,1610612738,1610612744,Playoffs,2022,1,Boston Celtics,Golden State Warriors,1,0
42100404,2022-06-10 21:00:00,1610612738,1610612744,Playoffs,2022,0,Boston Celtics,Golden State Warriors,1,0
42100405,2022-06-13 21:00:00,1610612744,1610612738,Playoffs,2022,1,Golden State Warriors,Boston Celtics,1,0
42100406,2022-06-16 21:00:00,1610612738,1610612744,Playoffs,2022,0,Boston Celtics,Golden State Warriors,1,0
12200001,2022-09-30 06:00:00,1610612764,1610612744,Preseason,2022,0,Washington Wizards,Golden State Warriors,1,0
12200003,2022-10-01 20:00:00,1610612749,1610612763,Preseason,2022,0,Milwaukee Bucks,Memphis Grizzlies,1,0
12200004,2022-10-02 01:00:00,1610612744,1610612764,Preseason,2022,1,Golden State Warriors,Washington Wizards,1,0
12200005,2022-10-02 13:00:00,1610612738,1610612766,Preseason,2022,1,Boston Celtics,Charlotte Hornets,1,0
12200006,2022-10-02 18:00:00,1610612761,1610612762,Preseason,2022,1,Toronto Raptors,Utah Jazz,1,0
12200007,2022-10-02 19:00:00,1610612745,1610612759,Preseason,2022,1,Houston Rockets,San Antonio Spurs,1,0
12200009,2022-10-03 19:30:00,1610612751,1610612755,Preseason,2022,0,Brooklyn Nets,Philadelphia 76ers,1,0
12200010,2022-10-03 20:00:00,1610612763,1610612753,Preseason,2022,1,Memphis Grizzlies,Orlando Magic,1,0
12200011,2022-10-03 21:00:00,1610612743,1610612760,Preseason,2022,0,Denver Nuggets,Oklahoma City Thunder,1,0
12200013,2022-10-03 22:30:00,1610612746,1610612757,Preseason,2022,1,Los Angeles Clippers,Portland Trail Blazers,1,0
12200012,2022-10-03 22:30:00,1610612747,1610612758,Preseason,2022,0,Los Angeles Lakers,Sacramento Kings,1,0
12200014,2022-10-04 19:00:00,1610612752,1610612765,Preseason,2022,1,New York Knicks,Detroit Pistons,1,0
12200015,2022-10-04 19:30:00,1610612748,1610612750,Preseason,2022,0,Miami Heat,Minnesota Timberwolves,1,0
12200016,2022-10-04 21:30:00,1610612741,1610612740,Preseason,2022,0,Chicago Bulls,New Orleans Pelicans,1,0
12200017,2022-10-04 22:00:00,1610612757,1610612762,Preseason,2022,0,Portland Trail Blazers,Utah Jazz,1,0
12200018,2022-10-05 19:00:00,1610612766,1610612754,Preseason,2022,0,Charlotte Hornets,Indiana Pacers,1,0
12200019,2022-10-05 19:00:00,1610612755,1610612739,Preseason,2022,1,Philadelphia 76ers,Cleveland Cavaliers,1,0
12200020,2022-10-05 19:30:00,1610612738,1610612761,Preseason,2022,0,Boston Celtics,Toronto Raptors,1,0
12200021,2022-10-05 20:00:00,1610612760,1610612742,Preseason,2022,0,Oklahoma City Thunder,Dallas Mavericks,1,0
12200022,2022-10-05 22:00:00,1610612747,1610612756,Preseason,2022,0,Los Angeles Lakers,Phoenix Suns,1,0
12200023,2022-10-06 12:00:00,1610612737,1610612749,Preseason,2022,1,Atlanta Hawks,Milwaukee Bucks,1,0
12200024,2022-10-06 19:30:00,1610612751,1610612748,Preseason,2022,0,Brooklyn Nets,Miami Heat,1,0
12200026,2022-10-06 20:00:00,1610612759,1610612753,Preseason,2022,0,San Antonio Spurs,Orlando Magic,1,0
12200028,2022-10-06 22:00:00,1610612747,1610612750,Preseason,2022,0,Los Angeles Lakers,Minnesota Timberwolves,1,0
12200030,2022-10-07 19:30:00,1610612752,1610612754,Preseason,2022,1,New York Knicks,Indiana Pacers,1,0
12200029,2022-10-07 19:30:00,1610612766,1610612738,Preseason,2022,0,Charlotte Hornets,Boston Celtics,1,0
12200034,2022-10-07 20:00:00,1610612740,1610612765,Preseason,2022,1,New Orleans Pelicans,Detroit Pistons,1,0
12200033,2022-10-07 20:00:00,1610612763,1610612748,Preseason,2022,0,Memphis Grizzlies,Miami Heat,1,0
12200032,2022-10-07 20:00:00,1610612745,1610612761,Preseason,2022,1,Houston Rockets,Toronto Raptors,1,0
12200031,2022-10-07 20:00:00,1610612741,1610612743,Preseason,2022,1,Chicago Bulls,Denver Nuggets,1,0
12200035,2022-10-07 20:30:00,1610612742,1610612753,Preseason,2022,0,Dallas Mavericks,Orlando Magic,1,0
12200036,2022-10-08 12:00:00,1610612749,1610612737,Preseason,2022,0,Milwaukee Bucks,Atlanta Hawks,1,0
12200037,2022-10-09 18:00:00,1610612761,1610612741,Preseason,2022,0,Toronto Raptors,Chicago Bulls,1,0
12200039,2022-10-09 19:00:00,1610612759,1610612740,Preseason,2022,0,San Antonio Spurs,New Orleans Pelicans,1,0
12200040,2022-10-09 20:30:00,1610612744,1610612747,Preseason,2022,0,Golden State Warriors,Los Angeles Lakers,1,0
12200041,2022-10-09 21:00:00,1610612758,1610612757,Preseason,2022,1,Sacramento Kings,Portland Trail Blazers,1,0
12200042,2022-10-09 22:30:00,1610612746,1610612750,Preseason,2022,0,Los Angeles Clippers,Minnesota Timberwolves,1,0
12200043,2022-10-10 19:00:00,1610612766,1610612764,Preseason,2022,0,Charlotte Hornets,Washington Wizards,1,0
12200044,2022-10-10 19:00:00,1610612739,1610612755,Preseason,2022,0,Cleveland Cavaliers,Philadelphia 76ers,1,0
12200045,2022-10-10 19:30:00,1610612748,1610612745,Preseason,2022,1,Miami Heat,Houston Rockets,1,0
12200046,2022-10-10 21:00:00,1610612743,1610612756,Preseason,2022,1,Denver Nuggets,Phoenix Suns,1,0
12200048,2022-10-11 19:00:00,1610612753,1610612763,Preseason,2022,1,Orlando Magic,Memphis Grizzlies,1,0
12200047,2022-10-11 19:00:00,1610612765,1610612760,Preseason,2022,0,Detroit Pistons,Oklahoma City Thunder,1,0
12200049,2022-10-11 20:00:00,1610612741,1610612749,Preseason,2022,1,Chicago Bulls,Milwaukee Bucks,1,0
12200050,2022-10-11 21:00:00,1610612762,1610612759,Preseason,2022,0,Utah Jazz,San Antonio Spurs,1,0
12200051,2022-10-11 22:00:00,1610612744,1610612757,Preseason,2022,1,Golden State Warriors,Portland Trail Blazers,1,0
12200054,2022-10-12 19:00:00,1610612755,1610612766,Preseason,2022,1,Philadelphia 76ers,Charlotte Hornets,1,0
12200053,2022-10-12 19:00:00,1610612754,1610612752,Preseason,2022,1,Indiana Pacers,New York Knicks,1,0
12200052,2022-10-12 19:00:00,1610612739,1610612737,Preseason,2022,1,Cleveland Cavaliers,Atlanta Hawks,1,0
12200056,2022-10-12 19:30:00,1610612749,1610612751,Preseason,2022,0,Milwaukee Bucks,Brooklyn Nets,1,0
12200055,2022-10-12 19:30:00,1610612748,1610612740,Preseason,2022,1,Miami Heat,New Orleans Pelicans,1,0
12200057,2022-10-12 22:00:00,1610612747,1610612750,Preseason,2022,0,Los Angeles Lakers,Minnesota Timberwolves,1,0
12200058,2022-10-12 22:00:00,1610612756,1610612758,Preseason,2022,0,Phoenix Suns,Sacramento Kings,1,0
12200059,2022-10-12 22:30:00,1610612746,1610612743,Preseason,2022,0,Los Angeles Clippers,Denver Nuggets,1,0
12200060,2022-10-13 19:00:00,1610612765,1610612763,Preseason,2022,0,Detroit Pistons,Memphis Grizzlies,1,0
12200061,2022-10-13 20:00:00,1610612759,1610612760,Preseason,2022,0,San Antonio Spurs,Oklahoma City Thunder,1,0
12200063,2022-10-14 19:00:00,1610612753,1610612739,Preseason,2022,1,Orlando Magic,Cleveland Cavaliers,1,0
12200062,2022-10-14 19:00:00,1610612754,1610612745,Preseason,2022,0,Indiana Pacers,Houston Rockets,1,0
12200065,2022-10-14 19:30:00,1610612752,1610612764,Preseason,2022,1,New York Knicks,Washington Wizards,1,0
12200064,2022-10-14 19:30:00,1610612761,1610612738,Preseason,2022,1,Toronto Raptors,Boston Celtics,1,0
12200067,2022-10-14 20:00:00,1610612740,1610612737,Preseason,2022,1,New Orleans Pelicans,Atlanta Hawks,1,0
12200066,2022-10-14 20:00:00,1610612750,1610612751,Preseason,2022,0,Minnesota Timberwolves,Brooklyn Nets,1,0
12200068,2022-10-14 21:00:00,1610612762,1610612742,Preseason,2022,0,Utah Jazz,Dallas Mavericks,1,0
12200070,2022-10-14 22:00:00,1610612758,1610612747,Preseason,2022,1,Sacramento Kings,Los Angeles Lakers,1,0
12200069,2022-10-14 22:00:00,1610612744,1610612743,Preseason,2022,0,Golden State Warriors,Denver Nuggets,1,0
22200001,2022-10-18 19:30:00,1610612738,1610612755,Regular Season,2022,1,Boston Celtics,Philadelphia 76ers,0,0
22200002,2022-10-18 22:00:00,1610612744,1610612747,Regular Season,2022,1,Golden State Warriors,Los Angeles Lakers,0,0
22200003,2022-10-19 19:00:00,1610612765,1610612753,Regular Season,2022,1,Detroit Pistons,Orlando Magic,0,0
22200004,2022-10-19 19:00:00,1610612754,1610612764,Regular Season,2022,0,Indiana Pacers,Washington Wizards,0,0
22200009,2022-10-19 19:30:00,1610612763,1610612752,Regular Season,2022,1,Memphis Grizzlies,New York Knicks,0,0
22200008,2022-10-19 19:30:00,1610612761,1610612739,Regular Season,2022,1,Toronto Raptors,Cleveland Cavaliers,0,0
22200007,2022-10-19 19:30:00,1610612748,1610612741,Regular Season,2022,0,Miami Heat,Chicago Bulls,0,0
22200006,2022-10-19 19:30:00,1610612751,1610612740,Regular Season,2022,0,Brooklyn Nets,New Orleans Pelicans,0,0
22200005,2022-10-19 19:30:00,1610612737,1610612745,Regular Season,2022,1,Atlanta Hawks,Houston Rockets,0,0
22200011,2022-10-19 20:00:00,1610612759,1610612766,Regular Season,2022,0,San Antonio Spurs,Charlotte Hornets,0,0
22200010,2022-10-19 20:00:00,1610612750,1610612760,Regular Season,2022,1,Minnesota Timberwolves,Oklahoma City Thunder,0,0
22200012,2022-10-19 21:00:00,1610612762,1610612743,Regular Season,2022,1,Utah Jazz,Denver Nuggets,0,0
22200014,2022-10-19 22:00:00,1610612758,1610612757,Regular Season,2022,0,Sacramento Kings,Portland Trail Blazers,0,0
22200013,2022-10-19 22:00:00,1610612756,1610612742,Regular Season,2022,1,Phoenix Suns,Dallas Mavericks,0,0
22200015,2022-10-20 19:30:00,1610612755,1610612749,Regular Season,2022,0,Philadelphia 76ers,Milwaukee Bucks,0,0
22200016,2022-10-20 22:00:00,1610612747,1610612746,Regular Season,2022,0,Los Angeles Lakers,Los Angeles Clippers,0,0
22200018,2022-10-21 19:00:00,1610612754,1610612759,Regular Season,2022,0,Indiana Pacers,San Antonio Spurs,0,0
22200019,2022-10-21 19:00:00,1610612764,1610612741,Regular Season,2022,1,Washington Wizards,Chicago Bulls,0,0
22200017,2022-10-21 19:00:00,1610612766,1610612740,Regular Season,2022,0,Charlotte Hornets,New Orleans Pelicans,0,0
22200020,2022-10-21 19:30:00,1610612737,1610612753,Regular Season,2022,1,Atlanta Hawks,Orlando Magic,0,0
22200023,2022-10-21 19:30:00,1610612752,1610612765,Regular Season,2022,1,New York Knicks,Detroit Pistons,0,0
22200022,2022-10-21 19:30:00,1610612748,1610612738,Regular Season,2022,0,Miami Heat,Boston Celtics,0,0
22200021,2022-10-21 19:30:00,1610612751,1610612761,Regular Season,2022,1,Brooklyn Nets,Toronto Raptors,0,0
22200025,2022-10-21 20:00:00,1610612750,1610612762,Regular Season,2022,0,Minnesota Timberwolves,Utah Jazz,0,0
22200024,2022-10-21 20:00:00,1610612745,1610612763,Regular Season,2022,0,Houston Rockets,Memphis Grizzlies,0,0
22200027,2022-10-21 22:00:00,1610612757,1610612756,Regular Season,2022,1,Portland Trail Blazers,Phoenix Suns,0,0
22200026,2022-10-21 22:00:00,1610612744,1610612743,Regular Season,2022,0,Golden State Warriors,Denver Nuggets,0,0
22200028,2022-10-22 18:00:00,1610612755,1610612759,Regular Season,2022,0,Philadelphia 76ers,San Antonio Spurs,0,0
22200030,2022-10-22 19:00:00,1610612753,1610612738,Regular Season,2022,0,Orlando Magic,Boston Celtics,0,0
22200029,2022-10-22 19:00:00,1610612754,1610612765,Regular Season,2022,1,Indiana Pacers,Detroit Pistons,0,0
22200033,2022-10-22 20:00:00,1610612749,1610612745,Regular Season,2022,1,Milwaukee Bucks,Houston Rockets,0,0
22200032,2022-10-22 20:00:00,1610612741,1610612739,Regular Season,2022,0,Chicago Bulls,Cleveland Cavaliers,0,0
22200031,2022-10-22 20:00:00,1610612748,1610612761,Regular Season,2022,1,Miami Heat,Toronto Raptors,0,0
22200034,2022-10-22 20:30:00,1610612742,1610612763,Regular Season,2022,1,Dallas Mavericks,Memphis Grizzlies,0,0
22200035,2022-10-22 21:00:00,1610612743,1610612760,Regular Season,2022,1,Denver Nuggets,Oklahoma City Thunder,0,0
22200036,2022-10-22 22:00:00,1610612758,1610612746,Regular Season,2022,0,Sacramento Kings,Los Angeles Clippers,0,0
22200037,2022-10-23 15:30:00,1610612747,1610612757,Regular Season,2022,0,Los Angeles Lakers,Portland Trail Blazers,0,0
22200038,2022-10-23 17:00:00,1610612737,1610612766,Regular Season,2022,0,Atlanta Hawks,Charlotte Hornets,0,0
22200040,2022-10-23 19:00:00,1610612740,1610612762,Regular Season,2022,0,New Orleans Pelicans,Utah Jazz,0,0
22200039,2022-10-23 19:00:00,1610612739,1610612764,Regular Season,2022,1,Cleveland Cavaliers,Washington Wizards,0,0
22200041,2022-10-23 20:00:00,1610612760,1610612750,Regular Season,2022,0,Oklahoma City Thunder,Minnesota Timberwolves,0,0
22200042,2022-10-23 20:30:00,1610612744,1610612758,Regular Season,2022,1,Golden State Warriors,Sacramento Kings,0,0
22200043,2022-10-23 22:00:00,1610612746,1610612756,Regular Season,2022,0,Los Angeles Clippers,Phoenix Suns,0,0
22200044,2022-10-24 19:00:00,1610612755,1610612754,Regular Season,2022,1,Philadelphia 76ers,Indiana Pacers,0,0
22200046,2022-10-24 19:30:00,1610612752,1610612753,Regular Season,2022,1,New York Knicks,Orlando Magic,0,0
22200045,2022-10-24 19:30:00,1610612748,1610612761,Regular Season,2022,0,Miami Heat,Toronto Raptors,0,0
22200047,2022-10-24 20:00:00,1610612741,1610612738,Regular Season,2022,1,Chicago Bulls,Boston Celtics,0,0
22200049,2022-10-24 20:00:00,1610612763,1610612751,Regular Season,2022,1,Memphis Grizzlies,Brooklyn Nets,0,0
22200050,2022-10-24 20:00:00,1610612750,1610612759,Regular Season,2022,0,Minnesota Timberwolves,San Antonio Spurs,0,0
22200048,2022-10-24 20:00:00,1610612745,1610612762,Regular Season,2022,1,Houston Rockets,Utah Jazz,0,0
22200051,2022-10-24 22:00:00,1610612757,1610612743,Regular Season,2022,1,Portland Trail Blazers,Denver Nuggets,0,0
22200052,2022-10-25 19:00:00,1610612764,1610612765,Regular Season,2022,1,Washington Wizards,Detroit Pistons,0,0
22200053,2022-10-25 19:30:00,1610612740,1610612742,Regular Season,2022,1,New Orleans Pelicans,Dallas Mavericks,0,0
22200054,2022-10-25 20:00:00,1610612760,1610612746,Regular Season,2022,1,Oklahoma City Thunder,Los Angeles Clippers,0,0
22200055,2022-10-25 22:00:00,1610612756,1610612744,Regular Season,2022,1,Phoenix Suns,Golden State Warriors,0,0
22200057,2022-10-26 19:00:00,1610612765,1610612737,Regular Season,2022,0,Detroit Pistons,Atlanta Hawks,0,0
22200056,2022-10-26 19:00:00,1610612739,1610612753,Regular Season,2022,1,Cleveland Cavaliers,Orlando Magic,0,0
22200060,2022-10-26 19:30:00,1610612749,1610612751,Regular Season,2022,1,Milwaukee Bucks,Brooklyn Nets,0,0
22200059,2022-10-26 19:30:00,1610612761,1610612755,Regular Season,2022,1,Toronto Raptors,Philadelphia 76ers,0,0
22200058,2022-10-26 19:30:00,1610612752,1610612766,Regular Season,2022,1,New York Knicks,Charlotte Hornets,0,0
22200062,2022-10-26 20:00:00,1610612750,1610612759,Regular Season,2022,1,Minnesota Timberwolves,San Antonio Spurs,0,0
22200061,2022-10-26 20:00:00,1610612741,1610612754,Regular Season,2022,1,Chicago Bulls,Indiana Pacers,0,0
22200063,2022-10-26 21:00:00,1610612762,1610612745,Regular Season,2022,1,Utah Jazz,Houston Rockets,0,0
22200064,2022-10-26 22:00:00,1610612743,1610612747,Regular Season,2022,1,Denver Nuggets,Los Angeles Lakers,0,0
22200065,2022-10-26 22:00:00,1610612757,1610612748,Regular Season,2022,0,Portland Trail Blazers,Miami Heat,0,0
22200066,2022-10-27 19:30:00,1610612751,1610612742,Regular Season,2022,0,Brooklyn Nets,Dallas Mavericks,0,0
22200067,2022-10-27 20:00:00,1610612760,1610612746,Regular Season,2022,1,Oklahoma City Thunder,Los Angeles Clippers,0,0
22200069,2022-10-27 22:00:00,1610612758,1610612763,Regular Season,2022,0,Sacramento Kings,Memphis Grizzlies,0,0
22200068,2022-10-27 22:00:00,1610612744,1610612748,Regular Season,2022,1,Golden State Warriors,Miami Heat,0,0
22200071,2022-10-28 19:00:00,1610612753,1610612766,Regular Season,2022,1,Orlando Magic,Charlotte Hornets,0,0
22200070,2022-10-28 19:00:00,1610612765,1610612737,Regular Season,2022,0,Detroit Pistons,Atlanta Hawks,0,0
22200074,2022-10-28 19:30:00,1610612764,1610612754,Regular Season,2022,0,Washington Wizards,Indiana Pacers,0,0
22200073,2022-10-28 19:30:00,1610612761,1610612755,Regular Season,2022,0,Toronto Raptors,Philadelphia 76ers,0,0
22200072,2022-10-28 19:30:00,1610612738,1610612739,Regular Season,2022,0,Boston Celtics,Cleveland Cavaliers,0,0
22200076,2022-10-28 20:00:00,1610612750,1610612747,Regular Season,2022,1,Minnesota Timberwolves,Los Angeles Lakers,0,0
22200075,2022-10-28 20:00:00,1610612749,1610612752,Regular Season,2022,1,Milwaukee Bucks,New York Knicks,0,0
22200077,2022-10-28 20:30:00,1610612759,1610612741,Regular Season,2022,1,San Antonio Spurs,Chicago Bulls,0,0
22200078,2022-10-28 21:00:00,1610612743,1610612762,Regular Season,2022,1,Denver Nuggets,Utah Jazz,0,0
22200080,2022-10-28 22:00:00,1610612757,1610612745,Regular Season,2022,1,Portland Trail Blazers,Houston Rockets,0,0
22200079,2022-10-28 22:00:00,1610612756,1610612740,Regular Season,2022,1,Phoenix Suns,New Orleans Pelicans,0,0
22200081,2022-10-29 18:00:00,1610612758,1610612748,Regular Season,2022,1,Sacramento Kings,Miami Heat,0,0
22200082,2022-10-29 19:00:00,1610612766,1610612744,Regular Season,2022,1,Charlotte Hornets,Golden State Warriors,0,0
22200083,2022-10-29 19:30:00,1610612751,1610612754,Regular Season,2022,0,Brooklyn Nets,Indiana Pacers,0,0
22200084,2022-10-29 20:00:00,1610612741,1610612755,Regular Season,2022,0,Chicago Bulls,Philadelphia 76ers,0,0
22200085,2022-10-29 20:00:00,1610612749,1610612737,Regular Season,2022,1,Milwaukee Bucks,Atlanta Hawks,0,0
22200087,2022-10-29 21:00:00,1610612762,1610612763,Regular Season,2022,1,Utah Jazz,Memphis Grizzlies,0,0
22200086,2022-10-29 21:00:00,1610612742,1610612760,Regular Season,2022,0,Dallas Mavericks,Oklahoma City Thunder,0,0
22200088,2022-10-30 15:00:00,1610612746,1610612740,Regular Season,2022,0,Los Angeles Clippers,New Orleans Pelicans,0,0
22200091,2022-10-30 18:00:00,1610612765,1610612744,Regular Season,2022,1,Detroit Pistons,Golden State Warriors,0,0
22200090,2022-10-30 18:00:00,1610612739,1610612752,Regular Season,2022,1,Cleveland Cavaliers,New York Knicks,0,0
22200089,2022-10-30 18:00:00,1610612738,1610612764,Regular Season,2022,1,Boston Celtics,Washington Wizards,0,0
22200092,2022-10-30 19:00:00,1610612759,1610612750,Regular Season,2022,1,San Antonio Spurs,Minnesota Timberwolves,0,0
22200093,2022-10-30 19:30:00,1610612742,1610612753,Regular Season,2022,1,Dallas Mavericks,Orlando Magic,0,0
22200094,2022-10-30 21:00:00,1610612756,1610612745,Regular Season,2022,1,Phoenix Suns,Houston Rockets,0,0
22200095,2022-10-30 21:30:00,1610612747,1610612743,Regular Season,2022,1,Los Angeles Lakers,Denver Nuggets,0,0
22200096,2022-10-31 19:00:00,1610612766,1610612758,Regular Season,2022,0,Charlotte Hornets,Sacramento Kings,0,0
22200097,2022-10-31 19:00:00,1610612764,1610612755,Regular Season,2022,0,Washington Wizards,Philadelphia 76ers,0,0
22200099,2022-10-31 19:30:00,1610612761,1610612737,Regular Season,2022,1,Toronto Raptors,Atlanta Hawks,0,0
22200098,2022-10-31 19:30:00,1610612751,1610612754,Regular Season,2022,1,Brooklyn Nets,Indiana Pacers,0,0
22200100,2022-10-31 20:00:00,1610612749,1610612765,Regular Season,2022,1,Milwaukee Bucks,Detroit Pistons,0,0
22200101,2022-10-31 21:00:00,1610612762,1610612763,Regular Season,2022,1,Utah Jazz,Memphis Grizzlies,0,0
22200102,2022-10-31 22:30:00,1610612746,1610612745,Regular Season,2022,1,Los Angeles Clippers,Houston Rockets,0,0
22200104,2022-11-01 19:30:00,1610612748,1610612744,Regular Season,2022,1,Miami Heat,Golden State Warriors,0,0
22200103,2022-11-01 19:30:00,1610612751,1610612741,Regular Season,2022,0,Brooklyn Nets,Chicago Bulls,0,0
22200105,2022-11-01 20:00:00,1610612760,1610612753,Regular Season,2022,1,Oklahoma City Thunder,Orlando Magic,0,0
22200106,2022-11-01 22:00:00,1610612756,1610612750,Regular Season,2022,1,Phoenix Suns,Minnesota Timberwolves,0,0
22200108,2022-11-02 18:00:00,1610612755,1610612764,Regular Season,2022,0,Philadelphia 76ers,Washington Wizards,0,0
22200107,2022-11-02 19:30:00,1610612739,1610612738,Regular Season,2022,1,Cleveland Cavaliers,Boston Celtics,0,0
22200110,2022-11-02 19:30:00,1610612752,1610612737,Regular Season,2022,0,New York Knicks,Atlanta Hawks,0,0
22200109,2022-11-02 19:30:00,1610612748,1610612758,Regular Season,2022,1,Miami Heat,Sacramento Kings,0,0
22200114,2022-11-02 20:00:00,1610612759,1610612761,Regular Season,2022,0,San Antonio Spurs,Toronto Raptors,0,0
22200113,2022-11-02 20:00:00,1610612749,1610612765,Regular Season,2022,1,Milwaukee Bucks,Detroit Pistons,0,0
22200112,2022-11-02 20:00:00,1610612745,1610612746,Regular Season,2022,0,Houston Rockets,Los Angeles Clippers,0,0
22200111,2022-11-02 20:00:00,1610612741,1610612766,Regular Season,2022,1,Chicago Bulls,Charlotte Hornets,0,0
22200115,2022-11-02 20:30:00,1610612742,1610612762,Regular Season,2022,1,Dallas Mavericks,Utah Jazz,0,0
22200116,2022-11-02 22:00:00,1610612757,1610612763,Regular Season,2022,0,Portland Trail Blazers,Memphis Grizzlies,0,0
22200117,2022-11-02 22:30:00,1610612747,1610612740,Regular Season,2022,1,Los Angeles Lakers,New Orleans Pelicans,0,0
22200118,2022-11-03 19:00:00,1610612753,1610612744,Regular Season,2022,1,Orlando Magic,Golden State Warriors,0,0
22200119,2022-11-03 20:00:00,1610612760,1610612743,Regular Season,2022,0,Oklahoma City Thunder,Denver Nuggets,0,0
22200123,2022-11-04 19:00:00,1610612764,1610612751,Regular Season,2022,0,Washington Wizards,Brooklyn Nets,0,0
22200122,2022-11-04 19:00:00,1610612755,1610612752,Regular Season,2022,0,Philadelphia 76ers,New York Knicks,0,0
22200121,2022-11-04 19:00:00,1610612754,1610612748,Regular Season,2022,1,Indiana Pacers,Miami Heat,0,0
22200120,2022-11-04 19:00:00,1610612765,1610612739,Regular Season,2022,0,Detroit Pistons,Cleveland Cavaliers,0,0
22200124,2022-11-04 19:30:00,1610612738,1610612741,Regular Season,2022,1,Boston Celtics,Chicago Bulls,0,0
22200126,2022-11-04 20:00:00,1610612759,1610612746,Regular Season,2022,0,San Antonio Spurs,Los Angeles Clippers,0,0
22200125,2022-11-04 20:00:00,1610612763,1610612766,Regular Season,2022,1,Memphis Grizzlies,Charlotte Hornets,0,0
22200128,2022-11-04 20:30:00,1610612740,1610612744,Regular Season,2022,1,New Orleans Pelicans,Golden State Warriors,0,0
22200127,2022-11-04 20:30:00,1610612742,1610612761,Regular Season,2022,1,Dallas Mavericks,Toronto Raptors,0,0
22200130,2022-11-04 22:00:00,1610612756,1610612757,Regular Season,2022,0,Phoenix Suns,Portland Trail Blazers,0,0
22200129,2022-11-04 22:00:00,1610612750,1610612749,Regular Season,2022,0,Minnesota Timberwolves,Milwaukee Bucks,0,0
22200131,2022-11-04 22:30:00,1610612747,1610612762,Regular Season,2022,0,Los Angeles Lakers,Utah Jazz,0,0
22200132,2022-11-05 17:00:00,1610612753,1610612758,Regular Season,2022,0,Orlando Magic,Sacramento Kings,0,0
22200133,2022-11-05 19:00:00,1610612766,1610612751,Regular Season,2022,0,Charlotte Hornets,Brooklyn Nets,0,0
22200135,2022-11-05 19:30:00,1610612752,1610612738,Regular Season,2022,0,New York Knicks,Boston Celtics,0,0
22200134,2022-11-05 19:30:00,1610612737,1610612740,Regular Season,2022,1,Atlanta Hawks,New Orleans Pelicans,0,0
22200137,2022-11-05 20:00:00,1610612750,1610612745,Regular Season,2022,1,Minnesota Timberwolves,Houston Rockets,0,0
22200136,2022-11-05 20:00:00,1610612749,1610612760,Regular Season,2022,1,Milwaukee Bucks,Oklahoma City Thunder,0,0
22200138,2022-11-05 21:00:00,1610612743,1610612759,Regular Season,2022,1,Denver Nuggets,San Antonio Spurs,0,0
22200139,2022-11-05 22:00:00,1610612756,1610612757,Regular Season,2022,1,Phoenix Suns,Portland Trail Blazers,0,0
22200140,2022-11-06 15:30:00,1610612747,1610612739,Regular Season,2022,0,Los Angeles Lakers,Cleveland Cavaliers,0,0
22200141,2022-11-06 18:00:00,1610612761,1610612741,Regular Season,2022,1,Toronto Raptors,Chicago Bulls,0,0
22200142,2022-11-06 18:00:00,1610612763,1610612764,Regular Season,2022,1,Memphis Grizzlies,Washington Wizards,0,0
22200143,2022-11-06 22:00:00,1610612746,1610612762,Regular Season,2022,0,Los Angeles Clippers,Utah Jazz,0,0
22200144,2022-11-07 19:00:00,1610612766,1610612764,Regular Season,2022,0,Charlotte Hornets,Washington Wizards,0,0
22200145,2022-11-07 19:15:00,1610612753,1610612745,Regular Season,2022,0,Orlando Magic,Houston Rockets,0,0
22200146,2022-11-07 19:30:00,1610612765,1610612760,Regular Season,2022,1,Detroit Pistons,Oklahoma City Thunder,0,0
22200147,2022-11-07 19:45:00,1610612754,1610612740,Regular Season,2022,1,Indiana Pacers,New Orleans Pelicans,0,0
22200148,2022-11-07 20:00:00,1610612755,1610612756,Regular Season,2022,1,Philadelphia 76ers,Phoenix Suns,0,0
22200149,2022-11-07 20:15:00,1610612737,1610612749,Regular Season,2022,1,Atlanta Hawks,Milwaukee Bucks,0,0
22200150,2022-11-07 20:30:00,1610612748,1610612757,Regular Season,2022,0,Miami Heat,Portland Trail Blazers,0,0
22200151,2022-11-07 20:45:00,1610612741,1610612761,Regular Season,2022,1,Chicago Bulls,Toronto Raptors,0,0
22200152,2022-11-07 21:00:00,1610612763,1610612738,Regular Season,2022,0,Memphis Grizzlies,Boston Celtics,0,0
22200153,2022-11-07 21:15:00,1610612750,1610612752,Regular Season,2022,0,Minnesota Timberwolves,New York Knicks,0,0
22200154,2022-11-07 21:30:00,1610612759,1610612743,Regular Season,2022,0,San Antonio Spurs,Denver Nuggets,0,0
22200155,2022-11-07 21:45:00,1610612742,1610612751,Regular Season,2022,1,Dallas Mavericks,Brooklyn Nets,0,0
22200156,2022-11-07 22:00:00,1610612744,1610612758,Regular Season,2022,1,Golden State Warriors,Sacramento Kings,0,0
22200157,2022-11-07 22:15:00,1610612762,1610612747,Regular Season,2022,1,Utah Jazz,Los Angeles Lakers,0,0
22200158,2022-11-07 22:30:00,1610612746,1610612739,Regular Season,2022,1,Los Angeles Clippers,Cleveland Cavaliers,0,0
22200161,2022-11-09 17:30:00,1610612753,1610612742,Regular Season,2022,1,Orlando Magic,Dallas Mavericks,0,0
22200160,2022-11-09 19:00:00,1610612754,1610612743,Regular Season,2022,0,Indiana Pacers,Denver Nuggets,0,0
22200159,2022-11-09 19:00:00,1610612766,1610612757,Regular Season,2022,0,Charlotte Hornets,Portland Trail Blazers,0,0
22200165,2022-11-09 19:30:00,1610612761,1610612745,Regular Season,2022,1,Toronto Raptors,Houston Rockets,0,0
22200164,2022-11-09 19:30:00,1610612751,1610612752,Regular Season,2022,1,Brooklyn Nets,New York Knicks,0,0
22200163,2022-11-09 19:30:00,1610612738,1610612765,Regular Season,2022,1,Boston Celtics,Detroit Pistons,0,0
22200162,2022-11-09 19:30:00,1610612737,1610612762,Regular Season,2022,0,Atlanta Hawks,Utah Jazz,0,0
22200169,2022-11-09 20:00:00,1610612759,1610612763,Regular Season,2022,0,San Antonio Spurs,Memphis Grizzlies,0,0
22200168,2022-11-09 20:00:00,1610612760,1610612749,Regular Season,2022,0,Oklahoma City Thunder,Milwaukee Bucks,0,0
22200167,2022-11-09 20:00:00,1610612750,1610612756,Regular Season,2022,0,Minnesota Timberwolves,Phoenix Suns,0,0
22200166,2022-11-09 20:00:00,1610612741,1610612740,Regular Season,2022,0,Chicago Bulls,New Orleans Pelicans,0,0
22200170,2022-11-09 22:00:00,1610612746,1610612747,Regular Season,2022,1,Los Angeles Clippers,Los Angeles Lakers,0,0
22200171,2022-11-09 22:00:00,1610612758,1610612739,Regular Season,2022,1,Sacramento Kings,Cleveland Cavaliers,0,0
22200172,2022-11-10 19:00:00,1610612764,1610612742,Regular Season,2022,1,Washington Wizards,Dallas Mavericks,0,0
22200173,2022-11-10 19:30:00,1610612737,1610612755,Regular Season,2022,1,Atlanta Hawks,Philadelphia 76ers,0,0
22200174,2022-11-10 19:30:00,1610612748,1610612766,Regular Season,2022,1,Miami Heat,Charlotte Hornets,0,0
22200175,2022-11-10 20:00:00,1610612740,1610612757,Regular Season,2022,0,New Orleans Pelicans,Portland Trail Blazers,0,0
22200177,2022-11-11 19:00:00,1610612753,1610612756,Regular Season,2022,1,Orlando Magic,Phoenix Suns,0,0
22200176,2022-11-11 19:00:00,1610612738,1610612743,Regular Season,2022,1,Boston Celtics,Denver Nuggets,0,0
22200178,2022-11-11 19:30:00,1610612752,1610612765,Regular Season,2022,1,New York Knicks,Detroit Pistons,0,0
22200180,2022-11-11 20:00:00,1610612759,1610612749,Regular Season,2022,1,San Antonio Spurs,Milwaukee Bucks,0,0
22200179,2022-11-11 20:00:00,1610612760,1610612761,Regular Season,2022,1,Oklahoma City Thunder,Toronto Raptors,0,0
22200181,2022-11-11 21:30:00,1610612763,1610612750,Regular Season,2022,1,Memphis Grizzlies,Minnesota Timberwolves,0,0
22200182,2022-11-11 22:00:00,1610612744,1610612739,Regular Season,2022,1,Golden State Warriors,Cleveland Cavaliers,0,0
22200183,2022-11-11 22:30:00,1610612747,1610612758,Regular Season,2022,0,Los Angeles Lakers,Sacramento Kings,0,0
22200184,2022-11-12 16:00:00,1610612746,1610612751,Regular Season,2022,0,Los Angeles Clippers,Brooklyn Nets,0,0
22200185,2022-11-12 18:00:00,1610612764,1610612762,Regular Season,2022,1,Washington Wizards,Utah Jazz,0,0
22200186,2022-11-12 19:00:00,1610612765,1610612738,Regular Season,2022,0,Detroit Pistons,Boston Celtics,0,0
22200187,2022-11-12 19:00:00,1610612754,1610612761,Regular Season,2022,1,Indiana Pacers,Toronto Raptors,0,0
22200188,2022-11-12 19:30:00,1610612755,1610612737,Regular Season,2022,1,Philadelphia 76ers,Atlanta Hawks,0,0
22200189,2022-11-12 20:00:00,1610612748,1610612766,Regular Season,2022,1,Miami Heat,Charlotte Hornets,0,0
22200191,2022-11-12 20:30:00,1610612740,1610612745,Regular Season,2022,1,New Orleans Pelicans,Houston Rockets,0,0
22200190,2022-11-12 20:30:00,1610612742,1610612757,Regular Season,2022,1,Dallas Mavericks,Portland Trail Blazers,0,0
22200192,2022-11-13 12:00:00,1610612752,1610612760,Regular Season,2022,0,New York Knicks,Oklahoma City Thunder,0,0
22200194,2022-11-13 18:00:00,1610612764,1610612763,Regular Season,2022,1,Washington Wizards,Memphis Grizzlies,0,0
22200193,2022-11-13 18:00:00,1610612739,1610612750,Regular Season,2022,0,Cleveland Cavaliers,Minnesota Timberwolves,0,0
22200195,2022-11-13 19:30:00,1610612755,1610612762,Regular Season,2022,1,Philadelphia 76ers,Utah Jazz,0,0
22200196,2022-11-13 20:00:00,1610612741,1610612743,Regular Season,2022,0,Chicago Bulls,Denver Nuggets,0,0
22200197,2022-11-13 21:00:00,1610612758,1610612744,Regular Season,2022,1,Sacramento Kings,Golden State Warriors,0,0
22200198,2022-11-13 21:30:00,1610612747,1610612751,Regular Season,2022,1,Los Angeles Lakers,Brooklyn Nets,0,0
22200200,2022-11-14 19:00:00,1610612753,1610612766,Regular Season,2022,0,Orlando Magic,Charlotte Hornets,0,0
22200199,2022-11-14 19:00:00,1610612765,1610612761,Regular Season,2022,0,Detroit Pistons,Toronto Raptors,0,0
22200201,2022-11-14 19:30:00,1610612738,1610612760,Regular Season,2022,1,Boston Celtics,Oklahoma City Thunder,0,0
22200202,2022-11-14 19:30:00,1610612748,1610612756,Regular Season,2022,1,Miami Heat,Phoenix Suns,0,0
22200204,2022-11-14 20:00:00,1610612749,1610612737,Regular Season,2022,0,Milwaukee Bucks,Atlanta Hawks,0,0
22200203,2022-11-14 20:00:00,1610612745,1610612746,Regular Season,2022,0,Houston Rockets,Los Angeles Clippers,0,0
22200205,2022-11-14 22:00:00,1610612744,1610612759,Regular Season,2022,1,Golden State Warriors,San Antonio Spurs,0,0
22200206,2022-11-15 19:30:00,1610612740,1610612763,Regular Season,2022,1,New Orleans Pelicans,Memphis Grizzlies,0,0
22200207,2022-11-15 20:30:00,1610612742,1610612746,Regular Season,2022,1,Dallas Mavericks,Los Angeles Clippers,0,0
22200208,2022-11-15 21:00:00,1610612762,1610612752,Regular Season,2022,0,Utah Jazz,New York Knicks,0,0
22200210,2022-11-15 22:00:00,1610612758,1610612751,Regular Season,2022,1,Sacramento Kings,Brooklyn Nets,0,0
22200209,2022-11-15 22:00:00,1610612757,1610612759,Regular Season,2022,1,Portland Trail Blazers,San Antonio Spurs,0,0
22200213,2022-11-16 19:00:00,1610612764,1610612760,Regular Season,2022,0,Washington Wizards,Oklahoma City Thunder,0,0
22200212,2022-11-16 19:00:00,1610612753,1610612750,Regular Season,2022,0,Orlando Magic,Minnesota Timberwolves,0,0
22200211,2022-11-16 19:00:00,1610612766,1610612754,Regular Season,2022,0,Charlotte Hornets,Indiana Pacers,0,0
22200215,2022-11-16 19:30:00,1610612761,1610612748,Regular Season,2022,1,Toronto Raptors,Miami Heat,0,0
22200214,2022-11-16 19:30:00,1610612737,1610612738,Regular Season,2022,0,Atlanta Hawks,Boston Celtics,0,0
22200217,2022-11-16 20:00:00,1610612740,1610612741,Regular Season,2022,1,New Orleans Pelicans,Chicago Bulls,0,0
22200216,2022-11-16 20:00:00,1610612749,1610612739,Regular Season,2022,1,Milwaukee Bucks,Cleveland Cavaliers,0,0
22200218,2022-11-16 20:30:00,1610612742,1610612745,Regular Season,2022,0,Dallas Mavericks,Houston Rockets,0,0
22200220,2022-11-16 22:00:00,1610612756,1610612744,Regular Season,2022,1,Phoenix Suns,Golden State Warriors,0,0
22200219,2022-11-16 22:00:00,1610612743,1610612752,Regular Season,2022,0,Denver Nuggets,New York Knicks,0,0
22200221,2022-11-17 22:00:00,1610612757,1610612751,Regular Season,2022,0,Portland Trail Blazers,Brooklyn Nets,0,0
22200222,2022-11-17 22:00:00,1610612758,1610612759,Regular Season,2022,1,Sacramento Kings,San Antonio Spurs,0,0
22200223,2022-11-17 22:30:00,1610612746,1610612765,Regular Season,2022,1,Los Angeles Clippers,Detroit Pistons,0,0
22200224,2022-11-18 19:00:00,1610612764,1610612748,Regular Season,2022,1,Washington Wizards,Miami Heat,0,0
22200226,2022-11-18 19:30:00,1610612755,1610612749,Regular Season,2022,1,Philadelphia 76ers,Milwaukee Bucks,0,0
22200225,2022-11-18 19:30:00,1610612739,1610612766,Regular Season,2022,1,Cleveland Cavaliers,Charlotte Hornets,0,0
22200229,2022-11-18 20:00:00,1610612763,1610612760,Regular Season,2022,1,Memphis Grizzlies,Oklahoma City Thunder,0,0
22200228,2022-11-18 20:00:00,1610612745,1610612754,Regular Season,2022,0,Houston Rockets,Indiana Pacers,0,0
22200227,2022-11-18 20:00:00,1610612741,1610612753,Regular Season,2022,0,Chicago Bulls,Orlando Magic,0,0
22200231,2022-11-18 20:30:00,1610612740,1610612738,Regular Season,2022,0,New Orleans Pelicans,Boston Celtics,0,0
22200230,2022-11-18 20:30:00,1610612742,1610612743,Regular Season,2022,1,Dallas Mavericks,Denver Nuggets,0,0
22200232,2022-11-18 21:00:00,1610612762,1610612756,Regular Season,2022,1,Utah Jazz,Phoenix Suns,0,0
22200233,2022-11-18 22:00:00,1610612744,1610612752,Regular Season,2022,1,Golden State Warriors,New York Knicks,0,0
22200234,2022-11-18 22:30:00,1610612747,1610612765,Regular Season,2022,1,Los Angeles Lakers,Detroit Pistons,0,0
22200235,2022-11-19 18:00:00,1610612737,1610612761,Regular Season,2022,1,Atlanta Hawks,Toronto Raptors,0,0
22200236,2022-11-19 19:00:00,1610612754,1610612753,Regular Season,2022,1,Indiana Pacers,Orlando Magic,0,0
22200237,2022-11-19 19:30:00,1610612755,1610612750,Regular Season,2022,0,Philadelphia 76ers,Minnesota Timberwolves,0,0
22200238,2022-11-19 22:00:00,1610612757,1610612762,Regular Season,2022,0,Portland Trail Blazers,Utah Jazz,0,0
22200239,2022-11-19 22:30:00,1610612746,1610612759,Regular Season,2022,1,Los Angeles Clippers,San Antonio Spurs,0,0
22200240,2022-11-20 15:30:00,1610612756,1610612752,Regular Season,2022,1,Phoenix Suns,New York Knicks,0,0
22200242,2022-11-20 18:00:00,1610612758,1610612765,Regular Season,2022,1,Sacramento Kings,Detroit Pistons,0,0
22200241,2022-11-20 18:00:00,1610612764,1610612766,Regular Season,2022,1,Washington Wizards,Charlotte Hornets,0,0
22200245,2022-11-20 19:00:00,1610612745,1610612744,Regular Season,2022,0,Houston Rockets,Golden State Warriors,0,0
22200244,2022-11-20 19:00:00,1610612739,1610612748,Regular Season,2022,1,Cleveland Cavaliers,Miami Heat,0,0
22200243,2022-11-20 19:00:00,1610612751,1610612763,Regular Season,2022,1,Brooklyn Nets,Memphis Grizzlies,0,0
22200246,2022-11-20 19:30:00,1610612742,1610612743,Regular Season,2022,0,Dallas Mavericks,Denver Nuggets,0,0
22200247,2022-11-20 21:30:00,1610612747,1610612759,Regular Season,2022,1,Los Angeles Lakers,San Antonio Spurs,0,0
22200249,2022-11-21 19:00:00,1610612754,1610612753,Regular Season,2022,1,Indiana Pacers,Orlando Magic,0,0
22200248,2022-11-21 19:00:00,1610612739,1610612737,Regular Season,2022,1,Cleveland Cavaliers,Atlanta Hawks,0,0
22200250,2022-11-21 20:00:00,1610612741,1610612738,Regular Season,2022,1,Chicago Bulls,Boston Celtics,0,0
22200251,2022-11-21 20:00:00,1610612749,1610612757,Regular Season,2022,1,Milwaukee Bucks,Portland Trail Blazers,0,0
22200253,2022-11-21 20:00:00,1610612740,1610612744,Regular Season,2022,1,New Orleans Pelicans,Golden State Warriors,0,0
22200252,2022-11-21 20:00:00,1610612750,1610612748,Regular Season,2022,1,Minnesota Timberwolves,Miami Heat,0,0
22200254,2022-11-21 20:00:00,1610612760,1610612752,Regular Season,2022,0,Oklahoma City Thunder,New York Knicks,0,0
22200255,2022-11-21 22:30:00,1610612746,1610612762,Regular Season,2022,1,Los Angeles Clippers,Utah Jazz,0,0
22200256,2022-11-22 19:30:00,1610612755,1610612751,Regular Season,2022,1,Philadelphia 76ers,Brooklyn Nets,0,0
22200257,2022-11-22 20:00:00,1610612763,1610612758,Regular Season,2022,0,Memphis Grizzlies,Sacramento Kings,0,0
22200258,2022-11-22 21:00:00,1610612743,1610612765,Regular Season,2022,0,Denver Nuggets,Detroit Pistons,0,0
22200259,2022-11-22 22:00:00,1610612756,1610612747,Regular Season,2022,1,Phoenix Suns,Los Angeles Lakers,0,0
22200260,2022-11-23 19:00:00,1610612766,1610612755,Regular Season,2022,1,Charlotte Hornets,Philadelphia 76ers,0,0
22200262,2022-11-23 19:00:00,1610612754,1610612750,Regular Season,2022,0,Indiana Pacers,Minnesota Timberwolves,0,0
22200261,2022-11-23 19:00:00,1610612739,1610612757,Regular Season,2022,1,Cleveland Cavaliers,Portland Trail Blazers,0,0
22200263,2022-11-23 19:30:00,1610612737,1610612758,Regular Season,2022,1,Atlanta Hawks,Sacramento Kings,0,0
22200264,2022-11-23 19:30:00,1610612738,1610612742,Regular Season,2022,1,Boston Celtics,Dallas Mavericks,0,0
22200265,2022-11-23 19:30:00,1610612748,1610612764,Regular Season,2022,1,Miami Heat,Washington Wizards,0,0
22200266,2022-11-23 19:30:00,1610612761,1610612751,Regular Season,2022,0,Toronto Raptors,Brooklyn Nets,0,0
22200269,2022-11-23 20:00:00,1610612759,1610612740,Regular Season,2022,0,San Antonio Spurs,New Orleans Pelicans,0,0
22200268,2022-11-23 20:00:00,1610612760,1610612743,Regular Season,2022,0,Oklahoma City Thunder,Denver Nuggets,0,0
22200267,2022-11-23 20:00:00,1610612749,1610612741,Regular Season,2022,0,Milwaukee Bucks,Chicago Bulls,0,0
22200270,2022-11-23 21:00:00,1610612762,1610612765,Regular Season,2022,0,Utah Jazz,Detroit Pistons,0,0
22200271,2022-11-23 22:00:00,1610612744,1610612746,Regular Season,2022,1,Golden State Warriors,Los Angeles Clippers,0,0
22200272,2022-11-25 17:00:00,1610612766,1610612750,Regular Season,2022,1,Charlotte Hornets,Minnesota Timberwolves,0,0
22200273,2022-11-25 19:00:00,1610612753,1610612755,Regular Season,2022,0,Orlando Magic,Philadelphia 76ers,0,0
22200274,2022-11-25 19:30:00,1610612752,1610612757,Regular Season,2022,0,New York Knicks,Portland Trail Blazers,0,0
22200275,2022-11-25 20:00:00,1610612738,1610612758,Regular Season,2022,1,Boston Celtics,Sacramento Kings,0,0
22200278,2022-11-25 20:00:00,1610612745,1610612737,Regular Season,2022,1,Houston Rockets,Atlanta Hawks,0,0
22200276,2022-11-25 20:00:00,1610612754,1610612751,Regular Season,2022,1,Indiana Pacers,Brooklyn Nets,0,0
22200280,2022-11-25 20:00:00,1610612749,1610612739,Regular Season,2022,1,Milwaukee Bucks,Cleveland Cavaliers,0,0
22200279,2022-11-25 20:00:00,1610612763,1610612740,Regular Season,2022,1,Memphis Grizzlies,New Orleans Pelicans,0,0
22200282,2022-11-25 20:00:00,1610612759,1610612747,Regular Season,2022,0,San Antonio Spurs,Los Angeles Lakers,0,0
22200277,2022-11-25 20:00:00,1610612748,1610612764,Regular Season,2022,1,Miami Heat,Washington Wizards,0,0
22200281,2022-11-25 20:00:00,1610612760,1610612741,Regular Season,2022,1,Oklahoma City Thunder,Chicago Bulls,0,0
22200283,2022-11-25 21:00:00,1610612756,1610612765,Regular Season,2022,1,Phoenix Suns,Detroit Pistons,0,0
22200284,2022-11-25 22:00:00,1610612744,1610612762,Regular Season,2022,1,Golden State Warriors,Utah Jazz,0,0
22200285,2022-11-25 22:30:00,1610612746,1610612743,Regular Season,2022,0,Los Angeles Clippers,Denver Nuggets,0,0
22200286,2022-11-26 17:00:00,1610612761,1610612742,Regular Season,2022,1,Toronto Raptors,Dallas Mavericks,0,0
22200287,2022-11-26 20:00:00,1610612745,1610612760,Regular Season,2022,1,Houston Rockets,Oklahoma City Thunder,0,0
22200288,2022-11-26 20:00:00,1610612759,1610612747,Regular Season,2022,0,San Antonio Spurs,Los Angeles Lakers,0,0
22200289,2022-11-26 21:00:00,1610612756,1610612762,Regular Season,2022,1,Phoenix Suns,Utah Jazz,0,0
22200290,2022-11-27 15:00:00,1610612751,1610612757,Regular Season,2022,1,Brooklyn Nets,Portland Trail Blazers,0,0
22200291,2022-11-27 15:30:00,1610612750,1610612744,Regular Season,2022,0,Minnesota Timberwolves,Golden State Warriors,0,0
22200292,2022-11-27 16:00:00,1610612746,1610612754,Regular Season,2022,1,Los Angeles Clippers,Indiana Pacers,0,0
22200293,2022-11-27 17:00:00,1610612737,1610612748,Regular Season,2022,0,Atlanta Hawks,Miami Heat,0,0
22200294,2022-11-27 18:00:00,1610612738,1610612764,Regular Season,2022,1,Boston Celtics,Washington Wizards,0,0
22200296,2022-11-27 18:00:00,1610612752,1610612763,Regular Season,2022,0,New York Knicks,Memphis Grizzlies,0,0
22200297,2022-11-27 18:00:00,1610612753,1610612755,Regular Season,2022,0,Orlando Magic,Philadelphia 76ers,0,0
22200295,2022-11-27 18:00:00,1610612765,1610612739,Regular Season,2022,0,Detroit Pistons,Cleveland Cavaliers,0,0
22200298,2022-11-27 20:00:00,1610612749,1610612742,Regular Season,2022,1,Milwaukee Bucks,Dallas Mavericks,0,0
22200300,2022-11-28 19:00:00,1610612764,1610612750,Regular Season,2022,1,Washington Wizards,Minnesota Timberwolves,0,0
22200299,2022-11-28 19:00:00,1610612755,1610612737,Regular Season,2022,1,Philadelphia 76ers,Atlanta Hawks,0,0
22200303,2022-11-28 19:30:00,1610612761,1610612739,Regular Season,2022,1,Toronto Raptors,Cleveland Cavaliers,0,0
22200302,2022-11-28 19:30:00,1610612751,1610612753,Regular Season,2022,1,Brooklyn Nets,Orlando Magic,0,0
22200301,2022-11-28 19:30:00,1610612738,1610612766,Regular Season,2022,1,Boston Celtics,Charlotte Hornets,0,0
22200304,2022-11-28 20:00:00,1610612740,1610612760,Regular Season,2022,1,New Orleans Pelicans,Oklahoma City Thunder,0,0
22200306,2022-11-28 21:00:00,1610612762,1610612741,Regular Season,2022,0,Utah Jazz,Chicago Bulls,0,0
22200305,2022-11-28 21:00:00,1610612743,1610612745,Regular Season,2022,1,Denver Nuggets,Houston Rockets,0,0
22200307,2022-11-28 22:00:00,1610612758,1610612756,Regular Season,2022,0,Sacramento Kings,Phoenix Suns,0,0
22200308,2022-11-28 22:30:00,1610612747,1610612754,Regular Season,2022,0,Los Angeles Lakers,Indiana Pacers,0,0
22200309,2022-11-29 19:00:00,1610612765,1610612752,Regular Season,2022,0,Detroit Pistons,New York Knicks,0,0
22200310,2022-11-29 19:30:00,1610612742,1610612744,Regular Season,2022,1,Dallas Mavericks,Golden State Warriors,0,0
22200311,2022-11-29 22:00:00,1610612757,1610612746,Regular Season,2022,0,Portland Trail Blazers,Los Angeles Clippers,0,0
22200312,2022-11-30 19:00:00,1610612739,1610612755,Regular Season,2022,1,Cleveland Cavaliers,Philadelphia 76ers,0,0
22200313,2022-11-30 19:00:00,1610612753,1610612737,Regular Season,2022,0,Orlando Magic,Atlanta Hawks,0,0
22200316,2022-11-30 19:30:00,1610612752,1610612749,Regular Season,2022,0,New York Knicks,Milwaukee Bucks,0,0
22200315,2022-11-30 19:30:00,1610612751,1610612764,Regular Season,2022,1,Brooklyn Nets,Washington Wizards,0,0
22200314,2022-11-30 19:30:00,1610612738,1610612748,Regular Season,2022,1,Boston Celtics,Miami Heat,0,0
22200319,2022-11-30 20:00:00,1610612760,1610612759,Regular Season,2022,1,Oklahoma City Thunder,San Antonio Spurs,0,0
22200318,2022-11-30 20:00:00,1610612740,1610612761,Regular Season,2022,1,New Orleans Pelicans,Toronto Raptors,0,0
22200317,2022-11-30 20:00:00,1610612750,1610612763,Regular Season,2022,1,Minnesota Timberwolves,Memphis Grizzlies,0,0
22200322,2022-11-30 21:00:00,1610612762,1610612746,Regular Season,2022,1,Utah Jazz,Los Angeles Clippers,0,0
22200321,2022-11-30 21:00:00,1610612756,1610612741,Regular Season,2022,1,Phoenix Suns,Chicago Bulls,0,0
22200320,2022-11-30 21:00:00,1610612743,1610612745,Regular Season,2022,1,Denver Nuggets,Houston Rockets,0,0
22200323,2022-11-30 22:00:00,1610612758,1610612754,Regular Season,2022,1,Sacramento Kings,Indiana Pacers,0,0
22200324,2022-11-30 22:30:00,1610612747,1610612757,Regular Season,2022,1,Los Angeles Lakers,Portland Trail Blazers,0,0
22200325,2022-12-01 19:00:00,1610612765,1610612742,Regular Season,2022,1,Detroit Pistons,Dallas Mavericks,0,0
22200326,2022-12-02 19:00:00,1610612766,1610612764,Regular Season,2022,1,Charlotte Hornets,Washington Wizards,0,0
22200330,2022-12-02 19:30:00,1610612739,1610612753,Regular Season,2022,1,Cleveland Cavaliers,Orlando Magic,0,0
22200327,2022-12-02 19:30:00,1610612737,1610612743,Regular Season,2022,1,Atlanta Hawks,Denver Nuggets,0,0
22200331,2022-12-02 19:30:00,1610612749,1610612747,Regular Season,2022,0,Milwaukee Bucks,Los Angeles Lakers,0,0
22200329,2022-12-02 19:30:00,1610612751,1610612761,Regular Season,2022,1,Brooklyn Nets,Toronto Raptors,0,0
22200328,2022-12-02 19:30:00,1610612738,1610612748,Regular Season,2022,0,Boston Celtics,Miami Heat,0,0
22200332,2022-12-02 20:00:00,1610612763,1610612755,Regular Season,2022,1,Memphis Grizzlies,Philadelphia 76ers,0,0
22200333,2022-12-02 20:00:00,1610612759,1610612740,Regular Season,2022,0,San Antonio Spurs,New Orleans Pelicans,0,0
22200334,2022-12-02 21:00:00,1610612756,1610612745,Regular Season,2022,0,Phoenix Suns,Houston Rockets,0,0
22200335,2022-12-02 21:00:00,1610612762,1610612754,Regular Season,2022,1,Utah Jazz,Indiana Pacers,0,0
22200336,2022-12-02 22:00:00,1610612744,1610612741,Regular Season,2022,1,Golden State Warriors,Chicago Bulls,0,0
22200337,2022-12-03 12:30:00,1610612752,1610612742,Regular Season,2022,0,New York Knicks,Dallas Mavericks,0,0
22200338,2022-12-03 16:00:00,1610612746,1610612758,Regular Season,2022,0,Los Angeles Clippers,Sacramento Kings,0,0
22200339,2022-12-03 18:00:00,1610612766,1610612749,Regular Season,2022,0,Charlotte Hornets,Milwaukee Bucks,0,0
22200341,2022-12-03 20:00:00,1610612750,1610612760,Regular Season,2022,0,Minnesota Timberwolves,Oklahoma City Thunder,0,0
22200340,2022-12-03 20:00:00,1610612761,1610612753,Regular Season,2022,1,Toronto Raptors,Orlando Magic,0,0
22200342,2022-12-03 20:30:00,1610612744,1610612745,Regular Season,2022,1,Golden State Warriors,Houston Rockets,0,0
22200343,2022-12-03 21:00:00,1610612762,1610612757,Regular Season,2022,0,Utah Jazz,Portland Trail Blazers,0,0
22200344,2022-12-04 15:30:00,1610612740,1610612743,Regular Season,2022,1,New Orleans Pelicans,Denver Nuggets,0,0
22200345,2022-12-04 16:00:00,1610612759,1610612756,Regular Season,2022,0,San Antonio Spurs,Phoenix Suns,0,0
22200346,2022-12-04 18:00:00,1610612751,1610612738,Regular Season,2022,0,Brooklyn Nets,Boston Celtics,0,0
22200347,2022-12-04 18:00:00,1610612765,1610612763,Regular Season,2022,0,Detroit Pistons,Memphis Grizzlies,0,0
22200349,2022-12-04 18:00:00,1610612764,1610612747,Regular Season,2022,0,Washington Wizards,Los Angeles Lakers,0,0
22200348,2022-12-04 18:00:00,1610612752,1610612739,Regular Season,2022,1,New York Knicks,Cleveland Cavaliers,0,0
22200350,2022-12-04 18:00:00,1610612758,1610612741,Regular Season,2022,1,Sacramento Kings,Chicago Bulls,0,0
22200351,2022-12-04 21:00:00,1610612757,1610612754,Regular Season,2022,1,Portland Trail Blazers,Indiana Pacers,0,0
22200353,2022-12-05 19:00:00,1610612753,1610612749,Regular Season,2022,0,Orlando Magic,Milwaukee Bucks,0,0
22200352,2022-12-05 19:00:00,1610612766,1610612746,Regular Season,2022,0,Charlotte Hornets,Los Angeles Clippers,0,0
22200355,2022-12-05 19:30:00,1610612761,1610612738,Regular Season,2022,0,Toronto Raptors,Boston Celtics,0,0
22200354,2022-12-05 19:30:00,1610612737,1610612760,Regular Season,2022,0,Atlanta Hawks,Oklahoma City Thunder,0,0
22200357,2022-12-05 20:00:00,1610612763,1610612748,Regular Season,2022,1,Memphis Grizzlies,Miami Heat,0,0
22200356,2022-12-05 20:00:00,1610612745,1610612755,Regular Season,2022,1,Houston Rockets,Philadelphia 76ers,0,0
22200358,2022-12-05 20:30:00,1610612742,1610612756,Regular Season,2022,1,Dallas Mavericks,Phoenix Suns,0,0
22200359,2022-12-05 22:00:00,1610612744,1610612754,Regular Season,2022,0,Golden State Warriors,Indiana Pacers,0,0
22200360,2022-12-06 19:30:00,1610612739,1610612747,Regular Season,2022,1,Cleveland Cavaliers,Los Angeles Lakers,0,0
22200361,2022-12-06 19:30:00,1610612748,1610612765,Regular Season,2022,0,Miami Heat,Detroit Pistons,0,0
22200362,2022-12-06 22:00:00,1610612743,1610612742,Regular Season,2022,0,Denver Nuggets,Dallas Mavericks,0,0
22200363,2022-12-07 19:00:00,1610612753,1610612746,Regular Season,2022,1,Orlando Magic,Los Angeles Clippers,0,0
22200366,2022-12-07 19:30:00,1610612761,1610612747,Regular Season,2022,1,Toronto Raptors,Los Angeles Lakers,0,0
22200365,2022-12-07 19:30:00,1610612752,1610612737,Regular Season,2022,1,New York Knicks,Atlanta Hawks,0,0
22200364,2022-12-07 19:30:00,1610612751,1610612766,Regular Season,2022,1,Brooklyn Nets,Charlotte Hornets,0,0
22200371,2022-12-07 20:00:00,1610612740,1610612765,Regular Season,2022,1,New Orleans Pelicans,Detroit Pistons,0,0
22200370,2022-12-07 20:00:00,1610612750,1610612754,Regular Season,2022,1,Minnesota Timberwolves,Indiana Pacers,0,0
22200369,2022-12-07 20:00:00,1610612749,1610612758,Regular Season,2022,1,Milwaukee Bucks,Sacramento Kings,0,0
22200368,2022-12-07 20:00:00,1610612763,1610612760,Regular Season,2022,1,Memphis Grizzlies,Oklahoma City Thunder,0,0
22200367,2022-12-07 20:00:00,1610612741,1610612764,Regular Season,2022,1,Chicago Bulls,Washington Wizards,0,0
22200372,2022-12-07 21:00:00,1610612762,1610612744,Regular Season,2022,1,Utah Jazz,Golden State Warriors,0,0
22200373,2022-12-07 22:00:00,1610612756,1610612738,Regular Season,2022,0,Phoenix Suns,Boston Celtics,0,0
22200374,2022-12-08 19:30:00,1610612748,1610612746,Regular Season,2022,1,Miami Heat,Los Angeles Clippers,0,0
22200375,2022-12-08 20:30:00,1610612759,1610612745,Regular Season,2022,1,San Antonio Spurs,Houston Rockets,0,0
22200376,2022-12-08 22:00:00,1610612757,1610612743,Regular Season,2022,0,Portland Trail Blazers,Denver Nuggets,0,0
22200379,2022-12-09 19:00:00,1610612753,1610612761,Regular Season,2022,1,Orlando Magic,Toronto Raptors,0,0
22200378,2022-12-09 19:00:00,1610612754,1610612764,Regular Season,2022,1,Indiana Pacers,Washington Wizards,0,0
22200377,2022-12-09 19:00:00,1610612766,1610612752,Regular Season,2022,0,Charlotte Hornets,New York Knicks,0,0
22200382,2022-12-09 19:30:00,1610612755,1610612747,Regular Season,2022,1,Philadelphia 76ers,Los Angeles Lakers,0,0
22200381,2022-12-09 19:30:00,1610612739,1610612758,Regular Season,2022,0,Cleveland Cavaliers,Sacramento Kings,0,0
22200380,2022-12-09 19:30:00,1610612751,1610612737,Regular Season,2022,1,Brooklyn Nets,Atlanta Hawks,0,0
22200383,2022-12-09 20:00:00,1610612763,1610612765,Regular Season,2022,1,Memphis Grizzlies,Detroit Pistons,0,0
22200384,2022-12-09 20:30:00,1610612740,1610612756,Regular Season,2022,1,New Orleans Pelicans,Phoenix Suns,0,0
22200385,2022-12-09 21:00:00,1610612762,1610612750,Regular Season,2022,0,Utah Jazz,Minnesota Timberwolves,0,0
22200386,2022-12-09 22:00:00,1610612742,1610612749,Regular Season,2022,0,Dallas Mavericks,Milwaukee Bucks,0,0
22200387,2022-12-10 17:00:00,1610612748,1610612759,Regular Season,2022,0,Miami Heat,San Antonio Spurs,0,0
22200388,2022-12-10 19:00:00,1610612754,1610612751,Regular Season,2022,0,Indiana Pacers,Brooklyn Nets,0,0
22200389,2022-12-10 19:00:00,1610612764,1610612746,Regular Season,2022,0,Washington Wizards,Los Angeles Clippers,0,0
22200390,2022-12-10 19:30:00,1610612739,1610612760,Regular Season,2022,1,Cleveland Cavaliers,Oklahoma City Thunder,0,0
22200391,2022-12-10 20:00:00,1610612741,1610612742,Regular Season,2022,1,Chicago Bulls,Dallas Mavericks,0,0
22200392,2022-12-10 20:30:00,1610612744,1610612738,Regular Season,2022,1,Golden State Warriors,Boston Celtics,0,0
22200393,2022-12-10 21:00:00,1610612743,1610612762,Regular Season,2022,1,Denver Nuggets,Utah Jazz,0,0
22200394,2022-12-10 22:00:00,1610612757,1610612750,Regular Season,2022,1,Portland Trail Blazers,Minnesota Timberwolves,0,0
22200395,2022-12-11 15:30:00,1610612740,1610612756,Regular Season,2022,1,New Orleans Pelicans,Phoenix Suns,0,0
22200399,2022-12-11 18:00:00,1610612755,1610612766,Regular Season,2022,1,Philadelphia 76ers,Charlotte Hornets,0,0
22200398,2022-12-11 18:00:00,1610612753,1610612761,Regular Season,2022,1,Orlando Magic,Toronto Raptors,0,0
22200397,2022-12-11 18:00:00,1610612752,1610612758,Regular Season,2022,1,New York Knicks,Sacramento Kings,0,0
22200396,2022-12-11 18:00:00,1610612765,1610612747,Regular Season,2022,0,Detroit Pistons,Los Angeles Lakers,0,0
22200400,2022-12-11 18:30:00,1610612737,1610612741,Regular Season,2022,1,Atlanta Hawks,Chicago Bulls,0,0
22200401,2022-12-11 19:00:00,1610612745,1610612749,Regular Season,2022,1,Houston Rockets,Milwaukee Bucks,0,0
22200403,2022-12-12 19:00:00,1610612764,1610612751,Regular Season,2022,0,Washington Wizards,Brooklyn Nets,0,0
22200402,2022-12-12 19:00:00,1610612754,1610612748,Regular Season,2022,0,Indiana Pacers,Miami Heat,0,0
22200404,2022-12-12 20:00:00,1610612763,1610612737,Regular Season,2022,1,Memphis Grizzlies,Atlanta Hawks,0,0
22200405,2022-12-12 20:30:00,1610612742,1610612760,Regular Season,2022,1,Dallas Mavericks,Oklahoma City Thunder,0,0
22200406,2022-12-12 20:30:00,1610612759,1610612739,Regular Season,2022,1,San Antonio Spurs,Cleveland Cavaliers,0,0
22200407,2022-12-12 22:00:00,1610612757,1610612750,Regular Season,2022,1,Portland Trail Blazers,Minnesota Timberwolves,0,0
22200408,2022-12-12 22:30:00,1610612746,1610612738,Regular Season,2022,1,Los Angeles Clippers,Boston Celtics,0,0
22200409,2022-12-13 19:00:00,1610612755,1610612758,Regular Season,2022,1,Philadelphia 76ers,Sacramento Kings,0,0
22200410,2022-12-13 19:30:00,1610612749,1610612744,Regular Season,2022,1,Milwaukee Bucks,Golden State Warriors,0,0
22200411,2022-12-13 20:00:00,1610612745,1610612756,Regular Season,2022,1,Houston Rockets,Phoenix Suns,0,0
22200412,2022-12-13 21:00:00,1610612762,1610612740,Regular Season,2022,1,Utah Jazz,New Orleans Pelicans,0,0
22200413,2022-12-13 22:00:00,1610612747,1610612738,Regular Season,2022,0,Los Angeles Lakers,Boston Celtics,0,0
22200416,2022-12-14 19:00:00,1610612753,1610612737,Regular Season,2022,1,Orlando Magic,Atlanta Hawks,0,0
22200415,2022-12-14 19:00:00,1610612754,1610612744,Regular Season,2022,1,Indiana Pacers,Golden State Warriors,0,0
22200414,2022-12-14 19:00:00,1610612766,1610612765,Regular Season,2022,0,Charlotte Hornets,Detroit Pistons,0,0
22200418,2022-12-14 19:30:00,1610612741,1610612752,Regular Season,2022,0,Chicago Bulls,New York Knicks,0,0
22200417,2022-12-14 19:30:00,1610612761,1610612758,Regular Season,2022,0,Toronto Raptors,Sacramento Kings,0,0
22200419,2022-12-14 20:00:00,1610612760,1610612748,Regular Season,2022,0,Oklahoma City Thunder,Miami Heat,0,0
22200420,2022-12-14 20:00:00,1610612759,1610612757,Regular Season,2022,0,San Antonio Spurs,Portland Trail Blazers,0,0
22200422,2022-12-14 21:00:00,1610612743,1610612764,Regular Season,2022,1,Denver Nuggets,Washington Wizards,0,0
22200421,2022-12-14 21:00:00,1610612742,1610612739,Regular Season,2022,0,Dallas Mavericks,Cleveland Cavaliers,0,0
22200423,2022-12-14 22:00:00,1610612746,1610612750,Regular Season,2022,1,Los Angeles Clippers,Minnesota Timberwolves,0,0
22200425,2022-12-15 20:00:00,1610612763,1610612749,Regular Season,2022,1,Memphis Grizzlies,Milwaukee Bucks,0,0
22200424,2022-12-15 20:00:00,1610612745,1610612748,Regular Season,2022,0,Houston Rockets,Miami Heat,0,0
22200426,2022-12-15 21:00:00,1610612762,1610612740,Regular Season,2022,1,Utah Jazz,New Orleans Pelicans,0,0
22200427,2022-12-15 22:30:00,1610612746,1610612756,Regular Season,2022,0,Los Angeles Clippers,Phoenix Suns,0,0
22200429,2022-12-16 19:00:00,1610612765,1610612758,Regular Season,2022,0,Detroit Pistons,Sacramento Kings,0,0
22200428,2022-12-16 19:00:00,1610612766,1610612737,Regular Season,2022,0,Charlotte Hornets,Atlanta Hawks,0,0
22200433,2022-12-16 19:30:00,1610612761,1610612751,Regular Season,2022,0,Toronto Raptors,Brooklyn Nets,0,0
22200432,2022-12-16 19:30:00,1610612755,1610612744,Regular Season,2022,1,Philadelphia 76ers,Golden State Warriors,0,0
22200431,2022-12-16 19:30:00,1610612739,1610612754,Regular Season,2022,1,Cleveland Cavaliers,Indiana Pacers,0,0
22200430,2022-12-16 19:30:00,1610612738,1610612753,Regular Season,2022,0,Boston Celtics,Orlando Magic,0,0
22200434,2022-12-16 20:00:00,1610612741,1610612752,Regular Season,2022,0,Chicago Bulls,New York Knicks,0,0
22200435,2022-12-16 20:00:00,1610612760,1610612750,Regular Season,2022,0,Oklahoma City Thunder,Minnesota Timberwolves,0,0
22200436,2022-12-16 20:30:00,1610612742,1610612757,Regular Season,2022,1,Dallas Mavericks,Portland Trail Blazers,0,0
22200437,2022-12-16 22:00:00,1610612747,1610612743,Regular Season,2022,1,Los Angeles Lakers,Denver Nuggets,0,0
22200438,2022-12-17 16:00:00,1610612746,1610612764,Regular Season,2022,1,Los Angeles Clippers,Washington Wizards,0,0
22200439,2022-12-17 17:00:00,1610612759,1610612748,Regular Season,2022,0,San Antonio Spurs,Miami Heat,0,0
22200443,2022-12-17 20:00:00,1610612760,1610612763,Regular Season,2022,1,Oklahoma City Thunder,Memphis Grizzlies,0,0
22200442,2022-12-17 20:00:00,1610612749,1610612762,Regular Season,2022,1,Milwaukee Bucks,Utah Jazz,0,0
22200441,2022-12-17 20:00:00,1610612745,1610612757,Regular Season,2022,0,Houston Rockets,Portland Trail Blazers,0,0
22200440,2022-12-17 20:00:00,1610612739,1610612742,Regular Season,2022,1,Cleveland Cavaliers,Dallas Mavericks,0,0
22200444,2022-12-17 21:00:00,1610612756,1610612740,Regular Season,2022,1,Phoenix Suns,New Orleans Pelicans,0,0
22200445,2022-12-18 15:00:00,1610612738,1610612753,Regular Season,2022,0,Boston Celtics,Orlando Magic,0,0
22200446,2022-12-18 17:00:00,1610612754,1610612752,Regular Season,2022,0,Indiana Pacers,New York Knicks,0,0
22200448,2022-12-18 18:00:00,1610612761,1610612744,Regular Season,2022,0,Toronto Raptors,Golden State Warriors,0,0
22200447,2022-12-18 18:00:00,1610612765,1610612751,Regular Season,2022,0,Detroit Pistons,Brooklyn Nets,0,0
22200449,2022-12-18 19:00:00,1610612750,1610612741,Regular Season,2022,1,Minnesota Timberwolves,Chicago Bulls,0,0
22200450,2022-12-18 20:00:00,1610612743,1610612766,Regular Season,2022,1,Denver Nuggets,Charlotte Hornets,0,0
22200451,2022-12-18 21:30:00,1610612747,1610612764,Regular Season,2022,1,Los Angeles Lakers,Washington Wizards,0,0
22200453,2022-12-19 19:00:00,1610612755,1610612761,Regular Season,2022,1,Philadelphia 76ers,Toronto Raptors,0,0
22200452,2022-12-19 19:00:00,1610612739,1610612762,Regular Season,2022,1,Cleveland Cavaliers,Utah Jazz,0,0
22200454,2022-12-19 19:30:00,1610612737,1610612753,Regular Season,2022,1,Atlanta Hawks,Orlando Magic,0,0
22200457,2022-12-19 20:00:00,1610612740,1610612749,Regular Season,2022,0,New Orleans Pelicans,Milwaukee Bucks,0,0
22200455,2022-12-19 20:00:00,1610612745,1610612759,Regular Season,2022,0,Houston Rockets,San Antonio Spurs,0,0
22200458,2022-12-19 20:00:00,1610612760,1610612757,Regular Season,2022,1,Oklahoma City Thunder,Portland Trail Blazers,0,0
22200456,2022-12-19 20:00:00,1610612750,1610612742,Regular Season,2022,1,Minnesota Timberwolves,Dallas Mavericks,0,0
22200459,2022-12-19 21:00:00,1610612756,1610612747,Regular Season,2022,1,Phoenix Suns,Los Angeles Lakers,0,0
22200460,2022-12-19 22:00:00,1610612758,1610612766,Regular Season,2022,0,Sacramento Kings,Charlotte Hornets,0,0
22200461,2022-12-20 19:00:00,1610612765,1610612762,Regular Season,2022,0,Detroit Pistons,Utah Jazz,0,0
22200462,2022-12-20 19:30:00,1610612748,1610612741,Regular Season,2022,0,Miami Heat,Chicago Bulls,0,0
22200463,2022-12-20 19:30:00,1610612752,1610612744,Regular Season,2022,1,New York Knicks,Golden State Warriors,0,0
22200464,2022-12-20 21:00:00,1610612756,1610612764,Regular Season,2022,0,Phoenix Suns,Washington Wizards,0,0
22200465,2022-12-20 22:00:00,1610612743,1610612763,Regular Season,2022,1,Denver Nuggets,Memphis Grizzlies,0,0
22200467,2022-12-21 19:00:00,1610612755,1610612765,Regular Season,2022,1,Philadelphia 76ers,Detroit Pistons,0,0
22200466,2022-12-21 19:00:00,1610612739,1610612749,Regular Season,2022,1,Cleveland Cavaliers,Milwaukee Bucks,0,0
22200471,2022-12-21 19:30:00,1610612752,1610612761,Regular Season,2022,0,New York Knicks,Toronto Raptors,0,0
22200470,2022-12-21 19:30:00,1610612751,1610612744,Regular Season,2022,1,Brooklyn Nets,Golden State Warriors,0,0
22200469,2022-12-21 19:30:00,1610612738,1610612754,Regular Season,2022,0,Boston Celtics,Indiana Pacers,0,0
22200468,2022-12-21 19:30:00,1610612737,1610612741,Regular Season,2022,0,Atlanta Hawks,Chicago Bulls,0,0
22200474,2022-12-21 20:00:00,1610612760,1610612757,Regular Season,2022,1,Oklahoma City Thunder,Portland Trail Blazers,0,0
22200473,2022-12-21 20:00:00,1610612750,1610612742,Regular Season,2022,0,Minnesota Timberwolves,Dallas Mavericks,0,0
22200472,2022-12-21 20:00:00,1610612745,1610612753,Regular Season,2022,0,Houston Rockets,Orlando Magic,0,0
22200475,2022-12-21 22:00:00,1610612758,1610612747,Regular Season,2022,1,Sacramento Kings,Los Angeles Lakers,0,0
22200476,2022-12-21 22:30:00,1610612746,1610612766,Regular Season,2022,1,Los Angeles Clippers,Charlotte Hornets,0,0
22200477,2022-12-22 20:00:00,1610612740,1610612759,Regular Season,2022,1,New Orleans Pelicans,San Antonio Spurs,0,0
22200478,2022-12-22 21:00:00,1610612762,1610612764,Regular Season,2022,1,Utah Jazz,Washington Wizards,0,0
22200480,2022-12-23 19:00:00,1610612755,1610612746,Regular Season,2022,1,Philadelphia 76ers,Los Angeles Clippers,0,0
22200479,2022-12-23 19:00:00,1610612753,1610612759,Regular Season,2022,1,Orlando Magic,San Antonio Spurs,0,0
22200485,2022-12-23 19:30:00,1610612752,1610612741,Regular Season,2022,0,New York Knicks,Chicago Bulls,0,0
22200484,2022-12-23 19:30:00,1610612739,1610612761,Regular Season,2022,0,Cleveland Cavaliers,Toronto Raptors,0,0
22200483,2022-12-23 19:30:00,1610612751,1610612749,Regular Season,2022,1,Brooklyn Nets,Milwaukee Bucks,0,0
22200482,2022-12-23 19:30:00,1610612738,1610612750,Regular Season,2022,1,Boston Celtics,Minnesota Timberwolves,0,0
22200481,2022-12-23 19:30:00,1610612737,1610612765,Regular Season,2022,1,Atlanta Hawks,Detroit Pistons,0,0
22200488,2022-12-23 20:00:00,1610612760,1610612740,Regular Season,2022,0,Oklahoma City Thunder,New Orleans Pelicans,0,0
22200487,2022-12-23 20:00:00,1610612745,1610612742,Regular Season,2022,0,Houston Rockets,Dallas Mavericks,0,0
22200486,2022-12-23 20:00:00,1610612748,1610612754,Regular Season,2022,0,Miami Heat,Indiana Pacers,0,0
22200489,2022-12-23 21:00:00,1610612743,1610612757,Regular Season,2022,1,Denver Nuggets,Portland Trail Blazers,0,0
22200490,2022-12-23 22:00:00,1610612756,1610612763,Regular Season,2022,0,Phoenix Suns,Memphis Grizzlies,0,0
22200491,2022-12-23 22:00:00,1610612758,1610612764,Regular Season,2022,0,Sacramento Kings,Washington Wizards,0,0
22200492,2022-12-23 22:30:00,1610612747,1610612766,Regular Season,2022,0,Los Angeles Lakers,Charlotte Hornets,0,0
22200493,2022-12-25 12:00:00,1610612752,1610612755,Regular Season,2022,0,New York Knicks,Philadelphia 76ers,0,0
22200494,2022-12-25 14:30:00,1610612742,1610612747,Regular Season,2022,1,Dallas Mavericks,Los Angeles Lakers,0,0
22200495,2022-12-25 17:00:00,1610612738,1610612749,Regular Season,2022,1,Boston Celtics,Milwaukee Bucks,0,0
22200496,2022-12-25 20:00:00,1610612744,1610612763,Regular Season,2022,1,Golden State Warriors,Memphis Grizzlies,0,0
22200497,2022-12-25 22:30:00,1610612743,1610612756,Regular Season,2022,1,Denver Nuggets,Phoenix Suns,0,0
22200499,2022-12-26 19:00:00,1610612765,1610612746,Regular Season,2022,0,Detroit Pistons,Los Angeles Clippers,0,0
22200498,2022-12-26 19:00:00,1610612739,1610612751,Regular Season,2022,0,Cleveland Cavaliers,Brooklyn Nets,0,0
22200500,2022-12-26 19:30:00,1610612748,1610612750,Regular Season,2022,1,Miami Heat,Minnesota Timberwolves,0,0
22200503,2022-12-26 20:00:00,1610612759,1610612762,Regular Season,2022,1,San Antonio Spurs,Utah Jazz,0,0
22200502,2022-12-26 20:00:00,1610612740,1610612754,Regular Season,2022,1,New Orleans Pelicans,Indiana Pacers,0,0
22200501,2022-12-26 20:00:00,1610612741,1610612745,Regular Season,2022,0,Chicago Bulls,Houston Rockets,0,0
22200504,2022-12-26 22:00:00,1610612757,1610612766,Regular Season,2022,1,Portland Trail Blazers,Charlotte Hornets,0,0
22200505,2022-12-27 19:00:00,1610612753,1610612747,Regular Season,2022,0,Orlando Magic,Los Angeles Lakers,0,0
22200506,2022-12-27 19:00:00,1610612764,1610612755,Regular Season,2022,1,Washington Wizards,Philadelphia 76ers,0,0
22200509,2022-12-27 19:30:00,1610612761,1610612746,Regular Season,2022,0,Toronto Raptors,Los Angeles Clippers,0,0
22200508,2022-12-27 19:30:00,1610612754,1610612737,Regular Season,2022,1,Indiana Pacers,Atlanta Hawks,0,0
22200507,2022-12-27 19:30:00,1610612738,1610612745,Regular Season,2022,1,Boston Celtics,Houston Rockets,0,0
22200511,2022-12-27 20:00:00,1610612760,1610612759,Regular Season,2022,1,Oklahoma City Thunder,San Antonio Spurs,0,0
22200510,2022-12-27 20:00:00,1610612763,1610612756,Regular Season,2022,0,Memphis Grizzlies,Phoenix Suns,0,0
22200512,2022-12-27 20:30:00,1610612742,1610612752,Regular Season,2022,1,Dallas Mavericks,New York Knicks,0,0
22200514,2022-12-27 22:00:00,1610612758,1610612743,Regular Season,2022,0,Sacramento Kings,Denver Nuggets,0,0
22200513,2022-12-27 22:00:00,1610612744,1610612766,Regular Season,2022,1,Golden State Warriors,Charlotte Hornets,0,0
22200516,2022-12-28 19:00:00,1610612764,1610612756,Regular Season,2022,1,Washington Wizards,Phoenix Suns,0,0
22200515,2022-12-28 19:00:00,1610612765,1610612753,Regular Season,2022,1,Detroit Pistons,Orlando Magic,0,0
22200518,2022-12-28 19:30:00,1610612748,1610612747,Regular Season,2022,1,Miami Heat,Los Angeles Lakers,0,0
22200517,2022-12-28 19:30:00,1610612737,1610612751,Regular Season,2022,0,Atlanta Hawks,Brooklyn Nets,0,0
22200519,2022-12-28 20:00:00,1610612741,1610612749,Regular Season,2022,1,Chicago Bulls,Milwaukee Bucks,0,0
22200520,2022-12-28 20:00:00,1610612740,1610612750,Regular Season,2022,1,New Orleans Pelicans,Minnesota Timberwolves,0,0
22200522,2022-12-28 22:00:00,1610612758,1610612743,Regular Season,2022,1,Sacramento Kings,Denver Nuggets,0,0
22200521,2022-12-28 22:00:00,1610612744,1610612762,Regular Season,2022,1,Golden State Warriors,Utah Jazz,0,0
22200524,2022-12-29 19:00:00,1610612754,1610612739,Regular Season,2022,1,Indiana Pacers,Cleveland Cavaliers,0,0
22200523,2022-12-29 19:00:00,1610612766,1610612760,Regular Season,2022,1,Charlotte Hornets,Oklahoma City Thunder,0,0
22200526,2022-12-29 19:30:00,1610612761,1610612763,Regular Season,2022,0,Toronto Raptors,Memphis Grizzlies,0,0
22200525,2022-12-29 19:30:00,1610612738,1610612746,Regular Season,2022,1,Boston Celtics,Los Angeles Clippers,0,0
22200527,2022-12-29 20:00:00,1610612759,1610612752,Regular Season,2022,1,San Antonio Spurs,New York Knicks,0,0
22200528,2022-12-29 20:30:00,1610612742,1610612745,Regular Season,2022,1,Dallas Mavericks,Houston Rockets,0,0
22200529,2022-12-30 19:00:00,1610612753,1610612764,Regular Season,2022,0,Orlando Magic,Washington Wizards,0,0
22200531,2022-12-30 19:30:00,1610612761,1610612756,Regular Season,2022,1,Toronto Raptors,Phoenix Suns,0,0
22200530,2022-12-30 19:30:00,1610612737,1610612747,Regular Season,2022,0,Atlanta Hawks,Los Angeles Lakers,0,0
22200533,2022-12-30 20:00:00,1610612749,1610612750,Regular Season,2022,1,Milwaukee Bucks,Minnesota Timberwolves,0,0
22200532,2022-12-30 20:00:00,1610612741,1610612765,Regular Season,2022,1,Chicago Bulls,Detroit Pistons,0,0
22200534,2022-12-30 20:30:00,1610612740,1610612755,Regular Season,2022,1,New Orleans Pelicans,Philadelphia 76ers,0,0
22200535,2022-12-30 21:00:00,1610612743,1610612748,Regular Season,2022,1,Denver Nuggets,Miami Heat,0,0
22200536,2022-12-30 22:00:00,1610612744,1610612757,Regular Season,2022,1,Golden State Warriors,Portland Trail Blazers,0,0
22200537,2022-12-30 22:00:00,1610612758,1610612762,Regular Season,2022,1,Sacramento Kings,Utah Jazz,0,0
22200538,2022-12-31 15:00:00,1610612754,1610612746,Regular Season,2022,1,Indiana Pacers,Los Angeles Clippers,0,0
22200542,2022-12-31 19:00:00,1610612759,1610612742,Regular Season,2022,0,San Antonio Spurs,Dallas Mavericks,0,0
22200541,2022-12-31 19:00:00,1610612745,1610612752,Regular Season,2022,0,Houston Rockets,New York Knicks,0,0
22200540,2022-12-31 19:00:00,1610612741,1610612739,Regular Season,2022,0,Chicago Bulls,Cleveland Cavaliers,0,0
22200539,2022-12-31 19:00:00,1610612766,1610612751,Regular Season,2022,0,Charlotte Hornets,Brooklyn Nets,0,0
22200545,2022-12-31 20:00:00,1610612760,1610612755,Regular Season,2022,0,Oklahoma City Thunder,Philadelphia 76ers,0,0
22200544,2022-12-31 20:00:00,1610612750,1610612765,Regular Season,2022,0,Minnesota Timberwolves,Detroit Pistons,0,0
22200543,2022-12-31 20:00:00,1610612763,1610612740,Regular Season,2022,1,Memphis Grizzlies,New Orleans Pelicans,0,0
22200546,2022-12-31 21:00:00,1610612762,1610612748,Regular Season,2022,0,Utah Jazz,Miami Heat,0,0
22200549,2023-01-01 20:00:00,1610612743,1610612738,Regular Season,2023,1,Denver Nuggets,Boston Celtics,0,0
22200548,2023-01-01 20:00:00,1610612749,1610612764,Regular Season,2023,0,Milwaukee Bucks,Washington Wizards,0,0
22200547,2023-01-01 20:00:00,1610612763,1610612758,Regular Season,2023,1,Memphis Grizzlies,Sacramento Kings,0,0
22200550,2023-01-02 15:00:00,1610612752,1610612756,Regular Season,2023,1,New York Knicks,Phoenix Suns,0,0
22200553,2023-01-02 19:00:00,1610612754,1610612761,Regular Season,2023,1,Indiana Pacers,Toronto Raptors,0,0
22200551,2023-01-02 19:00:00,1610612766,1610612747,Regular Season,2023,0,Charlotte Hornets,Los Angeles Lakers,0,0
22200554,2023-01-02 19:00:00,1610612755,1610612740,Regular Season,2023,1,Philadelphia 76ers,New Orleans Pelicans,0,0
22200552,2023-01-02 19:00:00,1610612739,1610612741,Regular Season,2023,1,Cleveland Cavaliers,Chicago Bulls,0,0
22200555,2023-01-02 19:30:00,1610612751,1610612759,Regular Season,2023,1,Brooklyn Nets,San Antonio Spurs,0,0
22200557,2023-01-02 20:00:00,1610612750,1610612743,Regular Season,2023,1,Minnesota Timberwolves,Denver Nuggets,0,0
22200556,2023-01-02 20:00:00,1610612745,1610612742,Regular Season,2023,0,Houston Rockets,Dallas Mavericks,0,0
22200559,2023-01-02 22:00:00,1610612757,1610612765,Regular Season,2023,1,Portland Trail Blazers,Detroit Pistons,0,0
22200558,2023-01-02 22:00:00,1610612744,1610612737,Regular Season,2023,1,Golden State Warriors,Atlanta Hawks,0,0
22200560,2023-01-02 22:30:00,1610612746,1610612748,Regular Season,2023,0,Los Angeles Clippers,Miami Heat,0,0
22200562,2023-01-03 20:00:00,1610612760,1610612738,Regular Season,2023,1,Oklahoma City Thunder,Boston Celtics,0,0
22200561,2023-01-03 20:00:00,1610612749,1610612764,Regular Season,2023,1,Milwaukee Bucks,Washington Wizards,0,0
22200563,2023-01-03 21:00:00,1610612762,1610612758,Regular Season,2023,0,Utah Jazz,Sacramento Kings,0,0
22200565,2023-01-04 19:00:00,1610612739,1610612756,Regular Season,2023,1,Cleveland Cavaliers,Phoenix Suns,0,0
22200564,2023-01-04 19:00:00,1610612766,1610612763,Regular Season,2023,0,Charlotte Hornets,Memphis Grizzlies,0,0
22200567,2023-01-04 19:00:00,1610612755,1610612754,Regular Season,2023,1,Philadelphia 76ers,Indiana Pacers,0,0
22200566,2023-01-04 19:00:00,1610612753,1610612760,Regular Season,2023,1,Orlando Magic,Oklahoma City Thunder,0,0
22200569,2023-01-04 19:30:00,1610612761,1610612749,Regular Season,2023,0,Toronto Raptors,Milwaukee Bucks,0,0
22200568,2023-01-04 19:30:00,1610612752,1610612759,Regular Season,2023,1,New York Knicks,San Antonio Spurs,0,0
22200572,2023-01-04 20:00:00,1610612740,1610612745,Regular Season,2023,1,New Orleans Pelicans,Houston Rockets,0,0
22200571,2023-01-04 20:00:00,1610612750,1610612757,Regular Season,2023,1,Minnesota Timberwolves,Portland Trail Blazers,0,0
22200570,2023-01-04 20:00:00,1610612741,1610612751,Regular Season,2023,1,Chicago Bulls,Brooklyn Nets,0,0
22200575,2023-01-04 22:00:00,1610612758,1610612737,Regular Season,2023,0,Sacramento Kings,Atlanta Hawks,0,0
22200574,2023-01-04 22:00:00,1610612747,1610612748,Regular Season,2023,1,Los Angeles Lakers,Miami Heat,0,0
22200573,2023-01-04 22:00:00,1610612744,1610612765,Regular Season,2023,0,Golden State Warriors,Detroit Pistons,0,0
22200576,2023-01-05 19:00:00,1610612753,1610612763,Regular Season,2023,0,Orlando Magic,Memphis Grizzlies,0,0
22200577,2023-01-05 19:30:00,1610612742,1610612738,Regular Season,2023,0,Dallas Mavericks,Boston Celtics,0,0
22200578,2023-01-05 20:00:00,1610612745,1610612762,Regular Season,2023,0,Houston Rockets,Utah Jazz,0,0
22200579,2023-01-05 22:00:00,1610612743,1610612746,Regular Season,2023,1,Denver Nuggets,Los Angeles Clippers,0,0
22200580,2023-01-06 19:00:00,1610612754,1610612757,Regular Season,2023,1,Indiana Pacers,Portland Trail Blazers,0,0
22200581,2023-01-06 19:00:00,1610612755,1610612741,Regular Season,2023,0,Philadelphia 76ers,Chicago Bulls,0,0
22200582,2023-01-06 19:30:00,1610612761,1610612752,Regular Season,2023,0,Toronto Raptors,New York Knicks,0,0
22200586,2023-01-06 19:30:00,1610612740,1610612751,Regular Season,2023,0,New Orleans Pelicans,Brooklyn Nets,0,0
22200584,2023-01-06 20:00:00,1610612760,1610612764,Regular Season,2023,1,Oklahoma City Thunder,Washington Wizards,0,0
22200585,2023-01-06 20:00:00,1610612759,1610612765,Regular Season,2023,1,San Antonio Spurs,Detroit Pistons,0,0
22200583,2023-01-06 20:00:00,1610612749,1610612766,Regular Season,2023,0,Milwaukee Bucks,Charlotte Hornets,0,0
22200588,2023-01-06 21:00:00,1610612743,1610612739,Regular Season,2023,1,Denver Nuggets,Cleveland Cavaliers,0,0
22200587,2023-01-06 21:00:00,1610612750,1610612746,Regular Season,2023,1,Minnesota Timberwolves,Los Angeles Clippers,0,0
22200589,2023-01-06 22:00:00,1610612756,1610612748,Regular Season,2023,0,Phoenix Suns,Miami Heat,0,0
22200590,2023-01-06 22:30:00,1610612747,1610612737,Regular Season,2023,1,Los Angeles Lakers,Atlanta Hawks,0,0
22200591,2023-01-07 18:00:00,1610612759,1610612738,Regular Season,2023,0,San Antonio Spurs,Boston Celtics,0,0
22200593,2023-01-07 20:00:00,1610612742,1610612740,Regular Season,2023,1,Dallas Mavericks,New Orleans Pelicans,0,0
22200592,2023-01-07 20:00:00,1610612741,1610612762,Regular Season,2023,1,Chicago Bulls,Utah Jazz,0,0
22200594,2023-01-07 20:30:00,1610612744,1610612753,Regular Season,2023,0,Golden State Warriors,Orlando Magic,0,0
22200595,2023-01-07 22:00:00,1610612758,1610612747,Regular Season,2023,0,Sacramento Kings,Los Angeles Lakers,0,0
22200596,2023-01-08 15:00:00,1610612765,1610612755,Regular Season,2023,0,Detroit Pistons,Philadelphia 76ers,0,0
22200597,2023-01-08 15:30:00,1610612761,1610612757,Regular Season,2023,1,Toronto Raptors,Portland Trail Blazers,0,0
22200598,2023-01-08 17:00:00,1610612754,1610612766,Regular Season,2023,1,Indiana Pacers,Charlotte Hornets,0,0
22200599,2023-01-08 18:00:00,1610612748,1610612751,Regular Season,2023,0,Miami Heat,Brooklyn Nets,0,0
22200600,2023-01-08 18:00:00,1610612763,1610612762,Regular Season,2023,1,Memphis Grizzlies,Utah Jazz,0,0
22200602,2023-01-08 19:00:00,1610612760,1610612742,Regular Season,2023,1,Oklahoma City Thunder,Dallas Mavericks,0,0
22200601,2023-01-08 19:00:00,1610612745,1610612750,Regular Season,2023,0,Houston Rockets,Minnesota Timberwolves,0,0
22200603,2023-01-08 20:00:00,1610612756,1610612739,Regular Season,2023,0,Phoenix Suns,Cleveland Cavaliers,0,0
22200604,2023-01-08 21:00:00,1610612746,1610612737,Regular Season,2023,0,Los Angeles Clippers,Atlanta Hawks,0,0
22200605,2023-01-09 19:00:00,1610612764,1610612740,Regular Season,2023,0,Washington Wizards,New Orleans Pelicans,0,0
22200607,2023-01-09 19:30:00,1610612752,1610612749,Regular Season,2023,0,New York Knicks,Milwaukee Bucks,0,0
22200606,2023-01-09 19:30:00,1610612738,1610612741,Regular Season,2023,1,Boston Celtics,Chicago Bulls,0,0
22200608,2023-01-09 20:00:00,1610612763,1610612759,Regular Season,2023,1,Memphis Grizzlies,San Antonio Spurs,0,0
22200609,2023-01-09 21:00:00,1610612743,1610612747,Regular Season,2023,1,Denver Nuggets,Los Angeles Lakers,0,0
22200610,2023-01-09 22:00:00,1610612758,1610612753,Regular Season,2023,1,Sacramento Kings,Orlando Magic,0,0
22200612,2023-01-10 19:00:00,1610612755,1610612765,Regular Season,2023,1,Philadelphia 76ers,Detroit Pistons,0,0
22200611,2023-01-10 19:30:00,1610612748,1610612760,Regular Season,2023,1,Miami Heat,Oklahoma City Thunder,0,0
22200613,2023-01-10 19:30:00,1610612761,1610612766,Regular Season,2023,1,Toronto Raptors,Charlotte Hornets,0,0
22200614,2023-01-10 21:00:00,1610612762,1610612739,Regular Season,2023,1,Utah Jazz,Cleveland Cavaliers,0,0
22200615,2023-01-10 22:00:00,1610612744,1610612756,Regular Season,2023,0,Golden State Warriors,Phoenix Suns,0,0
22200616,2023-01-10 22:00:00,1610612757,1610612753,Regular Season,2023,0,Portland Trail Blazers,Orlando Magic,0,0
22200617,2023-01-10 22:30:00,1610612746,1610612742,Regular Season,2023,1,Los Angeles Clippers,Dallas Mavericks,0,0
22200619,2023-01-11 19:00:00,1610612764,1610612741,Regular Season,2023,1,Washington Wizards,Chicago Bulls,0,0
22200618,2023-01-11 19:00:00,1610612765,1610612750,Regular Season,2023,1,Detroit Pistons,Minnesota Timberwolves,0,0
22200622,2023-01-11 19:30:00,1610612752,1610612754,Regular Season,2023,1,New York Knicks,Indiana Pacers,0,0
22200621,2023-01-11 19:30:00,1610612738,1610612740,Regular Season,2023,1,Boston Celtics,New Orleans Pelicans,0,0
22200620,2023-01-11 19:30:00,1610612737,1610612749,Regular Season,2023,0,Atlanta Hawks,Milwaukee Bucks,0,0
22200623,2023-01-11 20:00:00,1610612763,1610612759,Regular Season,2023,1,Memphis Grizzlies,San Antonio Spurs,0,0
22200625,2023-01-11 22:00:00,1610612758,1610612745,Regular Season,2023,1,Sacramento Kings,Houston Rockets,0,0
22200624,2023-01-11 22:00:00,1610612743,1610612756,Regular Season,2023,1,Denver Nuggets,Phoenix Suns,0,0
22200626,2023-01-12 19:00:00,1610612755,1610612760,Regular Season,2023,0,Philadelphia 76ers,Oklahoma City Thunder,0,0
22200627,2023-01-12 19:30:00,1610612751,1610612738,Regular Season,2023,0,Brooklyn Nets,Boston Celtics,0,0
22200628,2023-01-12 19:30:00,1610612748,1610612749,Regular Season,2023,1,Miami Heat,Milwaukee Bucks,0,0
22200629,2023-01-12 19:30:00,1610612761,1610612766,Regular Season,2023,1,Toronto Raptors,Charlotte Hornets,0,0
22200631,2023-01-12 22:00:00,1610612757,1610612739,Regular Season,2023,0,Portland Trail Blazers,Cleveland Cavaliers,0,0
22200630,2023-01-12 22:00:00,1610612747,1610612742,Regular Season,2023,0,Los Angeles Lakers,Dallas Mavericks,0,0
22200634,2023-01-13 19:00:00,1610612764,1610612752,Regular Season,2023,0,Washington Wizards,New York Knicks,0,0
22200633,2023-01-13 19:00:00,1610612754,1610612737,Regular Season,2023,0,Indiana Pacers,Atlanta Hawks,0,0
22200632,2023-01-13 19:00:00,1610612765,1610612740,Regular Season,2023,0,Detroit Pistons,New Orleans Pelicans,0,0
22200635,2023-01-13 19:30:00,1610612759,1610612744,Regular Season,2023,0,San Antonio Spurs,Golden State Warriors,0,0
22200637,2023-01-13 20:00:00,1610612750,1610612756,Regular Season,2023,1,Minnesota Timberwolves,Phoenix Suns,0,0
22200636,2023-01-13 20:00:00,1610612741,1610612760,Regular Season,2023,0,Chicago Bulls,Oklahoma City Thunder,0,0
22200638,2023-01-13 21:00:00,1610612762,1610612753,Regular Season,2023,1,Utah Jazz,Orlando Magic,0,0
22200640,2023-01-13 22:00:00,1610612758,1610612745,Regular Season,2023,1,Sacramento Kings,Houston Rockets,0,0
22200639,2023-01-13 22:00:00,1610612746,1610612743,Regular Season,2023,0,Los Angeles Clippers,Denver Nuggets,0,0
22200641,2023-01-14 13:00:00,1610612748,1610612749,Regular Season,2023,1,Miami Heat,Milwaukee Bucks,0,0
22200642,2023-01-14 19:00:00,1610612766,1610612738,Regular Season,2023,0,Charlotte Hornets,Boston Celtics,0,0
22200643,2023-01-14 19:00:00,1610612754,1610612763,Regular Season,2023,0,Indiana Pacers,Memphis Grizzlies,0,0
22200644,2023-01-14 19:30:00,1610612761,1610612737,Regular Season,2023,0,Toronto Raptors,Atlanta Hawks,0,0
22200645,2023-01-14 20:00:00,1610612750,1610612739,Regular Season,2023,1,Minnesota Timberwolves,Cleveland Cavaliers,0,0
22200646,2023-01-14 21:00:00,1610612762,1610612755,Regular Season,2023,0,Utah Jazz,Philadelphia 76ers,0,0
22200647,2023-01-14 22:00:00,1610612757,1610612742,Regular Season,2023,1,Portland Trail Blazers,Dallas Mavericks,0,0
22200648,2023-01-15 13:00:00,1610612765,1610612752,Regular Season,2023,0,Detroit Pistons,New York Knicks,0,0
22200649,2023-01-15 15:00:00,1610612746,1610612745,Regular Season,2023,1,Los Angeles Clippers,Houston Rockets,0,0
22200650,2023-01-15 15:30:00,1610612741,1610612744,Regular Season,2023,1,Chicago Bulls,Golden State Warriors,0,0
22200651,2023-01-15 18:00:00,1610612751,1610612760,Regular Season,2023,0,Brooklyn Nets,Oklahoma City Thunder,0,0
22200652,2023-01-15 19:00:00,1610612759,1610612758,Regular Season,2023,0,San Antonio Spurs,Sacramento Kings,0,0
22200653,2023-01-15 20:00:00,1610612743,1610612753,Regular Season,2023,1,Denver Nuggets,Orlando Magic,0,0
22200654,2023-01-15 21:00:00,1610612757,1610612742,Regular Season,2023,1,Portland Trail Blazers,Dallas Mavericks,0,0
22200655,2023-01-15 21:30:00,1610612747,1610612755,Regular Season,2023,0,Los Angeles Lakers,Philadelphia 76ers,0,0
22200656,2023-01-16 13:00:00,1610612766,1610612738,Regular Season,2023,0,Charlotte Hornets,Boston Celtics,0,0
22200657,2023-01-16 14:30:00,1610612749,1610612754,Regular Season,2023,1,Milwaukee Bucks,Indiana Pacers,0,0
22200658,2023-01-16 15:00:00,1610612739,1610612740,Regular Season,2023,1,Cleveland Cavaliers,New Orleans Pelicans,0,0
22200659,2023-01-16 15:00:00,1610612752,1610612761,Regular Season,2023,0,New York Knicks,Toronto Raptors,0,0
22200660,2023-01-16 15:00:00,1610612764,1610612744,Regular Season,2023,0,Washington Wizards,Golden State Warriors,0,0
22200661,2023-01-16 15:30:00,1610612737,1610612748,Regular Season,2023,1,Atlanta Hawks,Miami Heat,0,0
22200662,2023-01-16 16:00:00,1610612750,1610612762,Regular Season,2023,0,Minnesota Timberwolves,Utah Jazz,0,0
22200663,2023-01-16 18:00:00,1610612763,1610612756,Regular Season,2023,1,Memphis Grizzlies,Phoenix Suns,0,0
22200664,2023-01-16 22:30:00,1610612747,1610612745,Regular Season,2023,1,Los Angeles Lakers,Houston Rockets,0,0
22200665,2023-01-17 19:30:00,1610612749,1610612761,Regular Season,2023,1,Milwaukee Bucks,Toronto Raptors,0,0
22200666,2023-01-17 20:00:00,1610612759,1610612751,Regular Season,2023,1,San Antonio Spurs,Brooklyn Nets,0,0
22200667,2023-01-17 21:00:00,1610612743,1610612757,Regular Season,2023,1,Denver Nuggets,Portland Trail Blazers,0,0
22200668,2023-01-17 22:00:00,1610612746,1610612755,Regular Season,2023,0,Los Angeles Clippers,Philadelphia 76ers,0,0
22200670,2023-01-18 19:30:00,1610612742,1610612737,Regular Season,2023,0,Dallas Mavericks,Atlanta Hawks,0,0
22200669,2023-01-18 19:30:00,1610612752,1610612764,Regular Season,2023,0,New York Knicks,Washington Wizards,0,0
22200671,2023-01-18 20:00:00,1610612745,1610612766,Regular Season,2023,0,Houston Rockets,Charlotte Hornets,0,0
22200672,2023-01-18 20:00:00,1610612763,1610612739,Regular Season,2023,1,Memphis Grizzlies,Cleveland Cavaliers,0,0
22200674,2023-01-18 20:00:00,1610612760,1610612754,Regular Season,2023,1,Oklahoma City Thunder,Indiana Pacers,0,0
22200673,2023-01-18 20:00:00,1610612740,1610612748,Regular Season,2023,0,New Orleans Pelicans,Miami Heat,0,0
22200675,2023-01-18 21:00:00,1610612762,1610612746,Regular Season,2023,1,Utah Jazz,Los Angeles Clippers,0,0
22200676,2023-01-18 22:00:00,1610612743,1610612750,Regular Season,2023,1,Denver Nuggets,Minnesota Timberwolves,0,0
22200677,2023-01-18 22:30:00,1610612747,1610612758,Regular Season,2023,0,Los Angeles Lakers,Sacramento Kings,0,0
22200678,2023-01-19 15:00:00,1610612765,1610612741,Regular Season,2023,0,Detroit Pistons,Chicago Bulls,0,0
22200679,2023-01-19 19:30:00,1610612738,1610612744,Regular Season,2023,1,Boston Celtics,Golden State Warriors,0,0
22200680,2023-01-19 20:00:00,1610612750,1610612761,Regular Season,2023,1,Minnesota Timberwolves,Toronto Raptors,0,0
22200682,2023-01-19 22:00:00,1610612757,1610612755,Regular Season,2023,0,Portland Trail Blazers,Philadelphia 76ers,0,0
22200681,2023-01-19 22:00:00,1610612756,1610612751,Regular Season,2023,1,Phoenix Suns,Brooklyn Nets,0,0
22200683,2023-01-20 19:00:00,1610612753,1610612740,Regular Season,2023,1,Orlando Magic,New Orleans Pelicans,0,0
22200686,2023-01-20 19:30:00,1610612742,1610612748,Regular Season,2023,1,Dallas Mavericks,Miami Heat,0,0
22200685,2023-01-20 19:30:00,1610612739,1610612744,Regular Season,2023,0,Cleveland Cavaliers,Golden State Warriors,0,0
22200684,2023-01-20 19:30:00,1610612737,1610612752,Regular Season,2023,1,Atlanta Hawks,New York Knicks,0,0
22200687,2023-01-20 20:00:00,1610612759,1610612746,Regular Season,2023,0,San Antonio Spurs,Los Angeles Clippers,0,0
22200688,2023-01-20 21:00:00,1610612743,1610612754,Regular Season,2023,1,Denver Nuggets,Indiana Pacers,0,0
22200689,2023-01-20 21:00:00,1610612762,1610612751,Regular Season,2023,0,Utah Jazz,Brooklyn Nets,0,0
22200691,2023-01-20 22:00:00,1610612758,1610612760,Regular Season,2023,1,Sacramento Kings,Oklahoma City Thunder,0,0
22200690,2023-01-20 22:00:00,1610612747,1610612763,Regular Season,2023,1,Los Angeles Lakers,Memphis Grizzlies,0,0
22200692,2023-01-21 17:00:00,1610612761,1610612738,Regular Season,2023,0,Toronto Raptors,Boston Celtics,0,0
22200693,2023-01-21 19:00:00,1610612764,1610612753,Regular Season,2023,1,Washington Wizards,Orlando Magic,0,0
22200695,2023-01-21 19:30:00,1610612739,1610612749,Regular Season,2023,1,Cleveland Cavaliers,Milwaukee Bucks,0,0
22200694,2023-01-21 19:30:00,1610612737,1610612766,Regular Season,2023,0,Atlanta Hawks,Charlotte Hornets,0,0
22200696,2023-01-21 20:00:00,1610612750,1610612745,Regular Season,2023,1,Minnesota Timberwolves,Houston Rockets,0,0
22200697,2023-01-21 21:00:00,1610612756,1610612754,Regular Season,2023,1,Phoenix Suns,Indiana Pacers,0,0
22200698,2023-01-21 22:00:00,1610612758,1610612755,Regular Season,2023,0,Sacramento Kings,Philadelphia 76ers,0,0
22200701,2023-01-22 14:30:00,1610612742,1610612746,Regular Season,2023,0,Dallas Mavericks,Los Angeles Clippers,0,0
22200699,2023-01-22 15:30:00,1610612748,1610612740,Regular Season,2023,1,Miami Heat,New Orleans Pelicans,0,0
22200700,2023-01-22 18:00:00,1610612761,1610612752,Regular Season,2023,1,Toronto Raptors,New York Knicks,0,0
22200702,2023-01-22 20:00:00,1610612743,1610612760,Regular Season,2023,0,Denver Nuggets,Oklahoma City Thunder,0,0
22200703,2023-01-22 20:00:00,1610612756,1610612763,Regular Season,2023,1,Phoenix Suns,Memphis Grizzlies,0,0
22200704,2023-01-22 20:30:00,1610612744,1610612751,Regular Season,2023,0,Golden State Warriors,Brooklyn Nets,0,0
22200705,2023-01-22 21:00:00,1610612757,1610612747,Regular Season,2023,0,Portland Trail Blazers,Los Angeles Lakers,0,0
22200707,2023-01-23 19:00:00,1610612753,1610612738,Regular Season,2023,1,Orlando Magic,Boston Celtics,0,0
22200706,2023-01-23 19:00:00,1610612765,1610612749,Regular Season,2023,0,Detroit Pistons,Milwaukee Bucks,0,0
22200709,2023-01-23 20:00:00,1610612745,1610612750,Regular Season,2023,1,Houston Rockets,Minnesota Timberwolves,0,0
22200708,2023-01-23 20:00:00,1610612741,1610612737,Regular Season,2023,1,Chicago Bulls,Atlanta Hawks,0,0
22200710,2023-01-23 21:00:00,1610612762,1610612766,Regular Season,2023,1,Utah Jazz,Charlotte Hornets,0,0
22200711,2023-01-23 22:00:00,1610612757,1610612759,Regular Season,2023,1,Portland Trail Blazers,San Antonio Spurs,0,0
22200712,2023-01-23 22:30:00,1610612758,1610612763,Regular Season,2023,1,Sacramento Kings,Memphis Grizzlies,0,0
22200713,2023-01-24 19:00:00,1610612754,1610612741,Regular Season,2023,1,Indiana Pacers,Chicago Bulls,0,0
22200715,2023-01-24 19:30:00,1610612752,1610612739,Regular Season,2023,1,New York Knicks,Cleveland Cavaliers,0,0
22200714,2023-01-24 19:30:00,1610612748,1610612738,Regular Season,2023,1,Miami Heat,Boston Celtics,0,0
22200716,2023-01-24 20:00:00,1610612740,1610612743,Regular Season,2023,0,New Orleans Pelicans,Denver Nuggets,0,0
22200717,2023-01-24 20:30:00,1610612742,1610612764,Regular Season,2023,0,Dallas Mavericks,Washington Wizards,0,0
22200718,2023-01-24 21:00:00,1610612756,1610612766,Regular Season,2023,1,Phoenix Suns,Charlotte Hornets,0,0
22200719,2023-01-24 22:00:00,1610612747,1610612746,Regular Season,2023,0,Los Angeles Lakers,Los Angeles Clippers,0,0
22200720,2023-01-25 19:00:00,1610612753,1610612754,Regular Season,2023,1,Orlando Magic,Indiana Pacers,0,0
22200721,2023-01-25 19:30:00,1610612755,1610612751,Regular Season,2023,1,Philadelphia 76ers,Brooklyn Nets,0,0
22200722,2023-01-25 20:00:00,1610612745,1610612764,Regular Season,2023,0,Houston Rockets,Washington Wizards,0,0
22200723,2023-01-25 20:00:00,1610612749,1610612743,Regular Season,2023,1,Milwaukee Bucks,Denver Nuggets,0,0
22200725,2023-01-25 20:00:00,1610612760,1610612737,Regular Season,2023,0,Oklahoma City Thunder,Atlanta Hawks,0,0
22200724,2023-01-25 20:00:00,1610612740,1610612750,Regular Season,2023,0,New Orleans Pelicans,Minnesota Timberwolves,0,0
22200728,2023-01-25 22:00:00,1610612758,1610612761,Regular Season,2023,0,Sacramento Kings,Toronto Raptors,0,0
22200727,2023-01-25 22:00:00,1610612757,1610612762,Regular Season,2023,1,Portland Trail Blazers,Utah Jazz,0,0
22200726,2023-01-25 22:00:00,1610612744,1610612763,Regular Season,2023,1,Golden State Warriors,Memphis Grizzlies,0,0
22200729,2023-01-25 22:30:00,1610612747,1610612759,Regular Season,2023,1,Los Angeles Lakers,San Antonio Spurs,0,0
22200732,2023-01-26 19:30:00,1610612766,1610612741,Regular Season,2023,1,Charlotte Hornets,Chicago Bulls,0,0
22200731,2023-01-26 19:30:00,1610612751,1610612765,Regular Season,2023,0,Brooklyn Nets,Detroit Pistons,0,0
22200730,2023-01-26 19:30:00,1610612738,1610612752,Regular Season,2023,0,Boston Celtics,New York Knicks,0,0
22200733,2023-01-26 20:00:00,1610612745,1610612739,Regular Season,2023,0,Houston Rockets,Cleveland Cavaliers,0,0
22200734,2023-01-26 22:00:00,1610612756,1610612742,Regular Season,2023,0,Phoenix Suns,Dallas Mavericks,0,0
22200735,2023-01-26 22:30:00,1610612746,1610612759,Regular Season,2023,1,Los Angeles Clippers,San Antonio Spurs,0,0
22200736,2023-01-27 19:00:00,1610612754,1610612749,Regular Season,2023,0,Indiana Pacers,Milwaukee Bucks,0,0
22200737,2023-01-27 19:30:00,1610612750,1610612763,Regular Season,2023,1,Minnesota Timberwolves,Memphis Grizzlies,0,0
22200738,2023-01-27 20:00:00,1610612748,1610612753,Regular Season,2023,1,Miami Heat,Orlando Magic,0,0
22200739,2023-01-27 20:00:00,1610612760,1610612739,Regular Season,2023,1,Oklahoma City Thunder,Cleveland Cavaliers,0,0
22200740,2023-01-27 22:00:00,1610612744,1610612761,Regular Season,2023,1,Golden State Warriors,Toronto Raptors,0,0
22200741,2023-01-28 15:00:00,1610612755,1610612743,Regular Season,2023,1,Philadelphia 76ers,Denver Nuggets,0,0
22200742,2023-01-28 17:30:00,1610612751,1610612752,Regular Season,2023,1,Brooklyn Nets,New York Knicks,0,0
22200744,2023-01-28 19:00:00,1610612753,1610612741,Regular Season,2023,0,Orlando Magic,Chicago Bulls,0,0
22200743,2023-01-28 19:00:00,1610612765,1610612745,Regular Season,2023,0,Detroit Pistons,Houston Rockets,0,0
22200745,2023-01-28 19:30:00,1610612737,1610612746,Regular Season,2023,0,Atlanta Hawks,Los Angeles Clippers,0,0
22200748,2023-01-28 20:00:00,1610612759,1610612756,Regular Season,2023,0,San Antonio Spurs,Phoenix Suns,0,0
22200747,2023-01-28 20:00:00,1610612740,1610612764,Regular Season,2023,0,New Orleans Pelicans,Washington Wizards,0,0
22200746,2023-01-28 20:00:00,1610612750,1610612758,Regular Season,2023,1,Minnesota Timberwolves,Sacramento Kings,0,0
22200749,2023-01-28 20:30:00,1610612738,1610612747,Regular Season,2023,1,Boston Celtics,Los Angeles Lakers,0,0
22200750,2023-01-28 21:00:00,1610612762,1610612742,Regular Season,2023,1,Utah Jazz,Dallas Mavericks,0,0
22200751,2023-01-28 22:00:00,1610612757,1610612761,Regular Season,2023,0,Portland Trail Blazers,Toronto Raptors,0,0
22200752,2023-01-29 13:00:00,1610612766,1610612748,Regular Season,2023,1,Charlotte Hornets,Miami Heat,0,0
22200753,2023-01-29 18:00:00,1610612763,1610612754,Regular Season,2023,1,Memphis Grizzlies,Indiana Pacers,0,0
22200754,2023-01-29 19:00:00,1610612739,1610612746,Regular Season,2023,1,Cleveland Cavaliers,Los Angeles Clippers,0,0
22200755,2023-01-29 20:00:00,1610612749,1610612740,Regular Season,2023,1,Milwaukee Bucks,New Orleans Pelicans,0,0
22200756,2023-01-30 19:00:00,1610612755,1610612753,Regular Season,2023,0,Philadelphia 76ers,Orlando Magic,0,0
22200757,2023-01-30 19:30:00,1610612751,1610612747,Regular Season,2023,1,Brooklyn Nets,Los Angeles Lakers,0,0
22200760,2023-01-30 20:00:00,1610612759,1610612764,Regular Season,2023,0,San Antonio Spurs,Washington Wizards,0,0
22200759,2023-01-30 20:00:00,1610612760,1610612744,Regular Season,2023,0,Oklahoma City Thunder,Golden State Warriors,0,0
22200758,2023-01-30 20:00:00,1610612750,1610612758,Regular Season,2023,0,Minnesota Timberwolves,Sacramento Kings,0,0
22200761,2023-01-30 20:30:00,1610612742,1610612765,Regular Season,2023,1,Dallas Mavericks,Detroit Pistons,0,0
22200762,2023-01-30 21:00:00,1610612756,1610612761,Regular Season,2023,1,Phoenix Suns,Toronto Raptors,0,0
22200763,2023-01-30 22:00:00,1610612757,1610612737,Regular Season,2023,1,Portland Trail Blazers,Atlanta Hawks,0,0
22200764,2023-01-31 19:00:00,1610612739,1610612748,Regular Season,2023,0,Cleveland Cavaliers,Miami Heat,0,0
22200765,2023-01-31 19:30:00,1610612752,1610612747,Regular Season,2023,0,New York Knicks,Los Angeles Lakers,0,0
22200766,2023-01-31 20:00:00,1610612741,1610612746,Regular Season,2023,0,Chicago Bulls,Los Angeles Clippers,0,0
22200767,2023-01-31 20:00:00,1610612749,1610612766,Regular Season,2023,1,Milwaukee Bucks,Charlotte Hornets,0,0
22200768,2023-01-31 22:00:00,1610612743,1610612740,Regular Season,2023,1,Denver Nuggets,New Orleans Pelicans,0,0
22200770,2023-02-01 19:00:00,1610612755,1610612753,Regular Season,2023,1,Philadelphia 76ers,Orlando Magic,0,0
22200771,2023-02-01 19:00:00,1610612763,1610612757,Regular Season,2023,0,Memphis Grizzlies,Portland Trail Blazers,0,0
22200772,2023-02-01 19:30:00,1610612738,1610612751,Regular Season,2023,1,Boston Celtics,Brooklyn Nets,0,0
22200775,2023-02-01 20:00:00,1610612759,1610612758,Regular Season,2023,0,San Antonio Spurs,Sacramento Kings,0,0
22200774,2023-02-01 20:00:00,1610612750,1610612744,Regular Season,2023,1,Minnesota Timberwolves,Golden State Warriors,0,0
22200773,2023-02-01 20:00:00,1610612745,1610612760,Regular Season,2023,1,Houston Rockets,Oklahoma City Thunder,0,0
22200776,2023-02-01 21:00:00,1610612762,1610612761,Regular Season,2023,1,Utah Jazz,Toronto Raptors,0,0
22200777,2023-02-01 22:00:00,1610612756,1610612737,Regular Season,2023,0,Phoenix Suns,Atlanta Hawks,0,0
22200778,2023-02-02 19:00:00,1610612754,1610612747,Regular Season,2023,0,Indiana Pacers,Los Angeles Lakers,0,0
22200780,2023-02-02 19:30:00,1610612752,1610612748,Regular Season,2023,1,New York Knicks,Miami Heat,0,0
22200779,2023-02-02 19:30:00,1610612739,1610612763,Regular Season,2023,1,Cleveland Cavaliers,Memphis Grizzlies,0,0
22200781,2023-02-02 20:00:00,1610612741,1610612766,Regular Season,2023,1,Chicago Bulls,Charlotte Hornets,0,0
22200782,2023-02-02 20:30:00,1610612742,1610612740,Regular Season,2023,1,Dallas Mavericks,New Orleans Pelicans,0,0
22200783,2023-02-02 21:00:00,1610612743,1610612744,Regular Season,2023,1,Denver Nuggets,Golden State Warriors,0,0
22200784,2023-02-02 22:00:00,1610612749,1610612746,Regular Season,2023,1,Milwaukee Bucks,Los Angeles Clippers,0,0
22200786,2023-02-03 19:00:00,1610612754,1610612758,Regular Season,2023,1,Indiana Pacers,Sacramento Kings,0,0
22200785,2023-02-03 19:00:00,1610612765,1610612766,Regular Season,2023,1,Detroit Pistons,Charlotte Hornets,0,0
22200787,2023-02-03 19:00:00,1610612764,1610612757,Regular Season,2023,0,Washington Wizards,Portland Trail Blazers,0,0
22200788,2023-02-03 19:30:00,1610612738,1610612756,Regular Season,2023,0,Boston Celtics,Phoenix Suns,0,0
22200791,2023-02-03 20:00:00,1610612759,1610612755,Regular Season,2023,0,San Antonio Spurs,Philadelphia 76ers,0,0
22200790,2023-02-03 20:00:00,1610612750,1610612753,Regular Season,2023,0,Minnesota Timberwolves,Orlando Magic,0,0
22200789,2023-02-03 20:00:00,1610612745,1610612761,Regular Season,2023,0,Houston Rockets,Toronto Raptors,0,0
22200792,2023-02-03 21:00:00,1610612762,1610612737,Regular Season,2023,0,Utah Jazz,Atlanta Hawks,0,0
22200798,2023-02-04 18:00:00,1610612740,1610612747,Regular Season,2023,1,New Orleans Pelicans,Los Angeles Lakers,0,0
22200793,2023-02-04 18:00:00,1610612751,1610612764,Regular Season,2023,1,Brooklyn Nets,Washington Wizards,0,0
22200795,2023-02-04 19:00:00,1610612752,1610612746,Regular Season,2023,0,New York Knicks,Los Angeles Clippers,0,0
22200794,2023-02-04 19:00:00,1610612765,1610612756,Regular Season,2023,0,Detroit Pistons,Phoenix Suns,0,0
22200796,2023-02-04 20:00:00,1610612741,1610612757,Regular Season,2023,1,Chicago Bulls,Portland Trail Blazers,0,0
22200799,2023-02-04 20:00:00,1610612760,1610612745,Regular Season,2023,1,Oklahoma City Thunder,Houston Rockets,0,0
22200797,2023-02-04 20:00:00,1610612749,1610612748,Regular Season,2023,1,Milwaukee Bucks,Miami Heat,0,0
22200800,2023-02-04 20:30:00,1610612744,1610612742,Regular Season,2023,1,Golden State Warriors,Dallas Mavericks,0,0
22200801,2023-02-04 21:00:00,1610612743,1610612737,Regular Season,2023,1,Denver Nuggets,Atlanta Hawks,0,0
22200802,2023-02-05 13:00:00,1610612766,1610612753,Regular Season,2023,0,Charlotte Hornets,Orlando Magic,0,0
22200803,2023-02-05 17:00:00,1610612754,1610612739,Regular Season,2023,0,Indiana Pacers,Cleveland Cavaliers,0,0
22200805,2023-02-05 18:00:00,1610612763,1610612761,Regular Season,2023,0,Memphis Grizzlies,Toronto Raptors,0,0
22200804,2023-02-05 18:00:00,1610612752,1610612755,Regular Season,2023,1,New York Knicks,Philadelphia 76ers,0,0
22200807,2023-02-05 19:00:00,1610612740,1610612758,Regular Season,2023,1,New Orleans Pelicans,Sacramento Kings,0,0
22200806,2023-02-05 19:00:00,1610612750,1610612743,Regular Season,2023,1,Minnesota Timberwolves,Denver Nuggets,0,0
22200809,2023-02-06 19:00:00,1610612764,1610612739,Regular Season,2023,0,Washington Wizards,Cleveland Cavaliers,0,0
22200808,2023-02-06 19:00:00,1610612765,1610612738,Regular Season,2023,0,Detroit Pistons,Boston Celtics,0,0
22200810,2023-02-06 19:30:00,1610612751,1610612746,Regular Season,2023,0,Brooklyn Nets,Los Angeles Clippers,0,0
22200812,2023-02-06 20:00:00,1610612745,1610612758,Regular Season,2023,0,Houston Rockets,Sacramento Kings,0,0
22200811,2023-02-06 20:00:00,1610612741,1610612759,Regular Season,2023,1,Chicago Bulls,San Antonio Spurs,0,0
22200813,2023-02-06 21:00:00,1610612762,1610612742,Regular Season,2023,0,Utah Jazz,Dallas Mavericks,0,0
22200814,2023-02-06 22:00:00,1610612744,1610612760,Regular Season,2023,1,Golden State Warriors,Oklahoma City Thunder,0,0
22200815,2023-02-06 22:00:00,1610612757,1610612749,Regular Season,2023,0,Portland Trail Blazers,Milwaukee Bucks,0,0
22200816,2023-02-07 19:00:00,1610612753,1610612752,Regular Season,2023,0,Orlando Magic,New York Knicks,0,0
22200818,2023-02-07 19:30:00,1610612740,1610612737,Regular Season,2023,1,New Orleans Pelicans,Atlanta Hawks,0,0
22200817,2023-02-07 19:30:00,1610612751,1610612756,Regular Season,2023,0,Brooklyn Nets,Phoenix Suns,0,0
22200819,2023-02-07 20:00:00,1610612763,1610612741,Regular Season,2023,1,Memphis Grizzlies,Chicago Bulls,0,0
22200820,2023-02-07 21:00:00,1610612743,1610612750,Regular Season,2023,1,Denver Nuggets,Minnesota Timberwolves,0,0
22200821,2023-02-07 22:00:00,1610612747,1610612760,Regular Season,2023,0,Los Angeles Lakers,Oklahoma City Thunder,0,0
22200823,2023-02-08 19:00:00,1610612764,1610612766,Regular Season,2023,1,Washington Wizards,Charlotte Hornets,0,0
22200822,2023-02-08 19:00:00,1610612739,1610612765,Regular Season,2023,1,Cleveland Cavaliers,Detroit Pistons,0,0
22200826,2023-02-08 19:30:00,1610612761,1610612759,Regular Season,2023,1,Toronto Raptors,San Antonio Spurs,0,0
22200825,2023-02-08 19:30:00,1610612748,1610612754,Regular Season,2023,1,Miami Heat,Indiana Pacers,0,0
22200824,2023-02-08 19:30:00,1610612738,1610612755,Regular Season,2023,1,Boston Celtics,Philadelphia 76ers,0,0
22200827,2023-02-08 20:00:00,1610612745,1610612758,Regular Season,2023,0,Houston Rockets,Sacramento Kings,0,0
22200828,2023-02-08 21:00:00,1610612762,1610612750,Regular Season,2023,0,Utah Jazz,Minnesota Timberwolves,0,0
22200829,2023-02-08 22:00:00,1610612746,1610612742,Regular Season,2023,0,Los Angeles Clippers,Dallas Mavericks,0,0
22200830,2023-02-08 22:00:00,1610612757,1610612744,Regular Season,2023,1,Portland Trail Blazers,Golden State Warriors,0,0
22200831,2023-02-09 19:00:00,1610612753,1610612743,Regular Season,2023,1,Orlando Magic,Denver Nuggets,0,0
22200833,2023-02-09 19:30:00,1610612751,1610612741,Regular Season,2023,1,Brooklyn Nets,Chicago Bulls,0,0
22200832,2023-02-09 19:30:00,1610612737,1610612756,Regular Season,2023,1,Atlanta Hawks,Phoenix Suns,0,0
22200834,2023-02-09 22:00:00,1610612747,1610612749,Regular Season,2023,0,Los Angeles Lakers,Milwaukee Bucks,0,0
22200836,2023-02-10 19:00:00,1610612754,1610612756,Regular Season,2023,0,Indiana Pacers,Phoenix Suns,0,0
22200835,2023-02-10 19:00:00,1610612765,1610612759,Regular Season,2023,1,Detroit Pistons,San Antonio Spurs,0,0
22200837,2023-02-10 19:00:00,1610612755,1610612752,Regular Season,2023,1,Philadelphia 76ers,New York Knicks,0,0
22200839,2023-02-10 19:30:00,1610612761,1610612762,Regular Season,2023,0,Toronto Raptors,Utah Jazz,0,0
22200838,2023-02-10 19:30:00,1610612738,1610612766,Regular Season,2023,1,Boston Celtics,Charlotte Hornets,0,0
22200841,2023-02-10 20:00:00,1610612763,1610612750,Regular Season,2023,1,Memphis Grizzlies,Minnesota Timberwolves,0,0
22200840,2023-02-10 20:00:00,1610612748,1610612745,Regular Season,2023,1,Miami Heat,Houston Rockets,0,0
22200844,2023-02-10 22:00:00,1610612758,1610612742,Regular Season,2023,0,Sacramento Kings,Dallas Mavericks,0,0
22200843,2023-02-10 22:00:00,1610612757,1610612760,Regular Season,2023,0,Portland Trail Blazers,Oklahoma City Thunder,0,0
22200842,2023-02-10 22:00:00,1610612740,1610612739,Regular Season,2023,0,New Orleans Pelicans,Cleveland Cavaliers,0,0
22200845,2023-02-10 22:30:00,1610612746,1610612749,Regular Season,2023,0,Los Angeles Clippers,Milwaukee Bucks,0,0
22200846,2023-02-11 18:00:00,1610612751,1610612755,Regular Season,2023,0,Brooklyn Nets,Philadelphia 76ers,0,0
22200847,2023-02-11 19:00:00,1610612766,1610612743,Regular Season,2023,0,Charlotte Hornets,Denver Nuggets,0,0
22200848,2023-02-11 19:00:00,1610612753,1610612748,Regular Season,2023,0,Orlando Magic,Miami Heat,0,0
22200849,2023-02-11 19:00:00,1610612764,1610612754,Regular Season,2023,1,Washington Wizards,Indiana Pacers,0,0
22200851,2023-02-11 19:30:00,1610612752,1610612762,Regular Season,2023,1,New York Knicks,Utah Jazz,0,0
22200850,2023-02-11 19:30:00,1610612737,1610612759,Regular Season,2023,1,Atlanta Hawks,San Antonio Spurs,0,0
22200852,2023-02-11 20:00:00,1610612739,1610612741,Regular Season,2023,1,Cleveland Cavaliers,Chicago Bulls,0,0
22200853,2023-02-11 20:30:00,1610612744,1610612747,Regular Season,2023,0,Golden State Warriors,Los Angeles Lakers,0,0
22200854,2023-02-11 22:00:00,1610612758,1610612742,Regular Season,2023,1,Sacramento Kings,Dallas Mavericks,0,0
22200855,2023-02-12 14:00:00,1610612738,1610612763,Regular Season,2023,1,Boston Celtics,Memphis Grizzlies,0,0
22200856,2023-02-12 15:00:00,1610612761,1610612765,Regular Season,2023,1,Toronto Raptors,Detroit Pistons,0,0
22200860,2023-02-13 19:00:00,1610612755,1610612745,Regular Season,2023,1,Philadelphia 76ers,Houston Rockets,0,0
22200859,2023-02-13 19:00:00,1610612754,1610612762,Regular Season,2023,0,Indiana Pacers,Utah Jazz,0,0
22200858,2023-02-13 19:00:00,1610612739,1610612759,Regular Season,2023,1,Cleveland Cavaliers,San Antonio Spurs,0,0
22200857,2023-02-13 19:00:00,1610612766,1610612737,Regular Season,2023,1,Charlotte Hornets,Atlanta Hawks,0,0
22200861,2023-02-13 19:30:00,1610612748,1610612743,Regular Season,2023,0,Miami Heat,Denver Nuggets,0,0
22200862,2023-02-13 19:30:00,1610612752,1610612751,Regular Season,2023,1,New York Knicks,Brooklyn Nets,0,0
22200864,2023-02-13 20:00:00,1610612760,1610612740,Regular Season,2023,0,Oklahoma City Thunder,New Orleans Pelicans,0,0
22200863,2023-02-13 20:00:00,1610612741,1610612753,Regular Season,2023,0,Chicago Bulls,Orlando Magic,0,0
22200865,2023-02-13 20:30:00,1610612742,1610612750,Regular Season,2023,0,Dallas Mavericks,Minnesota Timberwolves,0,0
22200867,2023-02-13 22:00:00,1610612757,1610612747,Regular Season,2023,1,Portland Trail Blazers,Los Angeles Lakers,0,0
22200866,2023-02-13 22:00:00,1610612744,1610612764,Regular Season,2023,1,Golden State Warriors,Washington Wizards,0,0
22200869,2023-02-14 19:30:00,1610612749,1610612738,Regular Season,2023,1,Milwaukee Bucks,Boston Celtics,0,0
22200868,2023-02-14 19:30:00,1610612761,1610612753,Regular Season,2023,1,Toronto Raptors,Orlando Magic,0,0
22200870,2023-02-14 21:00:00,1610612756,1610612758,Regular Season,2023,1,Phoenix Suns,Sacramento Kings,0,0
22200872,2023-02-14 22:00:00,1610612757,1610612764,Regular Season,2023,0,Portland Trail Blazers,Washington Wizards,0,0
22200871,2023-02-14 22:00:00,1610612746,1610612744,Regular Season,2023,1,Los Angeles Clippers,Golden State Warriors,0,0
22200874,2023-02-15 19:00:00,1610612754,1610612741,Regular Season,2023,1,Indiana Pacers,Chicago Bulls,0,0
22200873,2023-02-15 19:00:00,1610612766,1610612759,Regular Season,2023,1,Charlotte Hornets,San Antonio Spurs,0,0
22200875,2023-02-15 19:30:00,1610612755,1610612739,Regular Season,2023,1,Philadelphia 76ers,Cleveland Cavaliers,0,0
22200878,2023-02-15 19:30:00,1610612751,1610612748,Regular Season,2023,1,Brooklyn Nets,Miami Heat,0,0
22200877,2023-02-15 19:30:00,1610612738,1610612765,Regular Season,2023,1,Boston Celtics,Detroit Pistons,0,0
22200876,2023-02-15 19:30:00,1610612737,1610612752,Regular Season,2023,0,Atlanta Hawks,New York Knicks,0,0
22200880,2023-02-15 20:00:00,1610612760,1610612745,Regular Season,2023,1,Oklahoma City Thunder,Houston Rockets,0,0
22200879,2023-02-15 20:00:00,1610612763,1610612762,Regular Season,2023,1,Memphis Grizzlies,Utah Jazz,0,0
22200881,2023-02-15 21:00:00,1610612743,1610612742,Regular Season,2023,1,Denver Nuggets,Dallas Mavericks,0,0
22200882,2023-02-15 22:00:00,1610612747,1610612740,Regular Season,2023,1,Los Angeles Lakers,New Orleans Pelicans,0,0
22200883,2023-02-16 19:30:00,1610612741,1610612749,Regular Season,2023,0,Chicago Bulls,Milwaukee Bucks,0,0
22200884,2023-02-16 20:00:00,1610612750,1610612764,Regular Season,2023,0,Minnesota Timberwolves,Washington Wizards,0,0
22200885,2023-02-16 22:00:00,1610612756,1610612746,Regular Season,2023,0,Phoenix Suns,Los Angeles Clippers,0,0
22200888,2023-02-23 19:00:00,1610612753,1610612765,Regular Season,2023,1,Orlando Magic,Detroit Pistons,0,0
22200887,2023-02-23 19:00:00,1610612754,1610612738,Regular Season,2023,0,Indiana Pacers,Boston Celtics,0,0
22200886,2023-02-23 19:00:00,1610612739,1610612743,Regular Season,2023,0,Cleveland Cavaliers,Denver Nuggets,0,0
22200889,2023-02-23 19:30:00,1610612755,1610612763,Regular Season,2023,1,Philadelphia 76ers,Memphis Grizzlies,0,0
22200890,2023-02-23 19:30:00,1610612761,1610612740,Regular Season,2023,1,Toronto Raptors,New Orleans Pelicans,0,0
22200891,2023-02-23 20:30:00,1610612742,1610612759,Regular Season,2023,1,Dallas Mavericks,San Antonio Spurs,0,0
22200892,2023-02-23 21:00:00,1610612762,1610612760,Regular Season,2023,1,Utah Jazz,Oklahoma City Thunder,0,0
22200894,2023-02-23 22:00:00,1610612758,1610612757,Regular Season,2023,1,Sacramento Kings,Portland Trail Blazers,0,0
22200893,2023-02-23 22:00:00,1610612747,1610612744,Regular Season,2023,1,Los Angeles Lakers,Golden State Warriors,0,0
22200895,2023-02-24 19:00:00,1610612764,1610612752,Regular Season,2023,0,Washington Wizards,New York Knicks,0,0
22200896,2023-02-24 19:30:00,1610612737,1610612739,Regular Season,2023,1,Atlanta Hawks,Cleveland Cavaliers,0,0
22200897,2023-02-24 19:30:00,1610612749,1610612748,Regular Season,2023,1,Milwaukee Bucks,Miami Heat,0,0
22200900,2023-02-24 20:00:00,1610612741,1610612751,Regular Season,2023,1,Chicago Bulls,Brooklyn Nets,0,0
22200898,2023-02-24 20:00:00,1610612750,1610612766,Regular Season,2023,0,Minnesota Timberwolves,Charlotte Hornets,0,0
22200901,2023-02-24 22:00:00,1610612744,1610612745,Regular Season,2023,1,Golden State Warriors,Houston Rockets,0,0
22200899,2023-02-24 22:00:00,1610612756,1610612760,Regular Season,2023,1,Phoenix Suns,Oklahoma City Thunder,0,0
22200902,2023-02-24 22:30:00,1610612746,1610612758,Regular Season,2023,0,Los Angeles Clippers,Sacramento Kings,0,0
22200903,2023-02-25 12:00:00,1610612765,1610612761,Regular Season,2023,0,Detroit Pistons,Toronto Raptors,0,0
22200905,2023-02-25 19:00:00,1610612753,1610612754,Regular Season,2023,0,Orlando Magic,Indiana Pacers,0,0
22200904,2023-02-25 19:00:00,1610612766,1610612748,Regular Season,2023,1,Charlotte Hornets,Miami Heat,0,0
22200906,2023-02-25 19:30:00,1610612752,1610612740,Regular Season,2023,1,New York Knicks,New Orleans Pelicans,0,0
22200907,2023-02-25 20:00:00,1610612763,1610612743,Regular Season,2023,1,Memphis Grizzlies,Denver Nuggets,0,0
22200908,2023-02-25 20:30:00,1610612755,1610612738,Regular Season,2023,0,Philadelphia 76ers,Boston Celtics,0,0
22200909,2023-02-25 21:00:00,1610612762,1610612759,Regular Season,2023,1,Utah Jazz,San Antonio Spurs,0,0
22200910,2023-02-26 13:00:00,1610612749,1610612756,Regular Season,2023,1,Milwaukee Bucks,Phoenix Suns,0,0
22200911,2023-02-26 15:00:00,1610612737,1610612751,Regular Season,2023,1,Atlanta Hawks,Brooklyn Nets,0,0
22200913,2023-02-26 15:30:00,1610612742,1610612747,Regular Season,2023,0,Dallas Mavericks,Los Angeles Lakers,0,0
22200912,2023-02-26 15:30:00,1610612741,1610612764,Regular Season,2023,1,Chicago Bulls,Washington Wizards,0,0
22200914,2023-02-26 18:00:00,1610612739,1610612761,Regular Season,2023,1,Cleveland Cavaliers,Toronto Raptors,0,0
22200915,2023-02-26 19:00:00,1610612760,1610612758,Regular Season,2023,0,Oklahoma City Thunder,Sacramento Kings,0,0
22200916,2023-02-26 19:30:00,1610612744,1610612750,Regular Season,2023,1,Golden State Warriors,Minnesota Timberwolves,0,0
22200917,2023-02-26 21:00:00,1610612757,1610612745,Regular Season,2023,1,Portland Trail Blazers,Houston Rockets,0,0
22200918,2023-02-26 22:00:00,1610612743,1610612746,Regular Season,2023,1,Denver Nuggets,Los Angeles Clippers,0,0
22200920,2023-02-27 19:00:00,1610612755,1610612748,Regular Season,2023,0,Philadelphia 76ers,Miami Heat,0,0
22200919,2023-02-27 19:00:00,1610612766,1610612765,Regular Season,2023,1,Charlotte Hornets,Detroit Pistons,0,0
22200921,2023-02-27 19:30:00,1610612752,1610612738,Regular Season,2023,1,New York Knicks,Boston Celtics,0,0
22200922,2023-02-27 20:00:00,1610612740,1610612753,Regular Season,2023,0,New Orleans Pelicans,Orlando Magic,0,0
22200925,2023-02-28 19:30:00,1610612761,1610612741,Regular Season,2023,1,Toronto Raptors,Chicago Bulls,0,0
22200923,2023-02-28 19:30:00,1610612737,1610612764,Regular Season,2023,0,Atlanta Hawks,Washington Wizards,0,0
22200927,2023-02-28 19:30:00,1610612763,1610612747,Regular Season,2023,1,Memphis Grizzlies,Los Angeles Lakers,0,0
22200924,2023-02-28 19:30:00,1610612751,1610612749,Regular Season,2023,0,Brooklyn Nets,Milwaukee Bucks,0,0
22200928,2023-02-28 20:00:00,1610612760,1610612758,Regular Season,2023,0,Oklahoma City Thunder,Sacramento Kings,0,0
22200926,2023-02-28 20:00:00,1610612745,1610612743,Regular Season,2023,0,Houston Rockets,Denver Nuggets,0,0
22200929,2023-02-28 20:30:00,1610612742,1610612754,Regular Season,2023,0,Dallas Mavericks,Indiana Pacers,0,0
22200930,2023-02-28 21:00:00,1610612762,1610612759,Regular Season,2023,0,Utah Jazz,San Antonio Spurs,0,0
22200932,2023-02-28 22:00:00,1610612746,1610612750,Regular Season,2023,0,Los Angeles Clippers,Minnesota Timberwolves,0,0
22200931,2023-02-28 22:00:00,1610612744,1610612757,Regular Season,2023,1,Golden State Warriors,Portland Trail Blazers,0,0
22200934,2023-03-01 19:00:00,1610612765,1610612741,Regular Season,2023,0,Detroit Pistons,Chicago Bulls,0,0
22200933,2023-03-01 19:00:00,1610612766,1610612756,Regular Season,2023,0,Charlotte Hornets,Phoenix Suns,0,0
22200937,2023-03-01 19:30:00,1610612752,1610612751,Regular Season,2023,1,New York Knicks,Brooklyn Nets,0,0
22200936,2023-03-01 19:30:00,1610612748,1610612755,Regular Season,2023,0,Miami Heat,Philadelphia 76ers,0,0
22200935,2023-03-01 19:30:00,1610612738,1610612739,Regular Season,2023,1,Boston Celtics,Cleveland Cavaliers,0,0
22200938,2023-03-01 20:00:00,1610612745,1610612763,Regular Season,2023,0,Houston Rockets,Memphis Grizzlies,0,0
22200939,2023-03-01 20:00:00,1610612749,1610612753,Regular Season,2023,1,Milwaukee Bucks,Orlando Magic,0,0
22200940,2023-03-01 20:00:00,1610612760,1610612747,Regular Season,2023,0,Oklahoma City Thunder,Los Angeles Lakers,0,0
22200941,2023-03-01 22:00:00,1610612757,1610612740,Regular Season,2023,0,Portland Trail Blazers,New Orleans Pelicans,0,0
22200942,2023-03-02 19:00:00,1610612764,1610612761,Regular Season,2023,1,Washington Wizards,Toronto Raptors,0,0
22200943,2023-03-02 19:30:00,1610612742,1610612755,Regular Season,2023,1,Dallas Mavericks,Philadelphia 76ers,0,0
22200944,2023-03-02 20:30:00,1610612759,1610612754,Regular Season,2023,1,San Antonio Spurs,Indiana Pacers,0,0
22200945,2023-03-02 22:00:00,1610612744,1610612746,Regular Season,2023,1,Golden State Warriors,Los Angeles Clippers,0,0
22200946,2023-03-03 19:00:00,1610612766,1610612753,Regular Season,2023,0,Charlotte Hornets,Orlando Magic,0,0
22200948,2023-03-03 19:30:00,1610612738,1610612751,Regular Season,2023,0,Boston Celtics,Brooklyn Nets,0,0
22200947,2023-03-03 19:30:00,1610612737,1610612757,Regular Season,2023,1,Atlanta Hawks,Portland Trail Blazers,0,0
22200951,2023-03-03 20:00:00,1610612760,1610612762,Regular Season,2023,1,Oklahoma City Thunder,Utah Jazz,0,0
22200950,2023-03-03 20:00:00,1610612741,1610612756,Regular Season,2023,0,Chicago Bulls,Phoenix Suns,0,0
22200949,2023-03-03 20:00:00,1610612748,1610612752,Regular Season,2023,0,Miami Heat,New York Knicks,0,0
22200952,2023-03-03 22:00:00,1610612743,1610612763,Regular Season,2023,1,Denver Nuggets,Memphis Grizzlies,0,0
22200954,2023-03-03 22:00:00,1610612758,1610612746,Regular Season,2023,1,Sacramento Kings,Los Angeles Clippers,0,0
22200953,2023-03-03 22:00:00,1610612744,1610612740,Regular Season,2023,1,Golden State Warriors,New Orleans Pelicans,0,0
22200955,2023-03-03 22:30:00,1610612747,1610612750,Regular Season,2023,0,Los Angeles Lakers,Minnesota Timberwolves,0,0
22200956,2023-03-04 17:00:00,1610612764,1610612761,Regular Season,2023,0,Washington Wizards,Toronto Raptors,0,0
22200957,2023-03-04 19:30:00,1610612739,1610612765,Regular Season,2023,1,Cleveland Cavaliers,Detroit Pistons,0,0
22200959,2023-03-04 20:00:00,1610612759,1610612745,Regular Season,2023,0,San Antonio Spurs,Houston Rockets,0,0
22200958,2023-03-04 20:00:00,1610612748,1610612737,Regular Season,2023,1,Miami Heat,Atlanta Hawks,0,0
22200960,2023-03-04 20:30:00,1610612749,1610612755,Regular Season,2023,0,Milwaukee Bucks,Philadelphia 76ers,0,0
22200961,2023-03-04 22:00:00,1610612758,1610612750,Regular Season,2023,0,Sacramento Kings,Minnesota Timberwolves,0,0
22200962,2023-03-05 13:00:00,1610612742,1610612756,Regular Season,2023,0,Dallas Mavericks,Phoenix Suns,0,0
22200963,2023-03-05 15:30:00,1610612741,1610612754,Regular Season,2023,0,Chicago Bulls,Indiana Pacers,0,0
22200964,2023-03-05 15:30:00,1610612747,1610612744,Regular Season,2023,1,Los Angeles Lakers,Golden State Warriors,0,0
22200966,2023-03-05 18:00:00,1610612753,1610612757,Regular Season,2023,0,Orlando Magic,Portland Trail Blazers,0,0
22200965,2023-03-05 18:00:00,1610612751,1610612766,Regular Season,2023,1,Brooklyn Nets,Charlotte Hornets,0,0
22200968,2023-03-05 19:00:00,1610612760,1610612762,Regular Season,2023,1,Oklahoma City Thunder,Utah Jazz,0,0
22200967,2023-03-05 19:00:00,1610612745,1610612759,Regular Season,2023,1,Houston Rockets,San Antonio Spurs,0,0
22200973,2023-03-05 19:30:00,1610612764,1610612749,Regular Season,2023,0,Washington Wizards,Milwaukee Bucks,0,0
22200969,2023-03-05 19:30:00,1610612738,1610612752,Regular Season,2023,0,Boston Celtics,New York Knicks,0,0
22200970,2023-03-05 22:00:00,1610612746,1610612763,Regular Season,2023,1,Los Angeles Clippers,Memphis Grizzlies,0,0
22200971,2023-03-06 19:00:00,1610612739,1610612738,Regular Season,2023,1,Cleveland Cavaliers,Boston Celtics,0,0
22200977,2023-03-06 19:00:00,1610612765,1610612757,Regular Season,2023,0,Detroit Pistons,Portland Trail Blazers,0,0
22200972,2023-03-06 19:00:00,1610612754,1610612755,Regular Season,2023,0,Indiana Pacers,Philadelphia 76ers,0,0
22200974,2023-03-06 19:30:00,1610612748,1610612737,Regular Season,2023,1,Miami Heat,Atlanta Hawks,0,0
22200975,2023-03-06 21:00:00,1610612743,1610612761,Regular Season,2023,1,Denver Nuggets,Toronto Raptors,0,0
22200976,2023-03-06 22:00:00,1610612758,1610612740,Regular Season,2023,1,Sacramento Kings,New Orleans Pelicans,0,0
22200978,2023-03-07 19:00:00,1610612753,1610612749,Regular Season,2023,0,Orlando Magic,Milwaukee Bucks,0,0
22200769,2023-03-07 19:00:00,1610612765,1610612764,Regular Season,2023,0,Detroit Pistons,Washington Wizards,0,0
22200980,2023-03-07 19:30:00,1610612750,1610612755,Regular Season,2023,0,Minnesota Timberwolves,Philadelphia 76ers,0,0
22200979,2023-03-07 19:30:00,1610612752,1610612766,Regular Season,2023,0,New York Knicks,Charlotte Hornets,0,0
22200982,2023-03-07 20:00:00,1610612760,1610612744,Regular Season,2023,1,Oklahoma City Thunder,Golden State Warriors,0,0
22200981,2023-03-07 20:00:00,1610612745,1610612751,Regular Season,2023,0,Houston Rockets,Brooklyn Nets,0,0
22200983,2023-03-07 20:30:00,1610612742,1610612762,Regular Season,2023,1,Dallas Mavericks,Utah Jazz,0,0
22200984,2023-03-07 22:00:00,1610612747,1610612763,Regular Season,2023,1,Los Angeles Lakers,Memphis Grizzlies,0,0
22200985,2023-03-08 19:00:00,1610612764,1610612737,Regular Season,2023,0,Washington Wizards,Atlanta Hawks,0,0
22200986,2023-03-08 19:30:00,1610612738,1610612757,Regular Season,2023,1,Boston Celtics,Portland Trail Blazers,0,0
22200988,2023-03-08 19:30:00,1610612740,1610612742,Regular Season,2023,1,New Orleans Pelicans,Dallas Mavericks,0,0
22200987,2023-03-08 19:30:00,1610612748,1610612739,Regular Season,2023,0,Miami Heat,Cleveland Cavaliers,0,0
22200990,2023-03-08 21:00:00,1610612756,1610612760,Regular Season,2023,1,Phoenix Suns,Oklahoma City Thunder,0,0
22200989,2023-03-08 21:00:00,1610612743,1610612741,Regular Season,2023,0,Denver Nuggets,Chicago Bulls,0,0
22200991,2023-03-08 22:00:00,1610612746,1610612761,Regular Season,2023,1,Los Angeles Clippers,Toronto Raptors,0,0
22200994,2023-03-09 19:00:00,1610612753,1610612762,Regular Season,2023,0,Orlando Magic,Utah Jazz,0,0
22200993,2023-03-09 19:00:00,1610612754,1610612745,Regular Season,2023,1,Indiana Pacers,Houston Rockets,0,0
22200992,2023-03-09 19:00:00,1610612765,1610612766,Regular Season,2023,0,Detroit Pistons,Charlotte Hornets,0,0
22200996,2023-03-09 19:30:00,1610612763,1610612744,Regular Season,2023,1,Memphis Grizzlies,Golden State Warriors,0,0
22200995,2023-03-09 20:00:00,1610612749,1610612751,Regular Season,2023,1,Milwaukee Bucks,Brooklyn Nets,0,0
22200997,2023-03-09 22:00:00,1610612758,1610612752,Regular Season,2023,1,Sacramento Kings,New York Knicks,0,0
22200999,2023-03-10 19:00:00,1610612764,1610612737,Regular Season,2023,0,Washington Wizards,Atlanta Hawks,0,0
22200998,2023-03-10 19:00:00,1610612755,1610612757,Regular Season,2023,1,Philadelphia 76ers,Portland Trail Blazers,0,0
22201000,2023-03-10 20:00:00,1610612748,1610612739,Regular Season,2023,1,Miami Heat,Cleveland Cavaliers,0,0
22201002,2023-03-10 20:00:00,1610612759,1610612743,Regular Season,2023,1,San Antonio Spurs,Denver Nuggets,0,0
22201001,2023-03-10 20:00:00,1610612750,1610612751,Regular Season,2023,0,Minnesota Timberwolves,Brooklyn Nets,0,0
22201003,2023-03-10 22:30:00,1610612747,1610612761,Regular Season,2023,1,Los Angeles Lakers,Toronto Raptors,0,0
22201004,2023-03-11 16:00:00,1610612746,1610612752,Regular Season,2023,1,Los Angeles Clippers,New York Knicks,0,0
22201007,2023-03-11 19:00:00,1610612753,1610612748,Regular Season,2023,1,Orlando Magic,Miami Heat,0,0
22201006,2023-03-11 19:00:00,1610612765,1610612754,Regular Season,2023,0,Detroit Pistons,Indiana Pacers,0,0
22201005,2023-03-11 19:00:00,1610612766,1610612762,Regular Season,2023,0,Charlotte Hornets,Utah Jazz,0,0
22201008,2023-03-11 19:30:00,1610612737,1610612738,Regular Season,2023,0,Atlanta Hawks,Boston Celtics,0,0
22201010,2023-03-11 20:00:00,1610612763,1610612742,Regular Season,2023,1,Memphis Grizzlies,Dallas Mavericks,0,0
22201009,2023-03-11 20:00:00,1610612745,1610612741,Regular Season,2023,0,Houston Rockets,Chicago Bulls,0,0
22201012,2023-03-11 20:30:00,1610612744,1610612749,Regular Season,2023,1,Golden State Warriors,Milwaukee Bucks,0,0
22201011,2023-03-11 20:30:00,1610612740,1610612760,Regular Season,2023,0,New Orleans Pelicans,Oklahoma City Thunder,0,0
22201013,2023-03-11 21:00:00,1610612756,1610612758,Regular Season,2023,0,Phoenix Suns,Sacramento Kings,0,0
22201014,2023-03-12 15:30:00,1610612743,1610612751,Regular Season,2023,0,Denver Nuggets,Brooklyn Nets,0,0
22201015,2023-03-12 17:00:00,1610612766,1610612739,Regular Season,2023,0,Charlotte Hornets,Cleveland Cavaliers,0,0
22201016,2023-03-12 18:00:00,1610612755,1610612764,Regular Season,2023,1,Philadelphia 76ers,Washington Wizards,0,0
22201017,2023-03-12 19:00:00,1610612740,1610612757,Regular Season,2023,1,New Orleans Pelicans,Portland Trail Blazers,0,0
22201018,2023-03-12 19:00:00,1610612759,1610612760,Regular Season,2023,0,San Antonio Spurs,Oklahoma City Thunder,0,0
22201019,2023-03-12 21:00:00,1610612747,1610612752,Regular Season,2023,0,Los Angeles Lakers,New York Knicks,0,0
22201020,2023-03-13 19:00:00,1610612765,1610612754,Regular Season,2023,1,Detroit Pistons,Indiana Pacers,0,0
22201021,2023-03-13 19:30:00,1610612737,1610612750,Regular Season,2023,0,Atlanta Hawks,Minnesota Timberwolves,0,0
22201023,2023-03-13 19:30:00,1610612742,1610612763,Regular Season,2023,0,Dallas Mavericks,Memphis Grizzlies,0,0
22201022,2023-03-13 19:30:00,1610612748,1610612762,Regular Season,2023,1,Miami Heat,Utah Jazz,0,0
22201024,2023-03-13 20:00:00,1610612745,1610612738,Regular Season,2023,1,Houston Rockets,Boston Celtics,0,0
22201026,2023-03-13 22:00:00,1610612758,1610612749,Regular Season,2023,0,Sacramento Kings,Milwaukee Bucks,0,0
22201025,2023-03-13 22:00:00,1610612744,1610612756,Regular Season,2023,1,Golden State Warriors,Phoenix Suns,0,0
22201028,2023-03-14 19:00:00,1610612764,1610612765,Regular Season,2023,1,Washington Wizards,Detroit Pistons,0,0
22201027,2023-03-14 19:00:00,1610612766,1610612739,Regular Season,2023,0,Charlotte Hornets,Cleveland Cavaliers,0,0
22201029,2023-03-14 19:30:00,1610612761,1610612743,Regular Season,2023,1,Toronto Raptors,Denver Nuggets,0,0
22201032,2023-03-14 20:00:00,1610612759,1610612753,Regular Season,2023,1,San Antonio Spurs,Orlando Magic,0,0
22201031,2023-03-14 20:00:00,1610612760,1610612751,Regular Season,2023,1,Oklahoma City Thunder,Brooklyn Nets,0,0
22201030,2023-03-14 20:00:00,1610612740,1610612747,Regular Season,2023,0,New Orleans Pelicans,Los Angeles Lakers,0,0
22201033,2023-03-14 22:00:00,1610612756,1610612749,Regular Season,2023,0,Phoenix Suns,Milwaukee Bucks,0,0
22201034,2023-03-14 22:00:00,1610612757,1610612752,Regular Season,2023,0,Portland Trail Blazers,New York Knicks,0,0
22201036,2023-03-15 19:30:00,1610612748,1610612763,Regular Season,2023,1,Miami Heat,Memphis Grizzlies,0,0
22201035,2023-03-15 19:30:00,1610612739,1610612755,Regular Season,2023,0,Cleveland Cavaliers,Philadelphia 76ers,0,0
22201039,2023-03-15 20:00:00,1610612750,1610612738,Regular Season,2023,0,Minnesota Timberwolves,Boston Celtics,0,0
22201038,2023-03-15 20:00:00,1610612745,1610612747,Regular Season,2023,1,Houston Rockets,Los Angeles Lakers,0,0
22201037,2023-03-15 20:00:00,1610612741,1610612758,Regular Season,2023,0,Chicago Bulls,Sacramento Kings,0,0
22201040,2023-03-15 20:30:00,1610612759,1610612742,Regular Season,2023,0,San Antonio Spurs,Dallas Mavericks,0,0
22201041,2023-03-15 22:00:00,1610612746,1610612744,Regular Season,2023,1,Los Angeles Clippers,Golden State Warriors,0,0
22201042,2023-03-16 19:00:00,1610612765,1610612743,Regular Season,2023,0,Detroit Pistons,Denver Nuggets,0,0
22201044,2023-03-16 19:30:00,1610612761,1610612760,Regular Season,2023,1,Toronto Raptors,Oklahoma City Thunder,0,0
22201043,2023-03-16 19:30:00,1610612751,1610612758,Regular Season,2023,0,Brooklyn Nets,Sacramento Kings,0,0
22201045,2023-03-16 20:00:00,1610612749,1610612754,Regular Season,2023,0,Milwaukee Bucks,Indiana Pacers,0,0
22201046,2023-03-16 22:00:00,1610612756,1610612753,Regular Season,2023,1,Phoenix Suns,Orlando Magic,0,0
22201047,2023-03-17 19:00:00,1610612766,1610612755,Regular Season,2023,0,Charlotte Hornets,Philadelphia 76ers,0,0
22201048,2023-03-17 19:30:00,1610612737,1610612744,Regular Season,2023,1,Atlanta Hawks,Golden State Warriors,0,0
22201049,2023-03-17 19:30:00,1610612739,1610612764,Regular Season,2023,1,Cleveland Cavaliers,Washington Wizards,0,0
22201050,2023-03-17 20:00:00,1610612741,1610612750,Regular Season,2023,1,Chicago Bulls,Minnesota Timberwolves,0,0
22201052,2023-03-17 20:00:00,1610612759,1610612763,Regular Season,2023,0,San Antonio Spurs,Memphis Grizzlies,0,0
22201051,2023-03-17 20:00:00,1610612745,1610612740,Regular Season,2023,1,Houston Rockets,New Orleans Pelicans,0,0
22201053,2023-03-17 22:00:00,1610612757,1610612738,Regular Season,2023,0,Portland Trail Blazers,Boston Celtics,0,0
22201054,2023-03-17 22:30:00,1610612747,1610612742,Regular Season,2023,0,Los Angeles Lakers,Dallas Mavericks,0,0
22201055,2023-03-18 13:00:00,1610612752,1610612743,Regular Season,2023,1,New York Knicks,Denver Nuggets,0,0
22201056,2023-03-18 15:00:00,1610612746,1610612753,Regular Season,2023,0,Los Angeles Clippers,Orlando Magic,0,0
22201058,2023-03-18 19:00:00,1610612761,1610612750,Regular Season,2023,1,Toronto Raptors,Minnesota Timberwolves,0,0
22201057,2023-03-18 19:00:00,1610612754,1610612755,Regular Season,2023,0,Indiana Pacers,Philadelphia 76ers,0,0
22201061,2023-03-18 20:00:00,1610612763,1610612744,Regular Season,2023,1,Memphis Grizzlies,Golden State Warriors,0,0
22201060,2023-03-18 20:00:00,1610612741,1610612748,Regular Season,2023,1,Chicago Bulls,Miami Heat,0,0
22201059,2023-03-18 20:00:00,1610612764,1610612758,Regular Season,2023,0,Washington Wizards,Sacramento Kings,0,0
22201062,2023-03-18 21:00:00,1610612762,1610612738,Regular Season,2023,1,Utah Jazz,Boston Celtics,0,0
22201063,2023-03-19 15:30:00,1610612751,1610612743,Regular Season,2023,0,Brooklyn Nets,Denver Nuggets,0,0
22201064,2023-03-19 15:30:00,1610612760,1610612756,Regular Season,2023,1,Oklahoma City Thunder,Phoenix Suns,0,0
22201065,2023-03-19 16:00:00,1610612759,1610612737,Regular Season,2023,1,San Antonio Spurs,Atlanta Hawks,0,0
22201066,2023-03-19 18:00:00,1610612765,1610612748,Regular Season,2023,0,Detroit Pistons,Miami Heat,0,0
22201067,2023-03-19 19:00:00,1610612745,1610612740,Regular Season,2023,0,Houston Rockets,New Orleans Pelicans,0,0
22201068,2023-03-19 20:00:00,1610612749,1610612761,Regular Season,2023,1,Milwaukee Bucks,Toronto Raptors,0,0
22201069,2023-03-19 21:00:00,1610612757,1610612746,Regular Season,2023,0,Portland Trail Blazers,Los Angeles Clippers,0,0
22201070,2023-03-19 21:30:00,1610612747,1610612753,Regular Season,2023,1,Los Angeles Lakers,Orlando Magic,0,0
22201072,2023-03-20 19:00:00,1610612755,1610612741,Regular Season,2023,0,Philadelphia 76ers,Chicago Bulls,0,0
22201071,2023-03-20 19:00:00,1610612766,1610612754,Regular Season,2023,1,Charlotte Hornets,Indiana Pacers,0,0
22201073,2023-03-20 19:30:00,1610612752,1610612750,Regular Season,2023,0,New York Knicks,Minnesota Timberwolves,0,0
22201075,2023-03-20 20:00:00,1610612763,1610612742,Regular Season,2023,1,Memphis Grizzlies,Dallas Mavericks,0,0
22201074,2023-03-20 20:00:00,1610612745,1610612744,Regular Season,2023,0,Houston Rockets,Golden State Warriors,0,0
22201076,2023-03-20 21:00:00,1610612762,1610612758,Regular Season,2023,1,Utah Jazz,Sacramento Kings,0,0
22201077,2023-03-21 19:00:00,1610612753,1610612764,Regular Season,2023,1,Orlando Magic,Washington Wizards,0,0
22201078,2023-03-21 19:30:00,1610612737,1610612765,Regular Season,2023,1,Atlanta Hawks,Detroit Pistons,0,0
22201079,2023-03-21 19:30:00,1610612751,1610612739,Regular Season,2023,0,Brooklyn Nets,Cleveland Cavaliers,0,0
22201080,2023-03-21 20:00:00,1610612740,1610612759,Regular Season,2023,1,New Orleans Pelicans,San Antonio Spurs,0,0
22201081,2023-03-21 22:00:00,1610612758,1610612738,Regular Season,2023,0,Sacramento Kings,Boston Celtics,0,0
22201082,2023-03-21 22:30:00,1610612746,1610612760,Regular Season,2023,0,Los Angeles Clippers,Oklahoma City Thunder,0,0
22201083,2023-03-22 19:00:00,1610612764,1610612743,Regular Season,2023,0,Washington Wizards,Denver Nuggets,0,0
22201084,2023-03-22 19:30:00,1610612748,1610612752,Regular Season,2023,1,Miami Heat,New York Knicks,0,0
22201086,2023-03-22 19:30:00,1610612742,1610612744,Regular Season,2023,0,Dallas Mavericks,Golden State Warriors,0,0
22201085,2023-03-22 19:30:00,1610612761,1610612754,Regular Season,2023,0,Toronto Raptors,Indiana Pacers,0,0
22201090,2023-03-22 20:00:00,1610612750,1610612737,Regular Season,2023,1,Minnesota Timberwolves,Atlanta Hawks,0,0
22201089,2023-03-22 20:00:00,1610612749,1610612759,Regular Season,2023,1,Milwaukee Bucks,San Antonio Spurs,0,0
22201088,2023-03-22 20:00:00,1610612763,1610612745,Regular Season,2023,1,Memphis Grizzlies,Houston Rockets,0,0
22201087,2023-03-22 20:00:00,1610612741,1610612755,Regular Season,2023,0,Chicago Bulls,Philadelphia 76ers,0,0
22201091,2023-03-22 21:00:00,1610612762,1610612757,Regular Season,2023,0,Utah Jazz,Portland Trail Blazers,0,0
22201092,2023-03-22 22:00:00,1610612747,1610612756,Regular Season,2023,1,Los Angeles Lakers,Phoenix Suns,0,0
22201093,2023-03-23 19:00:00,1610612753,1610612752,Regular Season,2023,1,Orlando Magic,New York Knicks,0,0
22201094,2023-03-23 19:30:00,1610612751,1610612739,Regular Season,2023,0,Brooklyn Nets,Cleveland Cavaliers,0,0
22201095,2023-03-23 20:00:00,1610612740,1610612766,Regular Season,2023,1,New Orleans Pelicans,Charlotte Hornets,0,0
22201096,2023-03-23 22:30:00,1610612746,1610612760,Regular Season,2023,1,Los Angeles Clippers,Oklahoma City Thunder,0,0
22201097,2023-03-24 19:00:00,1610612738,1610612754,Regular Season,2023,1,Boston Celtics,Indiana Pacers,0,0
22201098,2023-03-24 19:00:00,1610612764,1610612759,Regular Season,2023,1,Washington Wizards,San Antonio Spurs,0,0
22201099,2023-03-24 19:30:00,1610612761,1610612765,Regular Season,2023,1,Toronto Raptors,Detroit Pistons,0,0
22201100,2023-03-24 20:00:00,1610612763,1610612745,Regular Season,2023,1,Memphis Grizzlies,Houston Rockets,0,0
22201101,2023-03-24 20:30:00,1610612742,1610612766,Regular Season,2023,0,Dallas Mavericks,Charlotte Hornets,0,0
22201102,2023-03-24 21:00:00,1610612762,1610612749,Regular Season,2023,0,Utah Jazz,Milwaukee Bucks,0,0
22201105,2023-03-24 22:00:00,1610612758,1610612756,Regular Season,2023,1,Sacramento Kings,Phoenix Suns,0,0
22201104,2023-03-24 22:00:00,1610612757,1610612741,Regular Season,2023,0,Portland Trail Blazers,Chicago Bulls,0,0
22201103,2023-03-24 22:00:00,1610612744,1610612755,Regular Season,2023,1,Golden State Warriors,Philadelphia 76ers,0,0
22201106,2023-03-24 22:30:00,1610612747,1610612760,Regular Season,2023,1,Los Angeles Lakers,Oklahoma City Thunder,0,0
22201107,2023-03-25 17:00:00,1610612737,1610612754,Regular Season,2023,1,Atlanta Hawks,Indiana Pacers,0,0
22201108,2023-03-25 20:00:00,1610612748,1610612751,Regular Season,2023,0,Miami Heat,Brooklyn Nets,0,0
22201109,2023-03-25 21:00:00,1610612743,1610612749,Regular Season,2023,1,Denver Nuggets,Milwaukee Bucks,0,0
22201110,2023-03-25 22:00:00,1610612756,1610612755,Regular Season,2023,1,Phoenix Suns,Philadelphia 76ers,0,0
22201111,2023-03-25 22:00:00,1610612758,1610612762,Regular Season,2023,1,Sacramento Kings,Utah Jazz,0,0
22201112,2023-03-25 22:30:00,1610612746,1610612740,Regular Season,2023,0,Los Angeles Clippers,New Orleans Pelicans,0,0
22201113,2023-03-26 13:00:00,1610612766,1610612742,Regular Season,2023,1,Charlotte Hornets,Dallas Mavericks,0,0
22201114,2023-03-26 15:30:00,1610612747,1610612741,Regular Season,2023,0,Los Angeles Lakers,Chicago Bulls,0,0
22201119,2023-03-26 18:00:00,1610612761,1610612764,Regular Season,2023,1,Toronto Raptors,Washington Wizards,0,0
22201118,2023-03-26 18:00:00,1610612753,1610612751,Regular Season,2023,1,Orlando Magic,Brooklyn Nets,0,0
22201117,2023-03-26 18:00:00,1610612739,1610612745,Regular Season,2023,1,Cleveland Cavaliers,Houston Rockets,0,0
22201116,2023-03-26 18:00:00,1610612738,1610612759,Regular Season,2023,1,Boston Celtics,San Antonio Spurs,0,0
22201115,2023-03-26 18:00:00,1610612737,1610612763,Regular Season,2023,0,Atlanta Hawks,Memphis Grizzlies,0,0
22201120,2023-03-26 19:00:00,1610612757,1610612760,Regular Season,2023,0,Portland Trail Blazers,Oklahoma City Thunder,0,0
22201121,2023-03-26 20:30:00,1610612744,1610612750,Regular Season,2023,0,Golden State Warriors,Minnesota Timberwolves,0,0
22201123,2023-03-27 19:00:00,1610612754,1610612742,Regular Season,2023,0,Indiana Pacers,Dallas Mavericks,0,0
22201122,2023-03-27 19:00:00,1610612765,1610612749,Regular Season,2023,0,Detroit Pistons,Milwaukee Bucks,0,0
22201124,2023-03-27 19:30:00,1610612752,1610612745,Regular Season,2023,1,New York Knicks,Houston Rockets,0,0
22201125,2023-03-27 21:00:00,1610612762,1610612756,Regular Season,2023,0,Utah Jazz,Phoenix Suns,0,0
22201126,2023-03-27 21:30:00,1610612743,1610612755,Regular Season,2023,1,Denver Nuggets,Philadelphia 76ers,0,0
22201127,2023-03-27 22:00:00,1610612757,1610612740,Regular Season,2023,0,Portland Trail Blazers,New Orleans Pelicans,0,0
22201128,2023-03-27 22:00:00,1610612758,1610612750,Regular Season,2023,0,Sacramento Kings,Minnesota Timberwolves,0,0
22201129,2023-03-27 22:30:00,1610612746,1610612741,Regular Season,2023,1,Los Angeles Clippers,Chicago Bulls,0,0
22201130,2023-03-28 19:00:00,1610612764,1610612738,Regular Season,2023,1,Washington Wizards,Boston Celtics,0,0
22201132,2023-03-28 19:30:00,1610612761,1610612748,Regular Season,2023,1,Toronto Raptors,Miami Heat,0,0
22201131,2023-03-28 19:30:00,1610612737,1610612739,Regular Season,2023,1,Atlanta Hawks,Cleveland Cavaliers,0,0
22201134,2023-03-28 20:00:00,1610612760,1610612766,Regular Season,2023,0,Oklahoma City Thunder,Charlotte Hornets,0,0
22201133,2023-03-28 20:00:00,1610612763,1610612753,Regular Season,2023,1,Memphis Grizzlies,Orlando Magic,0,0
22201135,2023-03-28 22:00:00,1610612744,1610612740,Regular Season,2023,1,Golden State Warriors,New Orleans Pelicans,0,0
22201136,2023-03-29 19:00:00,1610612754,1610612749,Regular Season,2023,0,Indiana Pacers,Milwaukee Bucks,0,0
22201139,2023-03-29 19:30:00,1610612755,1610612742,Regular Season,2023,1,Philadelphia 76ers,Dallas Mavericks,0,0
22201138,2023-03-29 19:30:00,1610612752,1610612748,Regular Season,2023,1,New York Knicks,Miami Heat,0,0
22201137,2023-03-29 19:30:00,1610612751,1610612745,Regular Season,2023,1,Brooklyn Nets,Houston Rockets,0,0
22201140,2023-03-29 20:00:00,1610612741,1610612747,Regular Season,2023,0,Chicago Bulls,Los Angeles Lakers,0,0
22201141,2023-03-29 20:00:00,1610612763,1610612746,Regular Season,2023,0,Memphis Grizzlies,Los Angeles Clippers,0,0
22201143,2023-03-29 20:00:00,1610612759,1610612762,Regular Season,2023,0,San Antonio Spurs,Utah Jazz,0,0
22201142,2023-03-29 20:00:00,1610612760,1610612765,Regular Season,2023,1,Oklahoma City Thunder,Detroit Pistons,0,0
22201144,2023-03-29 22:00:00,1610612756,1610612750,Regular Season,2023,1,Phoenix Suns,Minnesota Timberwolves,0,0
22201145,2023-03-29 22:00:00,1610612757,1610612758,Regular Season,2023,0,Portland Trail Blazers,Sacramento Kings,0,0
22201146,2023-03-30 19:30:00,1610612749,1610612738,Regular Season,2023,0,Milwaukee Bucks,Boston Celtics,0,0
22201147,2023-03-30 22:00:00,1610612743,1610612740,Regular Season,2023,0,Denver Nuggets,New Orleans Pelicans,0,0
22201151,2023-03-31 19:00:00,1610612764,1610612753,Regular Season,2023,0,Washington Wizards,Orlando Magic,0,0
22201150,2023-03-31 19:00:00,1610612755,1610612761,Regular Season,2023,1,Philadelphia 76ers,Toronto Raptors,0,0
22201149,2023-03-31 19:00:00,1610612754,1610612760,Regular Season,2023,1,Indiana Pacers,Oklahoma City Thunder,0,0
22201148,2023-03-31 19:00:00,1610612766,1610612741,Regular Season,2023,0,Charlotte Hornets,Chicago Bulls,0,0
22201154,2023-03-31 19:30:00,1610612739,1610612752,Regular Season,2023,0,Cleveland Cavaliers,New York Knicks,0,0
22201153,2023-03-31 19:30:00,1610612751,1610612737,Regular Season,2023,1,Brooklyn Nets,Atlanta Hawks,0,0
22201152,2023-03-31 19:30:00,1610612738,1610612762,Regular Season,2023,1,Boston Celtics,Utah Jazz,0,0
22201157,2023-03-31 20:00:00,1610612750,1610612747,Regular Season,2023,0,Minnesota Timberwolves,Los Angeles Lakers,0,0
22201156,2023-03-31 20:00:00,1610612763,1610612746,Regular Season,2023,1,Memphis Grizzlies,Los Angeles Clippers,0,0
22201155,2023-03-31 20:00:00,1610612745,1610612765,Regular Season,2023,1,Houston Rockets,Detroit Pistons,0,0
22201158,2023-03-31 22:00:00,1610612744,1610612759,Regular Season,2023,1,Golden State Warriors,San Antonio Spurs,0,0
22201159,2023-03-31 22:00:00,1610612757,1610612758,Regular Season,2023,0,Portland Trail Blazers,Sacramento Kings,0,0
22201160,2023-03-31 22:30:00,1610612756,1610612743,Regular Season,2023,1,Phoenix Suns,Denver Nuggets,0,0
22201161,2023-04-01 19:30:00,1610612748,1610612742,Regular Season,2023,1,Miami Heat,Dallas Mavericks,0,0
22201162,2023-04-01 20:30:00,1610612740,1610612746,Regular Season,2023,1,New Orleans Pelicans,Los Angeles Clippers,0,0
22201163,2023-04-02 13:00:00,1610612766,1610612761,Regular Season,2023,0,Charlotte Hornets,Toronto Raptors,0,0
22201166,2023-04-02 15:30:00,1610612750,1610612757,Regular Season,2023,0,Minnesota Timberwolves,Portland Trail Blazers,0,0
22201165,2023-04-02 15:30:00,1610612741,1610612763,Regular Season,2023,1,Chicago Bulls,Memphis Grizzlies,0,0
22201164,2023-04-02 15:30:00,1610612751,1610612762,Regular Season,2023,1,Brooklyn Nets,Utah Jazz,0,0
22201170,2023-04-02 18:00:00,1610612758,1610612759,Regular Season,2023,0,Sacramento Kings,San Antonio Spurs,0,0
22201169,2023-04-02 18:00:00,1610612753,1610612765,Regular Season,2023,1,Orlando Magic,Detroit Pistons,0,0
22201168,2023-04-02 18:00:00,1610612752,1610612764,Regular Season,2023,1,New York Knicks,Washington Wizards,0,0
22201167,2023-04-02 18:00:00,1610612737,1610612742,Regular Season,2023,1,Atlanta Hawks,Dallas Mavericks,0,0
22201172,2023-04-02 19:00:00,1610612760,1610612756,Regular Season,2023,0,Oklahoma City Thunder,Phoenix Suns,0,0
22201171,2023-04-02 19:00:00,1610612745,1610612747,Regular Season,2023,0,Houston Rockets,Los Angeles Lakers,0,0
22201173,2023-04-02 20:00:00,1610612739,1610612754,Regular Season,2023,1,Cleveland Cavaliers,Indiana Pacers,0,0
22201174,2023-04-02 20:00:00,1610612749,1610612755,Regular Season,2023,1,Milwaukee Bucks,Philadelphia 76ers,0,0
22201175,2023-04-02 20:30:00,1610612743,1610612744,Regular Season,2023,1,Denver Nuggets,Golden State Warriors,0,0
22201178,2023-04-04 19:00:00,1610612753,1610612739,Regular Season,2023,0,Orlando Magic,Cleveland Cavaliers,0,0
22201177,2023-04-04 19:00:00,1610612765,1610612748,Regular Season,2023,0,Detroit Pistons,Miami Heat,0,0
22201176,2023-04-04 19:00:00,1610612766,1610612761,Regular Season,2023,0,Charlotte Hornets,Toronto Raptors,0,0
22201179,2023-04-04 19:00:00,1610612764,1610612749,Regular Season,2023,0,Washington Wizards,Milwaukee Bucks,0,0
22201180,2023-04-04 19:30:00,1610612751,1610612750,Regular Season,2023,0,Brooklyn Nets,Minnesota Timberwolves,0,0
22201185,2023-04-04 20:00:00,1610612740,1610612758,Regular Season,2023,0,New Orleans Pelicans,Sacramento Kings,0,0
22201184,2023-04-04 20:00:00,1610612763,1610612757,Regular Season,2023,1,Memphis Grizzlies,Portland Trail Blazers,0,0
22201183,2023-04-04 20:00:00,1610612745,1610612743,Regular Season,2023,1,Houston Rockets,Denver Nuggets,0,0
22201182,2023-04-04 20:00:00,1610612741,1610612737,Regular Season,2023,0,Chicago Bulls,Atlanta Hawks,0,0
22201181,2023-04-04 20:00:00,1610612755,1610612738,Regular Season,2023,1,Philadelphia 76ers,Boston Celtics,0,0
22201186,2023-04-04 21:00:00,1610612762,1610612747,Regular Season,2023,0,Utah Jazz,Los Angeles Lakers,0,0
22201188,2023-04-04 22:00:00,1610612756,1610612759,Regular Season,2023,1,Phoenix Suns,San Antonio Spurs,0,0
22201187,2023-04-04 22:00:00,1610612744,1610612760,Regular Season,2023,1,Golden State Warriors,Oklahoma City Thunder,0,0
22201189,2023-04-05 19:00:00,1610612765,1610612751,Regular Season,2023,0,Detroit Pistons,Brooklyn Nets,0,0
22201190,2023-04-05 19:00:00,1610612754,1610612752,Regular Season,2023,0,Indiana Pacers,New York Knicks,0,0
22201193,2023-04-05 19:30:00,1610612749,1610612741,Regular Season,2023,1,Milwaukee Bucks,Chicago Bulls,0,0
22201192,2023-04-05 19:30:00,1610612738,1610612761,Regular Season,2023,1,Boston Celtics,Toronto Raptors,0,0
22201191,2023-04-05 19:30:00,1610612737,1610612764,Regular Season,2023,1,Atlanta Hawks,Washington Wizards,0,0
22201194,2023-04-05 20:00:00,1610612740,1610612763,Regular Season,2023,1,New Orleans Pelicans,Memphis Grizzlies,0,0
22201195,2023-04-05 20:30:00,1610612742,1610612758,Regular Season,2023,1,Dallas Mavericks,Sacramento Kings,0,0
22201196,2023-04-05 22:00:00,1610612746,1610612747,Regular Season,2023,1,Los Angeles Clippers,Los Angeles Lakers,0,0
22201197,2023-04-06 19:00:00,1610612753,1610612739,Regular Season,2023,0,Orlando Magic,Cleveland Cavaliers,0,0
22201198,2023-04-06 19:30:00,1610612755,1610612748,Regular Season,2023,0,Philadelphia 76ers,Miami Heat,0,0
22201199,2023-04-06 20:00:00,1610612759,1610612757,Regular Season,2023,1,San Antonio Spurs,Portland Trail Blazers,0,0
22201200,2023-04-06 21:00:00,1610612762,1610612760,Regular Season,2023,0,Utah Jazz,Oklahoma City Thunder,0,0
22201201,2023-04-06 22:00:00,1610612756,1610612743,Regular Season,2023,1,Phoenix Suns,Denver Nuggets,0,0
22201202,2023-04-07 19:00:00,1610612766,1610612745,Regular Season,2023,0,Charlotte Hornets,Houston Rockets,0,0
22201203,2023-04-07 19:00:00,1610612754,1610612765,Regular Season,2023,0,Indiana Pacers,Detroit Pistons,0,0
22201204,2023-04-07 19:00:00,1610612764,1610612748,Regular Season,2023,1,Washington Wizards,Miami Heat,0,0
22201205,2023-04-07 19:30:00,1610612737,1610612755,Regular Season,2023,0,Atlanta Hawks,Philadelphia 76ers,0,0
22201207,2023-04-07 19:30:00,1610612751,1610612753,Regular Season,2023,1,Brooklyn Nets,Orlando Magic,0,0
22201206,2023-04-07 19:30:00,1610612738,1610612761,Regular Season,2023,1,Boston Celtics,Toronto Raptors,0,0
22201209,2023-04-07 20:00:00,1610612740,1610612752,Regular Season,2023,1,New Orleans Pelicans,New York Knicks,0,0
22201208,2023-04-07 20:00:00,1610612749,1610612763,Regular Season,2023,0,Milwaukee Bucks,Memphis Grizzlies,0,0
22201210,2023-04-07 20:30:00,1610612742,1610612741,Regular Season,2023,0,Dallas Mavericks,Chicago Bulls,0,0
22201211,2023-04-07 22:00:00,1610612758,1610612744,Regular Season,2023,0,Sacramento Kings,Golden State Warriors,0,0
22201212,2023-04-07 22:30:00,1610612747,1610612756,Regular Season,2023,1,Los Angeles Lakers,Phoenix Suns,0,0
22201213,2023-04-08 15:30:00,1610612762,1610612743,Regular Season,2023,1,Utah Jazz,Denver Nuggets,0,0
22201215,2023-04-08 16:00:00,1610612746,1610612757,Regular Season,2023,1,Los Angeles Clippers,Portland Trail Blazers,0,0
22201214,2023-04-08 16:00:00,1610612759,1610612750,Regular Season,2023,0,San Antonio Spurs,Minnesota Timberwolves,0,0
22201223,2023-04-09 13:00:00,1610612741,1610612765,Regular Season,2023,1,Chicago Bulls,Detroit Pistons,0,0
22201222,2023-04-09 13:00:00,1610612764,1610612745,Regular Season,2023,0,Washington Wizards,Houston Rockets,0,0
22201221,2023-04-09 13:00:00,1610612761,1610612749,Regular Season,2023,1,Toronto Raptors,Milwaukee Bucks,0,0
22201220,2023-04-09 13:00:00,1610612752,1610612754,Regular Season,2023,0,New York Knicks,Indiana Pacers,0,0
22201219,2023-04-09 13:00:00,1610612748,1610612753,Regular Season,2023,1,Miami Heat,Orlando Magic,0,0
22201218,2023-04-09 13:00:00,1610612739,1610612766,Regular Season,2023,0,Cleveland Cavaliers,Charlotte Hornets,0,0
22201217,2023-04-09 13:00:00,1610612751,1610612755,Regular Season,2023,0,Brooklyn Nets,Philadelphia 76ers,0,0
22201216,2023-04-09 13:00:00,1610612738,1610612737,Regular Season,2023,1,Boston Celtics,Atlanta Hawks,0,0
22201224,2023-04-09 15:30:00,1610612742,1610612759,Regular Season,2023,0,Dallas Mavericks,San Antonio Spurs,0,0
22201225,2023-04-09 15:30:00,1610612750,1610612740,Regular Season,2023,1,Minnesota Timberwolves,New Orleans Pelicans,0,0
22201226,2023-04-09 15:30:00,1610612760,1610612763,Regular Season,2023,1,Oklahoma City Thunder,Memphis Grizzlies,0,0
22201228,2023-04-09 15:30:00,1610612747,1610612762,Regular Season,2023,1,Los Angeles Lakers,Utah Jazz,0,0
22201230,2023-04-09 15:30:00,1610612757,1610612744,Regular Season,2023,0,Portland Trail Blazers,Golden State Warriors,0,0
22201227,2023-04-09 15:30:00,1610612743,1610612758,Regular Season,2023,1,Denver Nuggets,Sacramento Kings,0,0
22201229,2023-04-09 15:30:00,1610612756,1610612746,Regular Season,2023,0,Phoenix Suns,Los Angeles Clippers,0,0
52200101,2023-04-11 19:30:00,1610612748,1610612737,Play-in Tournament,2023,0,Miami Heat,Atlanta Hawks,1,0
52200121,2023-04-11 22:00:00,1610612747,1610612750,Play-in Tournament,2023,1,Los Angeles Lakers,Minnesota Timberwolves,1,0
52200111,2023-04-12 19:00:00,1610612761,1610612741,Play-in Tournament,2023,0,Toronto Raptors,Chicago Bulls,1,0
52200131,2023-04-12 21:30:00,1610612740,1610612760,Play-in Tournament,2023,0,New Orleans Pelicans,Oklahoma City Thunder,1,0
52200201,2023-04-14 19:00:00,1610612748,1610612741,Play-in Tournament,2023,1,Miami Heat,Chicago Bulls,1,0
52200211,2023-04-14 21:30:00,1610612750,1610612760,Play-in Tournament,2023,1,Minnesota Timberwolves,Oklahoma City Thunder,1,0
42200121,2023-04-15 13:00:00,1610612755,1610612751,Playoffs,2023,1,Philadelphia 76ers,Brooklyn Nets,1,0
42200111,2023-04-15 15:30:00,1610612738,1610612737,Playoffs,2023,1,Boston Celtics,Atlanta Hawks,1,0
42200131,2023-04-15 18:00:00,1610612739,1610612752,Playoffs,2023,0,Cleveland Cavaliers,New York Knicks,1,0
42200161,2023-04-15 20:30:00,1610612758,1610612744,Playoffs,2023,1,Sacramento Kings,Golden State Warriors,1,0
42200151,2023-04-16 15:00:00,1610612763,1610612747,Playoffs,2023,0,Memphis Grizzlies,Los Angeles Lakers,1,0
42200101,2023-04-16 17:30:00,1610612749,1610612748,Playoffs,2023,0,Milwaukee Bucks,Miami Heat,1,0
42200171,2023-04-16 20:00:00,1610612756,1610612746,Playoffs,2023,0,Phoenix Suns,Los Angeles Clippers,1,0
42200141,2023-04-16 22:30:00,1610612743,1610612750,Playoffs,2023,1,Denver Nuggets,Minnesota Timberwolves,1,0
42200122,2023-04-17 19:30:00,1610612755,1610612751,Playoffs,2023,1,Philadelphia 76ers,Brooklyn Nets,1,0
42200162,2023-04-17 22:00:00,1610612758,1610612744,Playoffs,2023,1,Sacramento Kings,Golden State Warriors,1,0
42200112,2023-04-18 19:00:00,1610612738,1610612737,Playoffs,2023,1,Boston Celtics,Atlanta Hawks,1,0
42200132,2023-04-18 19:30:00,1610612739,1610612752,Playoffs,2023,1,Cleveland Cavaliers,New York Knicks,1,0
42200172,2023-04-18 22:00:00,1610612756,1610612746,Playoffs,2023,1,Phoenix Suns,Los Angeles Clippers,1,0
42200152,2023-04-19 19:30:00,1610612763,1610612747,Playoffs,2023,1,Memphis Grizzlies,Los Angeles Lakers,1,0
42200102,2023-04-19 21:00:00,1610612749,1610612748,Playoffs,2023,1,Milwaukee Bucks,Miami Heat,1,0
42200142,2023-04-19 22:00:00,1610612743,1610612750,Playoffs,2023,1,Denver Nuggets,Minnesota Timberwolves,1,0
42200123,2023-04-20 19:30:00,1610612751,1610612755,Playoffs,2023,0,Brooklyn Nets,Philadelphia 76ers,1,0
42200163,2023-04-20 22:00:00,1610612744,1610612758,Playoffs,2023,1,Golden State Warriors,Sacramento Kings,1,0
42200173,2023-04-20 22:30:00,1610612746,1610612756,Playoffs,2023,0,Los Angeles Clippers,Phoenix Suns,1,0
42200113,2023-04-21 19:00:00,1610612737,1610612738,Playoffs,2023,1,Atlanta Hawks,Boston Celtics,1,0
42200133,2023-04-21 20:30:00,1610612752,1610612739,Playoffs,2023,1,New York Knicks,Cleveland Cavaliers,1,0
42200143,2023-04-21 21:30:00,1610612750,1610612743,Playoffs,2023,0,Minnesota Timberwolves,Denver Nuggets,1,0
42200124,2023-04-22 13:00:00,1610612751,1610612755,Playoffs,2023,0,Brooklyn Nets,Philadelphia 76ers,1,0
42200174,2023-04-22 15:30:00,1610612746,1610612756,Playoffs,2023,0,Los Angeles Clippers,Phoenix Suns,1,0
42200103,2023-04-22 19:30:00,1610612748,1610612749,Playoffs,2023,1,Miami Heat,Milwaukee Bucks,1,0
42200153,2023-04-22 22:00:00,1610612747,1610612763,Playoffs,2023,1,Los Angeles Lakers,Memphis Grizzlies,1,0
42200134,2023-04-23 13:00:00,1610612752,1610612739,Playoffs,2023,1,New York Knicks,Cleveland Cavaliers,1,0
42200164,2023-04-23 15:30:00,1610612744,1610612758,Playoffs,2023,1,Golden State Warriors,Sacramento Kings,1,0
42200114,2023-04-23 19:00:00,1610612737,1610612738,Playoffs,2023,0,Atlanta Hawks,Boston Celtics,1,0
42200144,2023-04-23 21:30:00,1610612750,1610612743,Playoffs,2023,1,Minnesota Timberwolves,Denver Nuggets,1,0
42200104,2023-04-24 19:30:00,1610612748,1610612749,Playoffs,2023,1,Miami Heat,Milwaukee Bucks,1,0
42200154,2023-04-24 22:00:00,1610612747,1610612763,Playoffs,2023,1,Los Angeles Lakers,Memphis Grizzlies,1,0
42200115,2023-04-25 19:30:00,1610612738,1610612737,Playoffs,2023,0,Boston Celtics,Atlanta Hawks,1,0
42200145,2023-04-25 21:00:00,1610612743,1610612750,Playoffs,2023,1,Denver Nuggets,Minnesota Timberwolves,1,0
42200175,2023-04-25 22:00:00,1610612756,1610612746,Playoffs,2023,1,Phoenix Suns,Los Angeles Clippers,1,0
42200135,2023-04-26 19:00:00,1610612739,1610612752,Playoffs,2023,0,Cleveland Cavaliers,New York Knicks,1,0
42200155,2023-04-26 19:30:00,1610612763,1610612747,Playoffs,2023,1,Memphis Grizzlies,Los Angeles Lakers,1,0
42200105,2023-04-26 21:30:00,1610612749,1610612748,Playoffs,2023,0,Milwaukee Bucks,Miami Heat,1,0
42200165,2023-04-26 22:00:00,1610612758,1610612744,Playoffs,2023,0,Sacramento Kings,Golden State Warriors,1,0
42200116,2023-04-27 20:30:00,1610612737,1610612738,Playoffs,2023,0,Atlanta Hawks,Boston Celtics,1,0
42200166,2023-04-28 20:00:00,1610612744,1610612758,Playoffs,2023,0,Golden State Warriors,Sacramento Kings,1,0
42200156,2023-04-28 22:30:00,1610612747,1610612763,Playoffs,2023,1,Los Angeles Lakers,Memphis Grizzlies,1,0
42200221,2023-04-29 20:30:00,1610612743,1610612756,Playoffs,2023,1,Denver Nuggets,Phoenix Suns,1,0
42200201,2023-04-30 13:00:00,1610612752,1610612748,Playoffs,2023,0,New York Knicks,Miami Heat,1,0
42200167,2023-04-30 15:30:00,1610612758,1610612744,Playoffs,2023,0,Sacramento Kings,Golden State Warriors,1,0
42200211,2023-05-01 19:30:00,1610612738,1610612755,Playoffs,2023,0,Boston Celtics,Philadelphia 76ers,1,0
42200222,2023-05-01 22:00:00,1610612743,1610612756,Playoffs,2023,1,Denver Nuggets,Phoenix Suns,1,0
42200202,2023-05-02 19:30:00,1610612752,1610612748,Playoffs,2023,1,New York Knicks,Miami Heat,1,0
42200231,2023-05-02 22:00:00,1610612744,1610612747,Playoffs,2023,0,Golden State Warriors,Los Angeles Lakers,1,0
42200212,2023-05-03 20:00:00,1610612738,1610612755,Playoffs,2023,1,Boston Celtics,Philadelphia 76ers,1,0
42200232,2023-05-04 21:00:00,1610612744,1610612747,Playoffs,2023,1,Golden State Warriors,Los Angeles Lakers,1,0
42200213,2023-05-05 19:30:00,1610612755,1610612738,Playoffs,2023,0,Philadelphia 76ers,Boston Celtics,1,0
42200223,2023-05-05 22:00:00,1610612756,1610612743,Playoffs,2023,1,Phoenix Suns,Denver Nuggets,1,0
42200203,2023-05-06 15:30:00,1610612748,1610612752,Playoffs,2023,1,Miami Heat,New York Knicks,1,0
42200233,2023-05-06 20:30:00,1610612747,1610612744,Playoffs,2023,1,Los Angeles Lakers,Golden State Warriors,1,0
42200214,2023-05-07 15:30:00,1610612755,1610612738,Playoffs,2023,1,Philadelphia 76ers,Boston Celtics,1,0
42200224,2023-05-07 20:00:00,1610612756,1610612743,Playoffs,2023,1,Phoenix Suns,Denver Nuggets,1,0
42200204,2023-05-08 19:30:00,1610612748,1610612752,Playoffs,2023,1,Miami Heat,New York Knicks,1,0
42200234,2023-05-08 22:00:00,1610612747,1610612744,Playoffs,2023,1,Los Angeles Lakers,Golden State Warriors,1,0
42200215,2023-05-09 19:30:00,1610612738,1610612755,Playoffs,2023,0,Boston Celtics,Philadelphia 76ers,1,0
42200225,2023-05-09 22:00:00,1610612743,1610612756,Playoffs,2023,1,Denver Nuggets,Phoenix Suns,1,0
42200205,2023-05-10 19:30:00,1610612752,1610612748,Playoffs,2023,1,New York Knicks,Miami Heat,1,0
42200235,2023-05-10 22:00:00,1610612744,1610612747,Playoffs,2023,1,Golden State Warriors,Los Angeles Lakers,1,0
42200216,2023-05-11 19:30:00,1610612755,1610612738,Playoffs,2023,0,Philadelphia 76ers,Boston Celtics,1,0
42200226,2023-05-11 22:00:00,1610612756,1610612743,Playoffs,2023,0,Phoenix Suns,Denver Nuggets,1,0
42200206,2023-05-12 19:30:00,1610612748,1610612752,Playoffs,2023,1,Miami Heat,New York Knicks,1,0
42200236,2023-05-12 22:00:00,1610612747,1610612744,Playoffs,2023,1,Los Angeles Lakers,Golden State Warriors,1,0
42200217,2023-05-14 15:30:00,1610612738,1610612755,Playoffs,2023,1,Boston Celtics,Philadelphia 76ers,1,0
42200311,2023-05-16 20:30:00,1610612743,1610612747,Playoffs,2023,1,Denver Nuggets,Los Angeles Lakers,1,0
42200301,2023-05-17 20:30:00,1610612738,1610612748,Playoffs,2023,0,Boston Celtics,Miami Heat,1,0
42200312,2023-05-18 20:30:00,1610612743,1610612747,Playoffs,2023,1,Denver Nuggets,Los Angeles Lakers,1,0
42200302,2023-05-19 20:30:00,1610612738,1610612748,Playoffs,2023,0,Boston Celtics,Miami Heat,1,0
42200313,2023-05-20 20:30:00,1610612747,1610612743,Playoffs,2023,0,Los Angeles Lakers,Denver Nuggets,1,0
42200303,2023-05-21 20:30:00,1610612748,1610612738,Playoffs,2023,1,Miami Heat,Boston Celtics,1,0
42200314,2023-05-22 20:30:00,1610612747,1610612743,Playoffs,2023,0,Los Angeles Lakers,Denver Nuggets,1,0
42200304,2023-05-23 20:30:00,1610612748,1610612738,Playoffs,2023,0,Miami Heat,Boston Celtics,1,0
42200305,2023-05-25 20:30:00,1610612738,1610612748,Playoffs,2023,1,Boston Celtics,Miami Heat,1,0
42200306,2023-05-27 20:30:00,1610612748,1610612738,Playoffs,2023,0,Miami Heat,Boston Celtics,1,0
42200307,2023-05-29 20:30:00,1610612738,1610612748,Playoffs,2023,0,Boston Celtics,Miami Heat,1,0
42200401,2023-06-01 20:30:00,1610612743,1610612748,Playoffs,2023,1,Denver Nuggets,Miami Heat,1,0
42200402,2023-06-04 20:00:00,1610612743,1610612748,Playoffs,2023,0,Denver Nuggets,Miami Heat,1,0
42200403,2023-06-07 20:30:00,1610612748,1610612743,Playoffs,2023,0,Miami Heat,Denver Nuggets,1,0
42200404,2023-06-09 20:30:00,1610612748,1610612743,Playoffs,2023,0,Miami Heat,Denver Nuggets,1,0
42200405,2023-06-12 20:30:00,1610612743,1610612748,Playoffs,2023,1,Denver Nuggets,Miami Heat,1,0
12300001,2023-10-05 12:00:00,1610612750,1610612742,Preseason,2023,1,Minnesota Timberwolves,Dallas Mavericks,1,0
12300002,2023-10-07 12:00:00,1610612742,1610612750,Preseason,2023,0,Dallas Mavericks,Minnesota Timberwolves,1,0
12300003,2023-10-07 20:30:00,1610612744,1610612747,Preseason,2023,1,Golden State Warriors,Los Angeles Lakers,1,0
12300004,2023-10-08 13:00:00,1610612749,1610612741,Preseason,2023,1,Milwaukee Bucks,Chicago Bulls,1,0
12300005,2023-10-08 15:00:00,1610612765,1610612756,Preseason,2023,0,Detroit Pistons,Phoenix Suns,1,0
12300006,2023-10-08 18:00:00,1610612738,1610612755,Preseason,2023,1,Boston Celtics,Philadelphia 76ers,1,0
12300007,2023-10-08 20:00:00,1610612763,1610612754,Preseason,2023,1,Memphis Grizzlies,Indiana Pacers,1,0
12300008,2023-10-08 20:00:00,1610612761,1610612758,Preseason,2023,1,Toronto Raptors,Sacramento Kings,1,0
12300009,2023-10-08 21:00:00,1610612746,1610612762,Preseason,2023,0,Los Angeles Clippers,Utah Jazz,1,0
12300010,2023-10-09 19:30:00,1610612752,1610612738,Preseason,2023,1,New York Knicks,Boston Celtics,1,0
12300011,2023-10-09 20:00:00,1610612760,1610612759,Preseason,2023,1,Oklahoma City Thunder,San Antonio Spurs,1,0
12300012,2023-10-09 21:00:00,1610612747,1610612751,Preseason,2023,1,Los Angeles Lakers,Brooklyn Nets,1,0
12300015,2023-10-10 19:30:00,1610612737,1610612739,Preseason,2023,1,Atlanta Hawks,Cleveland Cavaliers,1,0
12300016,2023-10-10 19:30:00,1610612748,1610612766,Preseason,2023,1,Miami Heat,Charlotte Hornets,1,0
12300019,2023-10-10 20:00:00,1610612740,1610612753,Preseason,2023,0,New Orleans Pelicans,Orlando Magic,1,0
12300018,2023-10-10 20:00:00,1610612763,1610612749,Preseason,2023,1,Memphis Grizzlies,Milwaukee Bucks,1,0
12300017,2023-10-10 20:00:00,1610612745,1610612754,Preseason,2023,1,Houston Rockets,Indiana Pacers,1,0
12300021,2023-10-10 22:00:00,1610612756,1610612743,Preseason,2023,0,Phoenix Suns,Denver Nuggets,1,0
12300020,2023-10-10 22:00:00,1610612746,1610612762,Preseason,2023,1,Los Angeles Clippers,Utah Jazz,1,0
12300023,2023-10-11 19:00:00,1610612755,1610612738,Preseason,2023,0,Philadelphia 76ers,Boston Celtics,1,0
12300024,2023-10-11 22:00:00,1610612747,1610612758,Preseason,2023,1,Los Angeles Lakers,Sacramento Kings,1,0
12300027,2023-10-12 19:00:00,1610612760,1610612765,Preseason,2023,0,Oklahoma City Thunder,Detroit Pistons,1,0
12300026,2023-10-12 19:00:00,1610612739,1610612753,Preseason,2023,0,Cleveland Cavaliers,Orlando Magic,1,0
12300025,2023-10-12 19:00:00,1610612764,1610612766,Preseason,2023,1,Washington Wizards,Charlotte Hornets,1,0
12300028,2023-10-12 19:30:00,1610612737,1610612763,Preseason,2023,1,Atlanta Hawks,Memphis Grizzlies,1,0
12300030,2023-10-12 20:00:00,1610612741,1610612743,Preseason,2023,1,Chicago Bulls,Denver Nuggets,1,0
12300031,2023-10-12 20:00:00,1610612740,1610612745,Preseason,2023,0,New Orleans Pelicans,Houston Rockets,1,0
12300032,2023-10-12 22:00:00,1610612757,1610612756,Preseason,2023,0,Portland Trail Blazers,Phoenix Suns,1,0
12300033,2023-10-13 19:30:00,1610612759,1610612748,Preseason,2023,1,San Antonio Spurs,Miami Heat,1,0
12300034,2023-10-13 22:00:00,1610612747,1610612744,Preseason,2023,0,Los Angeles Lakers,Golden State Warriors,1,0
12300035,2023-10-14 15:30:00,1610612737,1610612740,Preseason,2023,1,Atlanta Hawks,New Orleans Pelicans,1,0
12300036,2023-10-14 19:30:00,1610612752,1610612750,Preseason,2023,0,New York Knicks,Minnesota Timberwolves,1,0
12300037,2023-10-14 21:00:00,1610612762,1610612757,Preseason,2023,1,Utah Jazz,Portland Trail Blazers,1,0
12300038,2023-10-15 17:00:00,1610612766,1610612760,Preseason,2023,1,Charlotte Hornets,Oklahoma City Thunder,1,0
12300039,2023-10-15 18:00:00,1610612748,1610612763,Preseason,2023,1,Miami Heat,Memphis Grizzlies,1,0
12300041,2023-10-15 19:00:00,1610612747,1610612749,Preseason,2023,0,Los Angeles Lakers,Milwaukee Bucks,1,0
12300042,2023-10-15 21:00:00,1610612743,1610612741,Preseason,2023,1,Denver Nuggets,Chicago Bulls,1,0
12300043,2023-10-15 21:30:00,1610612758,1610612744,Preseason,2023,0,Sacramento Kings,Golden State Warriors,1,0
12300044,2023-10-16 19:00:00,1610612754,1610612737,Preseason,2023,1,Indiana Pacers,Atlanta Hawks,1,0
12300046,2023-10-16 19:30:00,1610612751,1610612755,Preseason,2023,0,Brooklyn Nets,Philadelphia 76ers,1,0
12300047,2023-10-16 20:00:00,1610612759,1610612745,Preseason,2023,0,San Antonio Spurs,Houston Rockets,1,0
12300049,2023-10-16 22:00:00,1610612756,1610612757,Preseason,2023,1,Phoenix Suns,Portland Trail Blazers,1,0
12300050,2023-10-17 19:00:00,1610612753,1610612740,Preseason,2023,0,Orlando Magic,New Orleans Pelicans,1,0
12300051,2023-10-17 19:30:00,1610612738,1610612752,Preseason,2023,1,Boston Celtics,New York Knicks,1,0
12300053,2023-10-17 20:00:00,1610612760,1610612749,Preseason,2023,1,Oklahoma City Thunder,Milwaukee Bucks,1,0
12300052,2023-10-17 20:00:00,1610612741,1610612761,Preseason,2023,0,Chicago Bulls,Toronto Raptors,1,0
12300055,2023-10-17 22:30:00,1610612746,1610612743,Preseason,2023,1,Los Angeles Clippers,Denver Nuggets,1,0
12300057,2023-10-18 19:30:00,1610612752,1610612764,Preseason,2023,0,New York Knicks,Washington Wizards,1,0
12300056,2023-10-18 19:30:00,1610612748,1610612751,Preseason,2023,0,Miami Heat,Brooklyn Nets,1,0
12300058,2023-10-18 20:00:00,1610612759,1610612745,Preseason,2023,1,San Antonio Spurs,Houston Rockets,1,0
12300059,2023-10-18 22:00:00,1610612744,1610612758,Preseason,2023,1,Golden State Warriors,Sacramento Kings,1,0
12300060,2023-10-19 19:00:00,1610612766,1610612738,Preseason,2023,0,Charlotte Hornets,Boston Celtics,1,0
12300062,2023-10-19 20:00:00,1610612760,1610612765,Preseason,2023,0,Oklahoma City Thunder,Detroit Pistons,1,0
12300061,2023-10-19 20:00:00,1610612741,1610612750,Preseason,2023,0,Chicago Bulls,Minnesota Timberwolves,1,0
12300063,2023-10-19 22:00:00,1610612747,1610612756,Preseason,2023,0,Los Angeles Lakers,Phoenix Suns,1,0
12300065,2023-10-19 22:00:00,1610612758,1610612762,Preseason,2023,1,Sacramento Kings,Utah Jazz,1,0
12300064,2023-10-19 22:00:00,1610612746,1610612743,Preseason,2023,0,Los Angeles Clippers,Denver Nuggets,1,0
12300068,2023-10-20 19:00:00,1610612755,1610612737,Preseason,2023,1,Philadelphia 76ers,Atlanta Hawks,1,0
12300066,2023-10-20 19:00:00,1610612754,1610612739,Preseason,2023,1,Indiana Pacers,Cleveland Cavaliers,1,0
12300069,2023-10-20 19:30:00,1610612761,1610612764,Preseason,2023,1,Toronto Raptors,Washington Wizards,1,0
12300072,2023-10-20 20:00:00,1610612749,1610612763,Preseason,2023,1,Milwaukee Bucks,Memphis Grizzlies,1,0
12300071,2023-10-20 20:00:00,1610612745,1610612748,Preseason,2023,1,Houston Rockets,Miami Heat,1,0
12300070,2023-10-20 20:00:00,1610612742,1610612765,Preseason,2023,1,Dallas Mavericks,Detroit Pistons,1,0
12300073,2023-10-20 22:00:00,1610612744,1610612759,Preseason,2023,0,Golden State Warriors,San Antonio Spurs,1,0
22300061,2023-10-24 19:30:00,1610612743,1610612747,Regular Season,2023,1,Denver Nuggets,Los Angeles Lakers,0,0
22300062,2023-10-24 22:00:00,1610612744,1610612756,Regular Season,2023,0,Golden State Warriors,Phoenix Suns,0,0
22300064,2023-10-25 19:00:00,1610612754,1610612764,Regular Season,2023,1,Indiana Pacers,Washington Wizards,0,0
22300063,2023-10-25 19:00:00,1610612766,1610612737,Regular Season,2023,1,Charlotte Hornets,Atlanta Hawks,0,0
22300065,2023-10-25 19:00:00,1610612752,1610612738,Regular Season,2023,0,New York Knicks,Boston Celtics,0,0
22300066,2023-10-25 19:00:00,1610612753,1610612745,Regular Season,2023,1,Orlando Magic,Houston Rockets,0,0
22300067,2023-10-25 19:30:00,1610612751,1610612739,Regular Season,2023,0,Brooklyn Nets,Cleveland Cavaliers,0,0
22300068,2023-10-25 19:30:00,1610612748,1610612765,Regular Season,2023,1,Miami Heat,Detroit Pistons,0,0
22300069,2023-10-25 19:30:00,1610612761,1610612750,Regular Season,2023,1,Toronto Raptors,Minnesota Timberwolves,0,0
22300071,2023-10-25 20:00:00,1610612763,1610612740,Regular Season,2023,0,Memphis Grizzlies,New Orleans Pelicans,0,0
22300070,2023-10-25 20:00:00,1610612741,1610612760,Regular Season,2023,0,Chicago Bulls,Oklahoma City Thunder,0,0
22300072,2023-10-25 21:00:00,1610612762,1610612758,Regular Season,2023,0,Utah Jazz,Sacramento Kings,0,0
22300073,2023-10-25 21:30:00,1610612759,1610612742,Regular Season,2023,0,San Antonio Spurs,Dallas Mavericks,0,0
22300074,2023-10-25 22:30:00,1610612746,1610612757,Regular Season,2023,1,Los Angeles Clippers,Portland Trail Blazers,0,0
22300075,2023-10-26 19:30:00,1610612749,1610612755,Regular Season,2023,1,Milwaukee Bucks,Philadelphia 76ers,0,0
22300076,2023-10-26 22:00:00,1610612747,1610612756,Regular Season,2023,1,Los Angeles Lakers,Phoenix Suns,0,0
22300078,2023-10-27 19:00:00,1610612763,1610612743,Regular Season,2023,0,Memphis Grizzlies,Denver Nuggets,0,0
22300077,2023-10-27 19:00:00,1610612766,1610612765,Regular Season,2023,0,Charlotte Hornets,Detroit Pistons,0,0
22300079,2023-10-27 19:30:00,1610612737,1610612752,Regular Season,2023,0,Atlanta Hawks,New York Knicks,0,0
22300081,2023-10-27 19:30:00,1610612739,1610612760,Regular Season,2023,0,Cleveland Cavaliers,Oklahoma City Thunder,0,0
22300080,2023-10-27 19:30:00,1610612738,1610612748,Regular Season,2023,1,Boston Celtics,Miami Heat,0,0
22300083,2023-10-27 20:00:00,1610612759,1610612745,Regular Season,2023,1,San Antonio Spurs,Houston Rockets,0,0
22300082,2023-10-27 20:00:00,1610612741,1610612761,Regular Season,2023,1,Chicago Bulls,Toronto Raptors,0,0
22300084,2023-10-27 20:30:00,1610612742,1610612751,Regular Season,2023,1,Dallas Mavericks,Brooklyn Nets,0,0
22300085,2023-10-27 21:30:00,1610612762,1610612746,Regular Season,2023,1,Utah Jazz,Los Angeles Clippers,0,0
22300087,2023-10-27 22:00:00,1610612758,1610612744,Regular Season,2023,0,Sacramento Kings,Golden State Warriors,0,0
22300086,2023-10-27 22:00:00,1610612757,1610612753,Regular Season,2023,0,Portland Trail Blazers,Orlando Magic,0,0
22300090,2023-10-28 19:00:00,1610612740,1610612752,Regular Season,2023,1,New Orleans Pelicans,New York Knicks,0,0
22300089,2023-10-28 19:00:00,1610612764,1610612763,Regular Season,2023,1,Washington Wizards,Memphis Grizzlies,0,0
22300088,2023-10-28 19:00:00,1610612765,1610612741,Regular Season,2023,1,Detroit Pistons,Chicago Bulls,0,0
22300092,2023-10-28 19:30:00,1610612761,1610612755,Regular Season,2023,0,Toronto Raptors,Philadelphia 76ers,0,0
22300091,2023-10-28 19:30:00,1610612739,1610612754,Regular Season,2023,0,Cleveland Cavaliers,Indiana Pacers,0,0
22300093,2023-10-28 20:00:00,1610612750,1610612748,Regular Season,2023,1,Minnesota Timberwolves,Miami Heat,0,0
22300094,2023-10-28 22:00:00,1610612756,1610612762,Regular Season,2023,1,Phoenix Suns,Utah Jazz,0,0
22300095,2023-10-29 15:30:00,1610612760,1610612743,Regular Season,2023,0,Oklahoma City Thunder,Denver Nuggets,0,0
22300096,2023-10-29 19:00:00,1610612745,1610612744,Regular Season,2023,0,Houston Rockets,Golden State Warriors,0,0
22300097,2023-10-29 19:00:00,1610612749,1610612737,Regular Season,2023,0,Milwaukee Bucks,Atlanta Hawks,0,0
22300098,2023-10-29 19:30:00,1610612755,1610612757,Regular Season,2023,1,Philadelphia 76ers,Portland Trail Blazers,0,0
22300100,2023-10-29 21:00:00,1610612758,1610612747,Regular Season,2023,1,Sacramento Kings,Los Angeles Lakers,0,0
22300099,2023-10-29 21:00:00,1610612746,1610612759,Regular Season,2023,1,Los Angeles Clippers,San Antonio Spurs,0,0
22300103,2023-10-30 19:00:00,1610612764,1610612738,Regular Season,2023,0,Washington Wizards,Boston Celtics,0,0
22300102,2023-10-30 19:00:00,1610612754,1610612741,Regular Season,2023,0,Indiana Pacers,Chicago Bulls,0,0
22300101,2023-10-30 19:00:00,1610612766,1610612751,Regular Season,2023,0,Charlotte Hornets,Brooklyn Nets,0,0
22300105,2023-10-30 19:30:00,1610612761,1610612757,Regular Season,2023,0,Toronto Raptors,Portland Trail Blazers,0,0
22300104,2023-10-30 19:30:00,1610612737,1610612750,Regular Season,2023,1,Atlanta Hawks,Minnesota Timberwolves,0,0
22300109,2023-10-30 20:00:00,1610612760,1610612765,Regular Season,2023,1,Oklahoma City Thunder,Detroit Pistons,0,0
22300108,2023-10-30 20:00:00,1610612740,1610612744,Regular Season,2023,0,New Orleans Pelicans,Golden State Warriors,0,0
22300107,2023-10-30 20:00:00,1610612749,1610612748,Regular Season,2023,1,Milwaukee Bucks,Miami Heat,0,0
22300106,2023-10-30 20:00:00,1610612763,1610612742,Regular Season,2023,0,Memphis Grizzlies,Dallas Mavericks,0,0
22300110,2023-10-30 21:00:00,1610612743,1610612762,Regular Season,2023,1,Denver Nuggets,Utah Jazz,0,0
22300111,2023-10-30 22:30:00,1610612747,1610612753,Regular Season,2023,1,Los Angeles Lakers,Orlando Magic,0,0
22300112,2023-10-31 19:30:00,1610612739,1610612752,Regular Season,2023,0,Cleveland Cavaliers,New York Knicks,0,0
22300113,2023-10-31 22:00:00,1610612756,1610612759,Regular Season,2023,0,Phoenix Suns,San Antonio Spurs,0,0
22300114,2023-10-31 22:30:00,1610612746,1610612753,Regular Season,2023,1,Los Angeles Clippers,Orlando Magic,0,0
22300116,2023-11-01 19:00:00,1610612761,1610612749,Regular Season,2023,1,Toronto Raptors,Milwaukee Bucks,0,0
22300115,2023-11-01 19:00:00,1610612765,1610612757,Regular Season,2023,0,Detroit Pistons,Portland Trail Blazers,0,0
22300121,2023-11-01 19:30:00,1610612760,1610612740,Regular Season,2023,0,Oklahoma City Thunder,New Orleans Pelicans,0,0
22300120,2023-11-01 19:30:00,1610612752,1610612739,Regular Season,2023,0,New York Knicks,Cleveland Cavaliers,0,0
22300119,2023-11-01 19:30:00,1610612748,1610612751,Regular Season,2023,0,Miami Heat,Brooklyn Nets,0,0
22300118,2023-11-01 19:30:00,1610612738,1610612754,Regular Season,2023,1,Boston Celtics,Indiana Pacers,0,0
22300117,2023-11-01 19:30:00,1610612737,1610612764,Regular Season,2023,1,Atlanta Hawks,Washington Wizards,0,0
22300123,2023-11-01 20:00:00,1610612750,1610612743,Regular Season,2023,1,Minnesota Timberwolves,Denver Nuggets,0,0
22300122,2023-11-01 20:00:00,1610612745,1610612766,Regular Season,2023,1,Houston Rockets,Charlotte Hornets,0,0
22300124,2023-11-01 20:30:00,1610612742,1610612741,Regular Season,2023,1,Dallas Mavericks,Chicago Bulls,0,0
22300125,2023-11-01 21:00:00,1610612762,1610612763,Regular Season,2023,1,Utah Jazz,Memphis Grizzlies,0,0
22300127,2023-11-01 22:00:00,1610612747,1610612746,Regular Season,2023,1,Los Angeles Lakers,Los Angeles Clippers,0,0
22300126,2023-11-01 22:00:00,1610612744,1610612758,Regular Season,2023,1,Golden State Warriors,Sacramento Kings,0,0
22300128,2023-11-02 19:00:00,1610612755,1610612761,Regular Season,2023,1,Philadelphia 76ers,Toronto Raptors,0,0
22300129,2023-11-02 20:00:00,1610612740,1610612765,Regular Season,2023,1,New Orleans Pelicans,Detroit Pistons,0,0
22300130,2023-11-02 21:00:00,1610612762,1610612753,Regular Season,2023,0,Utah Jazz,Orlando Magic,0,0
22300131,2023-11-02 22:00:00,1610612756,1610612759,Regular Season,2023,0,Phoenix Suns,San Antonio Spurs,0,0
22300001,2023-11-03 19:00:00,1610612754,1610612739,NBA Emirates Cup,2023,1,Indiana Pacers,Cleveland Cavaliers,1,0
22300002,2023-11-03 19:30:00,1610612749,1610612752,NBA Emirates Cup,2023,1,Milwaukee Bucks,New York Knicks,1,0
22300003,2023-11-03 20:00:00,1610612748,1610612764,NBA Emirates Cup,2023,1,Miami Heat,Washington Wizards,1,0
22300005,2023-11-03 20:00:00,1610612760,1610612744,NBA Emirates Cup,2023,0,Oklahoma City Thunder,Golden State Warriors,1,0
22300004,2023-11-03 20:00:00,1610612741,1610612751,NBA Emirates Cup,2023,0,Chicago Bulls,Brooklyn Nets,1,0
22300007,2023-11-03 22:00:00,1610612757,1610612763,NBA Emirates Cup,2023,1,Portland Trail Blazers,Memphis Grizzlies,1,0
22300006,2023-11-03 22:00:00,1610612743,1610612742,NBA Emirates Cup,2023,1,Denver Nuggets,Dallas Mavericks,1,0
22300132,2023-11-04 13:00:00,1610612755,1610612756,Regular Season,2023,1,Philadelphia 76ers,Phoenix Suns,0,0
22300134,2023-11-04 19:00:00,1610612753,1610612747,Regular Season,2023,1,Orlando Magic,Los Angeles Lakers,0,0
22300135,2023-11-04 19:00:00,1610612740,1610612737,Regular Season,2023,0,New Orleans Pelicans,Atlanta Hawks,0,0
22300133,2023-11-04 19:00:00,1610612754,1610612766,Regular Season,2023,0,Indiana Pacers,Charlotte Hornets,0,0
22300138,2023-11-04 20:00:00,1610612750,1610612762,Regular Season,2023,1,Minnesota Timberwolves,Utah Jazz,0,0
22300137,2023-11-04 20:00:00,1610612745,1610612758,Regular Season,2023,1,Houston Rockets,Sacramento Kings,0,0
22300136,2023-11-04 20:00:00,1610612751,1610612738,Regular Season,2023,0,Brooklyn Nets,Boston Celtics,0,0
22300139,2023-11-04 21:00:00,1610612743,1610612741,Regular Season,2023,1,Denver Nuggets,Chicago Bulls,0,0
22300140,2023-11-05 15:00:00,1610612765,1610612756,Regular Season,2023,0,Detroit Pistons,Phoenix Suns,0,0
22300141,2023-11-05 15:30:00,1610612759,1610612761,Regular Season,2023,0,San Antonio Spurs,Toronto Raptors,0,0
22300142,2023-11-05 18:00:00,1610612739,1610612744,Regular Season,2023,1,Cleveland Cavaliers,Golden State Warriors,0,0
22300143,2023-11-05 19:30:00,1610612742,1610612766,Regular Season,2023,1,Dallas Mavericks,Charlotte Hornets,0,0
22300144,2023-11-05 21:00:00,1610612757,1610612763,Regular Season,2023,0,Portland Trail Blazers,Memphis Grizzlies,0,0
22300145,2023-11-06 19:00:00,1610612765,1610612744,Regular Season,2023,0,Detroit Pistons,Golden State Warriors,0,0
22300148,2023-11-06 19:00:00,1610612755,1610612764,Regular Season,2023,1,Philadelphia 76ers,Washington Wizards,0,0
22300147,2023-11-06 19:00:00,1610612753,1610612742,Regular Season,2023,0,Orlando Magic,Dallas Mavericks,0,0
22300146,2023-11-06 19:00:00,1610612754,1610612759,Regular Season,2023,1,Indiana Pacers,San Antonio Spurs,0,0
22300151,2023-11-06 19:30:00,1610612752,1610612746,Regular Season,2023,1,New York Knicks,Los Angeles Clippers,0,0
22300150,2023-11-06 19:30:00,1610612748,1610612747,Regular Season,2023,1,Miami Heat,Los Angeles Lakers,0,0
22300149,2023-11-06 19:30:00,1610612751,1610612749,Regular Season,2023,0,Brooklyn Nets,Milwaukee Bucks,0,0
22300155,2023-11-06 20:00:00,1610612760,1610612737,Regular Season,2023,1,Oklahoma City Thunder,Atlanta Hawks,0,0
22300154,2023-11-06 20:00:00,1610612750,1610612738,Regular Season,2023,1,Minnesota Timberwolves,Boston Celtics,0,0
22300153,2023-11-06 20:00:00,1610612745,1610612758,Regular Season,2023,1,Houston Rockets,Sacramento Kings,0,0
22300152,2023-11-06 20:00:00,1610612741,1610612762,Regular Season,2023,1,Chicago Bulls,Utah Jazz,0,0
22300156,2023-11-06 21:00:00,1610612743,1610612740,Regular Season,2023,1,Denver Nuggets,New Orleans Pelicans,0,0
22300157,2023-11-08 19:00:00,1610612766,1610612764,Regular Season,2023,0,Charlotte Hornets,Washington Wizards,0,0
22300159,2023-11-08 19:00:00,1610612755,1610612738,Regular Season,2023,1,Philadelphia 76ers,Boston Celtics,0,0
22300158,2023-11-08 19:00:00,1610612754,1610612762,Regular Season,2023,1,Indiana Pacers,Utah Jazz,0,0
22300160,2023-11-08 19:30:00,1610612751,1610612746,Regular Season,2023,1,Brooklyn Nets,Los Angeles Clippers,0,0
22300161,2023-11-08 19:30:00,1610612752,1610612759,Regular Season,2023,1,New York Knicks,San Antonio Spurs,0,0
22300162,2023-11-08 20:00:00,1610612741,1610612756,Regular Season,2023,0,Chicago Bulls,Phoenix Suns,0,0
22300163,2023-11-08 20:00:00,1610612745,1610612747,Regular Season,2023,1,Houston Rockets,Los Angeles Lakers,0,0
22300167,2023-11-08 20:00:00,1610612760,1610612739,Regular Season,2023,1,Oklahoma City Thunder,Cleveland Cavaliers,0,0
22300165,2023-11-08 20:00:00,1610612749,1610612765,Regular Season,2023,1,Milwaukee Bucks,Detroit Pistons,0,0
22300166,2023-11-08 20:00:00,1610612750,1610612740,Regular Season,2023,1,Minnesota Timberwolves,New Orleans Pelicans,0,0
22300164,2023-11-08 20:00:00,1610612763,1610612748,Regular Season,2023,0,Memphis Grizzlies,Miami Heat,0,0
22300168,2023-11-08 20:30:00,1610612742,1610612761,Regular Season,2023,0,Dallas Mavericks,Toronto Raptors,0,0
22300170,2023-11-08 22:00:00,1610612758,1610612757,Regular Season,2023,1,Sacramento Kings,Portland Trail Blazers,0,0
22300169,2023-11-08 22:00:00,1610612743,1610612744,Regular Season,2023,1,Denver Nuggets,Golden State Warriors,0,0
22300171,2023-11-09 19:00:00,1610612754,1610612749,Regular Season,2023,1,Indiana Pacers,Milwaukee Bucks,0,0
22300172,2023-11-09 21:30:00,1610612753,1610612737,Regular Season,2023,0,Orlando Magic,Atlanta Hawks,0,0
22300009,2023-11-10 19:00:00,1610612764,1610612766,NBA Emirates Cup,2023,0,Washington Wizards,Charlotte Hornets,1,0
22300008,2023-11-10 19:00:00,1610612765,1610612755,NBA Emirates Cup,2023,0,Detroit Pistons,Philadelphia 76ers,1,0
22300010,2023-11-10 19:30:00,1610612738,1610612751,NBA Emirates Cup,2023,1,Boston Celtics,Brooklyn Nets,1,0
22300011,2023-11-10 20:00:00,1610612745,1610612740,NBA Emirates Cup,2023,1,Houston Rockets,New Orleans Pelicans,1,0
22300012,2023-11-10 20:00:00,1610612763,1610612762,NBA Emirates Cup,2023,0,Memphis Grizzlies,Utah Jazz,1,0
22300013,2023-11-10 20:00:00,1610612759,1610612750,NBA Emirates Cup,2023,0,San Antonio Spurs,Minnesota Timberwolves,1,0
22300014,2023-11-10 20:30:00,1610612742,1610612746,NBA Emirates Cup,2023,1,Dallas Mavericks,Los Angeles Clippers,1,0
22300016,2023-11-10 22:00:00,1610612758,1610612760,NBA Emirates Cup,2023,1,Sacramento Kings,Oklahoma City Thunder,1,0
22300015,2023-11-10 22:00:00,1610612756,1610612747,NBA Emirates Cup,2023,0,Phoenix Suns,Los Angeles Lakers,1,0
22300173,2023-11-11 18:00:00,1610612753,1610612749,Regular Season,2023,1,Orlando Magic,Milwaukee Bucks,0,0
22300174,2023-11-11 19:00:00,1610612738,1610612761,Regular Season,2023,1,Boston Celtics,Toronto Raptors,0,0
22300175,2023-11-11 19:30:00,1610612737,1610612748,Regular Season,2023,0,Atlanta Hawks,Miami Heat,0,0
22300176,2023-11-11 20:30:00,1610612744,1610612739,Regular Season,2023,0,Golden State Warriors,Cleveland Cavaliers,0,0
22300177,2023-11-12 12:00:00,1610612752,1610612766,Regular Season,2023,1,New York Knicks,Charlotte Hornets,0,0
22300178,2023-11-12 15:00:00,1610612751,1610612764,Regular Season,2023,1,Brooklyn Nets,Washington Wizards,0,0
22300179,2023-11-12 15:30:00,1610612746,1610612763,Regular Season,2023,0,Los Angeles Clippers,Memphis Grizzlies,0,0
22300180,2023-11-12 18:00:00,1610612755,1610612754,Regular Season,2023,1,Philadelphia 76ers,Indiana Pacers,0,0
22300181,2023-11-12 19:00:00,1610612741,1610612765,Regular Season,2023,1,Chicago Bulls,Detroit Pistons,0,0
22300183,2023-11-12 19:00:00,1610612740,1610612742,Regular Season,2023,0,New Orleans Pelicans,Dallas Mavericks,0,0
22300184,2023-11-12 19:00:00,1610612759,1610612748,Regular Season,2023,0,San Antonio Spurs,Miami Heat,0,0
22300182,2023-11-12 19:00:00,1610612745,1610612743,Regular Season,2023,1,Houston Rockets,Denver Nuggets,0,0
22300185,2023-11-12 20:00:00,1610612756,1610612760,Regular Season,2023,0,Phoenix Suns,Oklahoma City Thunder,0,0
22300186,2023-11-12 20:30:00,1610612744,1610612750,Regular Season,2023,0,Golden State Warriors,Minnesota Timberwolves,0,0
22300187,2023-11-12 22:00:00,1610612747,1610612757,Regular Season,2023,1,Los Angeles Lakers,Portland Trail Blazers,0,0
22300189,2023-11-13 19:30:00,1610612761,1610612764,Regular Season,2023,1,Toronto Raptors,Washington Wizards,0,0
22300188,2023-11-13 19:30:00,1610612738,1610612752,Regular Season,2023,1,Boston Celtics,New York Knicks,0,0
22300190,2023-11-13 20:00:00,1610612749,1610612741,Regular Season,2023,1,Milwaukee Bucks,Chicago Bulls,0,0
22300191,2023-11-13 22:00:00,1610612758,1610612739,Regular Season,2023,1,Sacramento Kings,Cleveland Cavaliers,0,0
22300019,2023-11-14 19:00:00,1610612755,1610612754,NBA Emirates Cup,2023,0,Philadelphia 76ers,Indiana Pacers,1,0
22300018,2023-11-14 19:00:00,1610612765,1610612737,NBA Emirates Cup,2023,0,Detroit Pistons,Atlanta Hawks,1,0
22300017,2023-11-14 19:00:00,1610612766,1610612748,NBA Emirates Cup,2023,0,Charlotte Hornets,Miami Heat,1,0
22300021,2023-11-14 19:30:00,1610612760,1610612759,NBA Emirates Cup,2023,1,Oklahoma City Thunder,San Antonio Spurs,1,0
22300020,2023-11-14 19:30:00,1610612751,1610612753,NBA Emirates Cup,2023,1,Brooklyn Nets,Orlando Magic,1,0
22300022,2023-11-14 20:00:00,1610612740,1610612742,NBA Emirates Cup,2023,1,New Orleans Pelicans,Dallas Mavericks,1,0
22300023,2023-11-14 21:00:00,1610612762,1610612757,NBA Emirates Cup,2023,1,Utah Jazz,Portland Trail Blazers,1,0
22300024,2023-11-14 22:00:00,1610612743,1610612746,NBA Emirates Cup,2023,1,Denver Nuggets,Los Angeles Clippers,1,0
22300025,2023-11-14 22:00:00,1610612744,1610612750,NBA Emirates Cup,2023,0,Golden State Warriors,Minnesota Timberwolves,1,0
22300026,2023-11-14 22:30:00,1610612747,1610612763,NBA Emirates Cup,2023,1,Los Angeles Lakers,Memphis Grizzlies,1,0
22300192,2023-11-15 19:00:00,1610612764,1610612742,Regular Season,2023,0,Washington Wizards,Dallas Mavericks,0,0
22300195,2023-11-15 19:30:00,1610612761,1610612749,Regular Season,2023,0,Toronto Raptors,Milwaukee Bucks,0,0
22300194,2023-11-15 19:30:00,1610612755,1610612738,Regular Season,2023,0,Philadelphia 76ers,Boston Celtics,0,0
22300193,2023-11-15 19:30:00,1610612737,1610612752,Regular Season,2023,0,Atlanta Hawks,New York Knicks,0,0
22300196,2023-11-15 20:00:00,1610612741,1610612753,Regular Season,2023,0,Chicago Bulls,Orlando Magic,0,0
22300197,2023-11-15 21:00:00,1610612756,1610612750,Regular Season,2023,1,Phoenix Suns,Minnesota Timberwolves,0,0
22300199,2023-11-15 22:00:00,1610612757,1610612739,Regular Season,2023,0,Portland Trail Blazers,Cleveland Cavaliers,0,0
22300198,2023-11-15 22:00:00,1610612747,1610612758,Regular Season,2023,0,Los Angeles Lakers,Sacramento Kings,0,0
22300200,2023-11-16 19:30:00,1610612748,1610612751,Regular Season,2023,1,Miami Heat,Brooklyn Nets,0,0
22300201,2023-11-16 22:00:00,1610612744,1610612760,Regular Season,2023,0,Golden State Warriors,Oklahoma City Thunder,0,0
22300027,2023-11-17 19:00:00,1610612766,1610612749,NBA Emirates Cup,2023,0,Charlotte Hornets,Milwaukee Bucks,1,0
22300028,2023-11-17 19:00:00,1610612764,1610612752,NBA Emirates Cup,2023,0,Washington Wizards,New York Knicks,1,0
22300032,2023-11-17 19:30:00,1610612759,1610612758,NBA Emirates Cup,2023,0,San Antonio Spurs,Sacramento Kings,1,0
22300031,2023-11-17 19:30:00,1610612761,1610612738,NBA Emirates Cup,2023,0,Toronto Raptors,Boston Celtics,1,0
22300030,2023-11-17 19:30:00,1610612739,1610612765,NBA Emirates Cup,2023,1,Cleveland Cavaliers,Detroit Pistons,1,0
22300029,2023-11-17 19:30:00,1610612737,1610612755,NBA Emirates Cup,2023,0,Atlanta Hawks,Philadelphia 76ers,1,0
22300034,2023-11-17 20:00:00,1610612740,1610612743,NBA Emirates Cup,2023,1,New Orleans Pelicans,Denver Nuggets,1,0
22300033,2023-11-17 20:00:00,1610612741,1610612753,NBA Emirates Cup,2023,0,Chicago Bulls,Orlando Magic,1,0
22300036,2023-11-17 22:00:00,1610612757,1610612747,NBA Emirates Cup,2023,0,Portland Trail Blazers,Los Angeles Lakers,1,0
22300035,2023-11-17 22:00:00,1610612762,1610612756,NBA Emirates Cup,2023,0,Utah Jazz,Phoenix Suns,1,0
22300037,2023-11-17 22:30:00,1610612746,1610612745,NBA Emirates Cup,2023,1,Los Angeles Clippers,Houston Rockets,1,0
22300202,2023-11-18 18:00:00,1610612766,1610612752,Regular Season,2023,0,Charlotte Hornets,New York Knicks,0,0
22300203,2023-11-18 19:00:00,1610612740,1610612750,Regular Season,2023,0,New Orleans Pelicans,Minnesota Timberwolves,0,0
22300206,2023-11-18 20:00:00,1610612759,1610612763,Regular Season,2023,0,San Antonio Spurs,Memphis Grizzlies,0,0
22300205,2023-11-18 20:00:00,1610612749,1610612742,Regular Season,2023,1,Milwaukee Bucks,Dallas Mavericks,0,0
22300204,2023-11-18 20:00:00,1610612741,1610612748,Regular Season,2023,1,Chicago Bulls,Miami Heat,0,0
22300207,2023-11-18 20:30:00,1610612744,1610612760,Regular Season,2023,0,Golden State Warriors,Oklahoma City Thunder,0,0
22300208,2023-11-19 15:00:00,1610612751,1610612755,Regular Season,2023,0,Brooklyn Nets,Philadelphia 76ers,0,0
22300211,2023-11-19 16:00:00,1610612761,1610612765,Regular Season,2023,1,Toronto Raptors,Detroit Pistons,0,0
22300209,2023-11-19 17:00:00,1610612754,1610612753,Regular Season,2023,0,Indiana Pacers,Orlando Magic,0,0
22300210,2023-11-19 18:00:00,1610612739,1610612743,Regular Season,2023,1,Cleveland Cavaliers,Denver Nuggets,0,0
22300212,2023-11-19 19:30:00,1610612742,1610612758,Regular Season,2023,0,Dallas Mavericks,Sacramento Kings,0,0
22300214,2023-11-19 20:00:00,1610612762,1610612756,Regular Season,2023,0,Utah Jazz,Phoenix Suns,0,0
22300213,2023-11-19 20:00:00,1610612763,1610612738,Regular Season,2023,0,Memphis Grizzlies,Boston Celtics,0,0
22300215,2023-11-19 21:00:00,1610612757,1610612760,Regular Season,2023,0,Portland Trail Blazers,Oklahoma City Thunder,0,0
22300216,2023-11-19 21:30:00,1610612747,1610612745,Regular Season,2023,1,Los Angeles Lakers,Houston Rockets,0,0
22300219,2023-11-20 19:00:00,1610612764,1610612749,Regular Season,2023,0,Washington Wizards,Milwaukee Bucks,0,0
22300218,2023-11-20 19:00:00,1610612765,1610612743,Regular Season,2023,0,Detroit Pistons,Denver Nuggets,0,0
22300217,2023-11-20 19:00:00,1610612766,1610612738,Regular Season,2023,1,Charlotte Hornets,Boston Celtics,0,0
22300221,2023-11-20 20:00:00,1610612750,1610612752,Regular Season,2023,1,Minnesota Timberwolves,New York Knicks,0,0
22300220,2023-11-20 20:00:00,1610612741,1610612748,Regular Season,2023,0,Chicago Bulls,Miami Heat,0,0
22300222,2023-11-20 20:00:00,1610612740,1610612758,Regular Season,2023,1,New Orleans Pelicans,Sacramento Kings,0,0
22300223,2023-11-20 20:00:00,1610612759,1610612746,Regular Season,2023,0,San Antonio Spurs,Los Angeles Clippers,0,0
22300224,2023-11-20 22:00:00,1610612744,1610612745,Regular Season,2023,1,Golden State Warriors,Houston Rockets,0,0
22300038,2023-11-21 19:00:00,1610612753,1610612761,NBA Emirates Cup,2023,1,Orlando Magic,Toronto Raptors,1,0
22300040,2023-11-21 19:30:00,1610612755,1610612739,NBA Emirates Cup,2023,0,Philadelphia 76ers,Cleveland Cavaliers,1,0
22300039,2023-11-21 19:30:00,1610612737,1610612754,NBA Emirates Cup,2023,0,Atlanta Hawks,Indiana Pacers,1,0
22300041,2023-11-21 21:00:00,1610612756,1610612757,NBA Emirates Cup,2023,1,Phoenix Suns,Portland Trail Blazers,1,0
22300042,2023-11-21 22:00:00,1610612747,1610612762,NBA Emirates Cup,2023,1,Los Angeles Lakers,Utah Jazz,1,0
22300226,2023-11-22 19:00:00,1610612753,1610612743,Regular Season,2023,1,Orlando Magic,Denver Nuggets,0,0
22300225,2023-11-22 19:00:00,1610612766,1610612764,Regular Season,2023,1,Charlotte Hornets,Washington Wizards,0,0
22300230,2023-11-22 19:30:00,1610612754,1610612761,Regular Season,2023,0,Indiana Pacers,Toronto Raptors,0,0
22300229,2023-11-22 19:30:00,1610612739,1610612748,Regular Season,2023,0,Cleveland Cavaliers,Miami Heat,0,0
22300228,2023-11-22 19:30:00,1610612738,1610612749,Regular Season,2023,1,Boston Celtics,Milwaukee Bucks,0,0
22300227,2023-11-22 19:30:00,1610612737,1610612751,Regular Season,2023,1,Atlanta Hawks,Brooklyn Nets,0,0
22300233,2023-11-22 20:00:00,1610612740,1610612758,Regular Season,2023,1,New Orleans Pelicans,Sacramento Kings,0,0
22300231,2023-11-22 20:00:00,1610612745,1610612763,Regular Season,2023,1,Houston Rockets,Memphis Grizzlies,0,0
22300235,2023-11-22 20:00:00,1610612759,1610612746,Regular Season,2023,0,San Antonio Spurs,Los Angeles Clippers,0,0
22300234,2023-11-22 20:00:00,1610612760,1610612741,Regular Season,2023,1,Oklahoma City Thunder,Chicago Bulls,0,0
22300232,2023-11-22 20:00:00,1610612750,1610612755,Regular Season,2023,1,Minnesota Timberwolves,Philadelphia 76ers,0,0
22300237,2023-11-22 22:00:00,1610612757,1610612762,Regular Season,2023,1,Portland Trail Blazers,Utah Jazz,0,0
22300236,2023-11-22 22:00:00,1610612756,1610612744,Regular Season,2023,1,Phoenix Suns,Golden State Warriors,0,0
22300238,2023-11-22 22:30:00,1610612747,1610612742,Regular Season,2023,0,Los Angeles Lakers,Dallas Mavericks,0,0
22300043,2023-11-24 14:30:00,1610612753,1610612738,NBA Emirates Cup,2023,1,Orlando Magic,Boston Celtics,1,0
22300044,2023-11-24 17:00:00,1610612763,1610612756,NBA Emirates Cup,2023,0,Memphis Grizzlies,Phoenix Suns,1,0
22300046,2023-11-24 19:30:00,1610612761,1610612741,NBA Emirates Cup,2023,1,Toronto Raptors,Chicago Bulls,1,0
22300045,2023-11-24 19:30:00,1610612752,1610612748,NBA Emirates Cup,2023,1,New York Knicks,Miami Heat,1,0
22300050,2023-11-24 20:00:00,1610612750,1610612758,NBA Emirates Cup,2023,0,Minnesota Timberwolves,Sacramento Kings,1,0
22300049,2023-11-24 20:00:00,1610612749,1610612764,NBA Emirates Cup,2023,1,Milwaukee Bucks,Washington Wizards,1,0
22300048,2023-11-24 20:00:00,1610612745,1610612743,NBA Emirates Cup,2023,1,Houston Rockets,Denver Nuggets,1,0
22300047,2023-11-24 20:00:00,1610612754,1610612765,NBA Emirates Cup,2023,1,Indiana Pacers,Detroit Pistons,1,0
22300051,2023-11-24 22:00:00,1610612744,1610612759,NBA Emirates Cup,2023,1,Golden State Warriors,San Antonio Spurs,1,0
22300052,2023-11-24 22:30:00,1610612746,1610612740,NBA Emirates Cup,2023,0,Los Angeles Clippers,New Orleans Pelicans,1,0
22300239,2023-11-25 17:00:00,1610612760,1610612755,Regular Season,2023,0,Oklahoma City Thunder,Philadelphia 76ers,0,0
22300240,2023-11-25 18:00:00,1610612751,1610612748,Regular Season,2023,1,Brooklyn Nets,Miami Heat,0,0
22300241,2023-11-25 19:00:00,1610612764,1610612737,Regular Season,2023,0,Washington Wizards,Atlanta Hawks,0,0
22300242,2023-11-25 19:30:00,1610612739,1610612747,Regular Season,2023,0,Cleveland Cavaliers,Los Angeles Lakers,0,0
22300243,2023-11-25 21:30:00,1610612762,1610612740,Regular Season,2023,1,Utah Jazz,New Orleans Pelicans,0,0
22300244,2023-11-25 22:30:00,1610612746,1610612742,Regular Season,2023,1,Los Angeles Clippers,Dallas Mavericks,0,0
22300245,2023-11-26 15:30:00,1610612749,1610612757,Regular Season,2023,1,Milwaukee Bucks,Portland Trail Blazers,0,0
22300249,2023-11-26 18:00:00,1610612763,1610612750,Regular Season,2023,0,Memphis Grizzlies,Minnesota Timberwolves,0,0
22300248,2023-11-26 18:00:00,1610612753,1610612766,Regular Season,2023,1,Orlando Magic,Charlotte Hornets,0,0
22300247,2023-11-26 18:00:00,1610612752,1610612756,Regular Season,2023,0,New York Knicks,Phoenix Suns,0,0
22300246,2023-11-26 18:00:00,1610612738,1610612737,Regular Season,2023,1,Boston Celtics,Atlanta Hawks,0,0
22300251,2023-11-26 19:30:00,1610612739,1610612761,Regular Season,2023,1,Cleveland Cavaliers,Toronto Raptors,0,0
22300250,2023-11-26 19:30:00,1610612751,1610612741,Regular Season,2023,1,Brooklyn Nets,Chicago Bulls,0,0
22300252,2023-11-26 20:00:00,1610612743,1610612759,Regular Season,2023,1,Denver Nuggets,San Antonio Spurs,0,0
22300253,2023-11-27 19:00:00,1610612765,1610612764,Regular Season,2023,0,Detroit Pistons,Washington Wizards,0,0
22300254,2023-11-27 19:00:00,1610612754,1610612757,Regular Season,2023,0,Indiana Pacers,Portland Trail Blazers,0,0
22300255,2023-11-27 19:00:00,1610612755,1610612747,Regular Season,2023,1,Philadelphia 76ers,Los Angeles Lakers,0,0
22300256,2023-11-27 21:00:00,1610612762,1610612740,Regular Season,2023,1,Utah Jazz,New Orleans Pelicans,0,0
22300257,2023-11-27 22:30:00,1610612746,1610612743,Regular Season,2023,0,Los Angeles Clippers,Denver Nuggets,0,0
22300057,2023-11-28 19:30:00,1610612752,1610612766,NBA Emirates Cup,2023,1,New York Knicks,Charlotte Hornets,1,0
22300056,2023-11-28 19:30:00,1610612748,1610612749,NBA Emirates Cup,2023,0,Miami Heat,Milwaukee Bucks,1,0
22300055,2023-11-28 19:30:00,1610612739,1610612737,NBA Emirates Cup,2023,1,Cleveland Cavaliers,Atlanta Hawks,1,0
22300054,2023-11-28 19:30:00,1610612751,1610612761,NBA Emirates Cup,2023,1,Brooklyn Nets,Toronto Raptors,1,0
22300053,2023-11-28 19:30:00,1610612738,1610612741,NBA Emirates Cup,2023,1,Boston Celtics,Chicago Bulls,1,0
22300058,2023-11-28 20:00:00,1610612750,1610612760,NBA Emirates Cup,2023,1,Minnesota Timberwolves,Oklahoma City Thunder,1,0
22300059,2023-11-28 20:30:00,1610612742,1610612745,NBA Emirates Cup,2023,1,Dallas Mavericks,Houston Rockets,1,0
22300060,2023-11-28 22:00:00,1610612758,1610612744,NBA Emirates Cup,2023,1,Sacramento Kings,Golden State Warriors,1,0
22300259,2023-11-29 19:00:00,1610612753,1610612764,Regular Season,2023,1,Orlando Magic,Washington Wizards,0,0
22300258,2023-11-29 19:00:00,1610612765,1610612747,Regular Season,2023,0,Detroit Pistons,Los Angeles Lakers,0,0
22300260,2023-11-29 19:30:00,1610612761,1610612756,Regular Season,2023,1,Toronto Raptors,Phoenix Suns,0,0
22300261,2023-11-29 20:00:00,1610612763,1610612762,Regular Season,2023,1,Memphis Grizzlies,Utah Jazz,0,0
22300262,2023-11-29 20:00:00,1610612740,1610612755,Regular Season,2023,1,New Orleans Pelicans,Philadelphia 76ers,0,0
22300263,2023-11-29 21:00:00,1610612743,1610612745,Regular Season,2023,1,Denver Nuggets,Houston Rockets,0,0
22300264,2023-11-29 22:00:00,1610612758,1610612746,Regular Season,2023,0,Sacramento Kings,Los Angeles Clippers,0,0
22300265,2023-11-30 19:00:00,1610612739,1610612757,Regular Season,2023,0,Cleveland Cavaliers,Portland Trail Blazers,0,0
22300268,2023-11-30 19:30:00,1610612752,1610612765,Regular Season,2023,1,New York Knicks,Detroit Pistons,0,0
22300267,2023-11-30 19:30:00,1610612748,1610612754,Regular Season,2023,1,Miami Heat,Indiana Pacers,0,0
22300266,2023-11-30 19:30:00,1610612751,1610612766,Regular Season,2023,0,Brooklyn Nets,Charlotte Hornets,0,0
22300272,2023-11-30 20:00:00,1610612759,1610612737,Regular Season,2023,0,San Antonio Spurs,Atlanta Hawks,0,0
22300271,2023-11-30 20:00:00,1610612760,1610612747,Regular Season,2023,1,Oklahoma City Thunder,Los Angeles Lakers,0,0
22300270,2023-11-30 20:00:00,1610612750,1610612762,Regular Season,2023,1,Minnesota Timberwolves,Utah Jazz,0,0
22300269,2023-11-30 20:00:00,1610612741,1610612749,Regular Season,2023,1,Chicago Bulls,Milwaukee Bucks,0,0
22300273,2023-11-30 22:00:00,1610612744,1610612746,Regular Season,2023,1,Golden State Warriors,Los Angeles Clippers,0,0
22300274,2023-12-01 19:00:00,1610612753,1610612764,Regular Season,2023,1,Orlando Magic,Washington Wizards,0,0
22300277,2023-12-01 19:30:00,1610612742,1610612763,Regular Season,2023,0,Dallas Mavericks,Memphis Grizzlies,0,0
22300276,2023-12-01 19:30:00,1610612761,1610612752,Regular Season,2023,0,Toronto Raptors,New York Knicks,0,0
22300275,2023-12-01 19:30:00,1610612738,1610612755,Regular Season,2023,1,Boston Celtics,Philadelphia 76ers,0,0
22300278,2023-12-01 20:00:00,1610612740,1610612759,Regular Season,2023,1,New Orleans Pelicans,San Antonio Spurs,0,0
22300279,2023-12-01 22:00:00,1610612756,1610612743,Regular Season,2023,0,Phoenix Suns,Denver Nuggets,0,0
22300280,2023-12-02 16:00:00,1610612746,1610612744,Regular Season,2023,1,Los Angeles Clippers,Golden State Warriors,0,0
22300281,2023-12-02 17:00:00,1610612766,1610612750,Regular Season,2023,0,Charlotte Hornets,Minnesota Timberwolves,0,0
22300283,2023-12-02 19:00:00,1610612765,1610612739,Regular Season,2023,0,Detroit Pistons,Cleveland Cavaliers,0,0
22300282,2023-12-02 19:00:00,1610612751,1610612753,Regular Season,2023,1,Brooklyn Nets,Orlando Magic,0,0
22300286,2023-12-02 20:00:00,1610612749,1610612737,Regular Season,2023,1,Milwaukee Bucks,Atlanta Hawks,0,0
22300285,2023-12-02 20:00:00,1610612741,1610612740,Regular Season,2023,1,Chicago Bulls,New Orleans Pelicans,0,0
22300284,2023-12-02 20:00:00,1610612748,1610612754,Regular Season,2023,0,Miami Heat,Indiana Pacers,0,0
22300288,2023-12-02 21:00:00,1610612756,1610612763,Regular Season,2023,1,Phoenix Suns,Memphis Grizzlies,0,0
22300287,2023-12-02 21:00:00,1610612742,1610612760,Regular Season,2023,0,Dallas Mavericks,Oklahoma City Thunder,0,0
22300289,2023-12-02 21:30:00,1610612762,1610612757,Regular Season,2023,1,Utah Jazz,Portland Trail Blazers,0,0
22300290,2023-12-02 22:00:00,1610612758,1610612743,Regular Season,2023,1,Sacramento Kings,Denver Nuggets,0,0
22300291,2023-12-02 22:30:00,1610612747,1610612745,Regular Season,2023,1,Los Angeles Lakers,Houston Rockets,0,0
22301202,2023-12-04 19:30:00,1610612754,1610612738,NBA Emirates Cup,2023,1,Indiana Pacers,Boston Celtics,1,0
22301204,2023-12-04 22:00:00,1610612758,1610612740,NBA Emirates Cup,2023,0,Sacramento Kings,New Orleans Pelicans,1,0
22301201,2023-12-05 19:30:00,1610612749,1610612752,NBA Emirates Cup,2023,1,Milwaukee Bucks,New York Knicks,1,0
22301203,2023-12-05 22:00:00,1610612747,1610612756,NBA Emirates Cup,2023,1,Los Angeles Lakers,Phoenix Suns,1,0
22301208,2023-12-06 19:00:00,1610612764,1610612755,Regular Season,2023,0,Washington Wizards,Philadelphia 76ers,0,0
22301206,2023-12-06 19:00:00,1610612765,1610612763,Regular Season,2023,0,Detroit Pistons,Memphis Grizzlies,0,0
22301205,2023-12-06 19:00:00,1610612739,1610612753,Regular Season,2023,1,Cleveland Cavaliers,Orlando Magic,0,0
22301210,2023-12-06 19:30:00,1610612750,1610612759,Regular Season,2023,1,Minnesota Timberwolves,San Antonio Spurs,0,0
22301209,2023-12-06 19:30:00,1610612737,1610612751,Regular Season,2023,0,Atlanta Hawks,Brooklyn Nets,0,0
22301207,2023-12-06 19:30:00,1610612761,1610612748,Regular Season,2023,0,Toronto Raptors,Miami Heat,0,0
22301212,2023-12-06 20:00:00,1610612745,1610612760,Regular Season,2023,1,Houston Rockets,Oklahoma City Thunder,0,0
22301211,2023-12-06 20:00:00,1610612741,1610612766,Regular Season,2023,1,Chicago Bulls,Charlotte Hornets,0,0
22301213,2023-12-06 20:30:00,1610612742,1610612762,Regular Season,2023,1,Dallas Mavericks,Utah Jazz,0,0
22301215,2023-12-06 22:00:00,1610612746,1610612743,Regular Season,2023,1,Los Angeles Clippers,Denver Nuggets,0,0
22301214,2023-12-06 22:00:00,1610612744,1610612757,Regular Season,2023,1,Golden State Warriors,Portland Trail Blazers,0,0
22301229,2023-12-07 17:00:00,1610612749,1610612754,NBA Emirates Cup,2023,0,Milwaukee Bucks,Indiana Pacers,1,0
22301230,2023-12-07 21:00:00,1610612747,1610612740,NBA Emirates Cup,2023,1,Los Angeles Lakers,New Orleans Pelicans,1,0
22301216,2023-12-08 19:00:00,1610612766,1610612761,Regular Season,2023,1,Charlotte Hornets,Toronto Raptors,0,0
22301218,2023-12-08 19:00:00,1610612755,1610612737,Regular Season,2023,1,Philadelphia 76ers,Atlanta Hawks,0,0
22301217,2023-12-08 19:00:00,1610612753,1610612765,Regular Season,2023,1,Orlando Magic,Detroit Pistons,0,0
22301227,2023-12-08 19:30:00,1610612738,1610612752,Regular Season,2023,1,Boston Celtics,New York Knicks,0,0
22301219,2023-12-08 19:30:00,1610612751,1610612764,Regular Season,2023,1,Brooklyn Nets,Washington Wizards,0,0
22301222,2023-12-08 20:00:00,1610612760,1610612744,Regular Season,2023,1,Oklahoma City Thunder,Golden State Warriors,0,0
22301221,2023-12-08 20:00:00,1610612763,1610612750,Regular Season,2023,0,Memphis Grizzlies,Minnesota Timberwolves,0,0
22301220,2023-12-08 20:00:00,1610612748,1610612739,Regular Season,2023,0,Miami Heat,Cleveland Cavaliers,0,0
22301223,2023-12-08 20:30:00,1610612759,1610612741,Regular Season,2023,0,San Antonio Spurs,Chicago Bulls,0,0
22301228,2023-12-08 21:00:00,1610612756,1610612758,Regular Season,2023,0,Phoenix Suns,Sacramento Kings,0,0
22301224,2023-12-08 21:00:00,1610612743,1610612745,Regular Season,2023,0,Denver Nuggets,Houston Rockets,0,0
22301226,2023-12-08 22:00:00,1610612757,1610612742,Regular Season,2023,0,Portland Trail Blazers,Dallas Mavericks,0,0
22301225,2023-12-08 22:00:00,1610612762,1610612746,Regular Season,2023,0,Utah Jazz,Los Angeles Clippers,0,0
62300001,2023-12-09 20:30:00,1610612747,1610612754,NBA Cup,2023,1,Los Angeles Lakers,Indiana Pacers,1,0
22300292,2023-12-11 19:00:00,1610612766,1610612748,Regular Season,2023,0,Charlotte Hornets,Miami Heat,0,0
22300294,2023-12-11 19:00:00,1610612753,1610612739,Regular Season,2023,1,Orlando Magic,Cleveland Cavaliers,0,0
22300295,2023-12-11 19:00:00,1610612755,1610612764,Regular Season,2023,1,Philadelphia 76ers,Washington Wizards,0,0
22300293,2023-12-11 19:00:00,1610612765,1610612754,Regular Season,2023,0,Detroit Pistons,Indiana Pacers,0,0
22300296,2023-12-11 19:30:00,1610612737,1610612743,Regular Season,2023,0,Atlanta Hawks,Denver Nuggets,0,0
22300297,2023-12-11 19:30:00,1610612752,1610612761,Regular Season,2023,1,New York Knicks,Toronto Raptors,0,0
22300301,2023-12-11 20:00:00,1610612740,1610612750,Regular Season,2023,1,New Orleans Pelicans,Minnesota Timberwolves,0,0
22300298,2023-12-11 20:00:00,1610612745,1610612759,Regular Season,2023,1,Houston Rockets,San Antonio Spurs,0,0
22300302,2023-12-11 20:00:00,1610612760,1610612762,Regular Season,2023,1,Oklahoma City Thunder,Utah Jazz,0,0
22300300,2023-12-11 20:00:00,1610612749,1610612741,Regular Season,2023,1,Milwaukee Bucks,Chicago Bulls,0,0
22300299,2023-12-11 20:00:00,1610612763,1610612742,Regular Season,2023,0,Memphis Grizzlies,Dallas Mavericks,0,0
22300303,2023-12-11 22:00:00,1610612758,1610612751,Regular Season,2023,1,Sacramento Kings,Brooklyn Nets,0,0
22300304,2023-12-11 22:30:00,1610612746,1610612757,Regular Season,2023,1,Los Angeles Clippers,Portland Trail Blazers,0,0
22300306,2023-12-12 19:30:00,1610612742,1610612747,Regular Season,2023,1,Dallas Mavericks,Los Angeles Lakers,0,0
22300305,2023-12-12 19:30:00,1610612738,1610612739,Regular Season,2023,1,Boston Celtics,Cleveland Cavaliers,0,0
22300307,2023-12-12 20:00:00,1610612741,1610612743,Regular Season,2023,0,Chicago Bulls,Denver Nuggets,0,0
22300308,2023-12-12 22:00:00,1610612756,1610612744,Regular Season,2023,1,Phoenix Suns,Golden State Warriors,0,0
22300309,2023-12-12 22:30:00,1610612746,1610612758,Regular Season,2023,1,Los Angeles Clippers,Sacramento Kings,0,0
22300311,2023-12-13 19:00:00,1610612764,1610612740,Regular Season,2023,0,Washington Wizards,New Orleans Pelicans,0,0
22300310,2023-12-13 19:00:00,1610612765,1610612755,Regular Season,2023,0,Detroit Pistons,Philadelphia 76ers,0,0
22300312,2023-12-13 19:30:00,1610612748,1610612766,Regular Season,2023,1,Miami Heat,Charlotte Hornets,0,0
22300313,2023-12-13 19:30:00,1610612761,1610612737,Regular Season,2023,1,Toronto Raptors,Atlanta Hawks,0,0
22300315,2023-12-13 20:00:00,1610612749,1610612754,Regular Season,2023,1,Milwaukee Bucks,Indiana Pacers,0,0
22300314,2023-12-13 20:00:00,1610612745,1610612763,Regular Season,2023,1,Houston Rockets,Memphis Grizzlies,0,0
22300316,2023-12-13 20:00:00,1610612759,1610612747,Regular Season,2023,0,San Antonio Spurs,Los Angeles Lakers,0,0
22300318,2023-12-13 21:00:00,1610612762,1610612752,Regular Season,2023,1,Utah Jazz,New York Knicks,0,0
22300317,2023-12-13 21:00:00,1610612756,1610612751,Regular Season,2023,0,Phoenix Suns,Brooklyn Nets,0,0
22300320,2023-12-14 19:30:00,1610612748,1610612741,Regular Season,2023,0,Miami Heat,Chicago Bulls,0,0
22300319,2023-12-14 19:30:00,1610612738,1610612739,Regular Season,2023,1,Boston Celtics,Cleveland Cavaliers,0,0
22300321,2023-12-14 20:30:00,1610612742,1610612750,Regular Season,2023,0,Dallas Mavericks,Minnesota Timberwolves,0,0
22300322,2023-12-14 21:00:00,1610612743,1610612751,Regular Season,2023,1,Denver Nuggets,Brooklyn Nets,0,0
22300324,2023-12-14 22:00:00,1610612758,1610612760,Regular Season,2023,1,Sacramento Kings,Oklahoma City Thunder,0,0
22300323,2023-12-14 22:00:00,1610612757,1610612762,Regular Season,2023,0,Portland Trail Blazers,Utah Jazz,0,0
22300325,2023-12-14 22:30:00,1610612746,1610612744,Regular Season,2023,1,Los Angeles Clippers,Golden State Warriors,0,0
22300326,2023-12-15 19:00:00,1610612766,1610612740,Regular Season,2023,0,Charlotte Hornets,New Orleans Pelicans,0,0
22300327,2023-12-15 19:00:00,1610612755,1610612765,Regular Season,2023,1,Philadelphia 76ers,Detroit Pistons,0,0
22300328,2023-12-15 19:00:00,1610612764,1610612754,Regular Season,2023,1,Washington Wizards,Indiana Pacers,0,0
22300329,2023-12-15 19:30:00,1610612738,1610612753,Regular Season,2023,1,Boston Celtics,Orlando Magic,0,0
22300331,2023-12-15 19:30:00,1610612759,1610612747,Regular Season,2023,1,San Antonio Spurs,Los Angeles Lakers,0,0
22300330,2023-12-15 19:30:00,1610612761,1610612737,Regular Season,2023,0,Toronto Raptors,Atlanta Hawks,0,0
22300332,2023-12-15 20:00:00,1610612763,1610612745,Regular Season,2023,0,Memphis Grizzlies,Houston Rockets,0,0
22300333,2023-12-15 22:00:00,1610612756,1610612752,Regular Season,2023,0,Phoenix Suns,New York Knicks,0,0
22300334,2023-12-16 18:00:00,1610612749,1610612765,Regular Season,2023,1,Milwaukee Bucks,Detroit Pistons,0,0
22300335,2023-12-16 19:00:00,1610612766,1610612755,Regular Season,2023,0,Charlotte Hornets,Philadelphia 76ers,0,0
22300336,2023-12-16 19:30:00,1610612739,1610612737,Regular Season,2023,1,Cleveland Cavaliers,Atlanta Hawks,0,0
22300338,2023-12-16 20:00:00,1610612750,1610612754,Regular Season,2023,1,Minnesota Timberwolves,Indiana Pacers,0,0
22300337,2023-12-16 20:00:00,1610612748,1610612741,Regular Season,2023,1,Miami Heat,Chicago Bulls,0,0
22300339,2023-12-16 20:30:00,1610612744,1610612751,Regular Season,2023,1,Golden State Warriors,Brooklyn Nets,0,0
22300341,2023-12-16 21:00:00,1610612757,1610612742,Regular Season,2023,0,Portland Trail Blazers,Dallas Mavericks,0,0
22300340,2023-12-16 21:00:00,1610612743,1610612760,Regular Season,2023,0,Denver Nuggets,Oklahoma City Thunder,0,0
22300342,2023-12-16 22:00:00,1610612758,1610612762,Regular Season,2023,1,Sacramento Kings,Utah Jazz,0,0
22300343,2023-12-16 22:30:00,1610612746,1610612752,Regular Season,2023,1,Los Angeles Clippers,New York Knicks,0,0
22300344,2023-12-17 15:00:00,1610612738,1610612753,Regular Season,2023,1,Boston Celtics,Orlando Magic,0,0
22300345,2023-12-17 15:30:00,1610612759,1610612740,Regular Season,2023,0,San Antonio Spurs,New Orleans Pelicans,0,0
22300346,2023-12-17 19:00:00,1610612749,1610612745,Regular Season,2023,1,Milwaukee Bucks,Houston Rockets,0,0
22300347,2023-12-17 20:00:00,1610612756,1610612764,Regular Season,2023,1,Phoenix Suns,Washington Wizards,0,0
22300348,2023-12-17 21:00:00,1610612757,1610612744,Regular Season,2023,0,Portland Trail Blazers,Golden State Warriors,0,0
22300351,2023-12-18 19:00:00,1610612755,1610612741,Regular Season,2023,0,Philadelphia 76ers,Chicago Bulls,0,0
22300350,2023-12-18 19:00:00,1610612754,1610612746,Regular Season,2023,0,Indiana Pacers,Los Angeles Clippers,0,0
22300349,2023-12-18 19:00:00,1610612739,1610612745,Regular Season,2023,1,Cleveland Cavaliers,Houston Rockets,0,0
22300354,2023-12-18 19:30:00,1610612761,1610612766,Regular Season,2023,1,Toronto Raptors,Charlotte Hornets,0,0
22300353,2023-12-18 19:30:00,1610612748,1610612750,Regular Season,2023,0,Miami Heat,Minnesota Timberwolves,0,0
22300352,2023-12-18 19:30:00,1610612737,1610612765,Regular Season,2023,1,Atlanta Hawks,Detroit Pistons,0,0
22300355,2023-12-18 20:00:00,1610612760,1610612763,Regular Season,2023,1,Oklahoma City Thunder,Memphis Grizzlies,0,0
22300356,2023-12-18 21:00:00,1610612743,1610612742,Regular Season,2023,1,Denver Nuggets,Dallas Mavericks,0,0
22300357,2023-12-18 21:00:00,1610612762,1610612751,Regular Season,2023,1,Utah Jazz,Brooklyn Nets,0,0
22300358,2023-12-18 22:00:00,1610612758,1610612764,Regular Season,2023,1,Sacramento Kings,Washington Wizards,0,0
22300359,2023-12-18 22:30:00,1610612747,1610612752,Regular Season,2023,0,Los Angeles Lakers,New York Knicks,0,0
22300360,2023-12-19 19:30:00,1610612740,1610612763,Regular Season,2023,0,New Orleans Pelicans,Memphis Grizzlies,0,0
22300361,2023-12-19 20:00:00,1610612749,1610612759,Regular Season,2023,1,Milwaukee Bucks,San Antonio Spurs,0,0
22300363,2023-12-19 22:00:00,1610612757,1610612756,Regular Season,2023,1,Portland Trail Blazers,Phoenix Suns,0,0
22300362,2023-12-19 22:00:00,1610612744,1610612738,Regular Season,2023,1,Golden State Warriors,Boston Celtics,0,0
22300367,2023-12-20 19:00:00,1610612755,1610612750,Regular Season,2023,1,Philadelphia 76ers,Minnesota Timberwolves,0,0
22300366,2023-12-20 19:00:00,1610612753,1610612748,Regular Season,2023,0,Orlando Magic,Miami Heat,0,0
22300365,2023-12-20 19:00:00,1610612754,1610612766,Regular Season,2023,1,Indiana Pacers,Charlotte Hornets,0,0
22300364,2023-12-20 19:00:00,1610612739,1610612762,Regular Season,2023,1,Cleveland Cavaliers,Utah Jazz,0,0
22300369,2023-12-20 19:30:00,1610612761,1610612743,Regular Season,2023,0,Toronto Raptors,Denver Nuggets,0,0
22300368,2023-12-20 19:30:00,1610612751,1610612752,Regular Season,2023,0,Brooklyn Nets,New York Knicks,0,0
22300371,2023-12-20 20:00:00,1610612745,1610612737,Regular Season,2023,0,Houston Rockets,Atlanta Hawks,0,0
22300370,2023-12-20 20:00:00,1610612741,1610612747,Regular Season,2023,1,Chicago Bulls,Los Angeles Lakers,0,0
22300372,2023-12-20 20:30:00,1610612742,1610612746,Regular Season,2023,0,Dallas Mavericks,Los Angeles Clippers,0,0
22300373,2023-12-20 22:00:00,1610612758,1610612738,Regular Season,2023,0,Sacramento Kings,Boston Celtics,0,0
22300374,2023-12-21 19:00:00,1610612765,1610612762,Regular Season,2023,0,Detroit Pistons,Utah Jazz,0,0
22300375,2023-12-21 19:30:00,1610612739,1610612740,Regular Season,2023,0,Cleveland Cavaliers,New Orleans Pelicans,0,0
22300379,2023-12-21 20:00:00,1610612760,1610612746,Regular Season,2023,1,Oklahoma City Thunder,Los Angeles Clippers,0,0
22300378,2023-12-21 20:00:00,1610612749,1610612753,Regular Season,2023,1,Milwaukee Bucks,Orlando Magic,0,0
22300377,2023-12-21 20:00:00,1610612763,1610612754,Regular Season,2023,1,Memphis Grizzlies,Indiana Pacers,0,0
22300376,2023-12-21 20:00:00,1610612741,1610612759,Regular Season,2023,1,Chicago Bulls,San Antonio Spurs,0,0
22300380,2023-12-21 21:00:00,1610612750,1610612747,Regular Season,2023,1,Minnesota Timberwolves,Los Angeles Lakers,0,0
22300381,2023-12-21 22:00:00,1610612757,1610612764,Regular Season,2023,0,Portland Trail Blazers,Washington Wizards,0,0
22300382,2023-12-22 19:00:00,1610612755,1610612761,Regular Season,2023,1,Philadelphia 76ers,Toronto Raptors,0,0
22300383,2023-12-22 19:30:00,1610612751,1610612743,Regular Season,2023,0,Brooklyn Nets,Denver Nuggets,0,0
22300385,2023-12-22 20:00:00,1610612745,1610612742,Regular Season,2023,1,Houston Rockets,Dallas Mavericks,0,0
22300384,2023-12-22 20:00:00,1610612748,1610612737,Regular Season,2023,1,Miami Heat,Atlanta Hawks,0,0
22300387,2023-12-22 22:00:00,1610612758,1610612756,Regular Season,2023,1,Sacramento Kings,Phoenix Suns,0,0
22300386,2023-12-22 22:00:00,1610612744,1610612764,Regular Season,2023,1,Golden State Warriors,Washington Wizards,0,0
22300388,2023-12-23 12:30:00,1610612752,1610612749,Regular Season,2023,0,New York Knicks,Milwaukee Bucks,0,0
22300389,2023-12-23 15:30:00,1610612746,1610612738,Regular Season,2023,0,Los Angeles Clippers,Boston Celtics,0,0
22300390,2023-12-23 19:00:00,1610612766,1610612743,Regular Season,2023,0,Charlotte Hornets,Denver Nuggets,0,0
22300392,2023-12-23 19:00:00,1610612740,1610612745,Regular Season,2023,0,New Orleans Pelicans,Houston Rockets,0,0
22300391,2023-12-23 19:00:00,1610612754,1610612753,Regular Season,2023,0,Indiana Pacers,Orlando Magic,0,0
22300395,2023-12-23 19:30:00,1610612761,1610612762,Regular Season,2023,0,Toronto Raptors,Utah Jazz,0,0
22300394,2023-12-23 19:30:00,1610612751,1610612765,Regular Season,2023,1,Brooklyn Nets,Detroit Pistons,0,0
22300393,2023-12-23 19:30:00,1610612737,1610612763,Regular Season,2023,0,Atlanta Hawks,Memphis Grizzlies,0,0
22300397,2023-12-23 20:00:00,1610612760,1610612747,Regular Season,2023,0,Oklahoma City Thunder,Los Angeles Lakers,0,0
22300396,2023-12-23 20:00:00,1610612741,1610612739,Regular Season,2023,0,Chicago Bulls,Cleveland Cavaliers,0,0
22300399,2023-12-23 20:30:00,1610612744,1610612757,Regular Season,2023,1,Golden State Warriors,Portland Trail Blazers,0,0
22300398,2023-12-23 20:30:00,1610612742,1610612759,Regular Season,2023,1,Dallas Mavericks,San Antonio Spurs,0,0
22300400,2023-12-23 22:00:00,1610612758,1610612750,Regular Season,2023,0,Sacramento Kings,Minnesota Timberwolves,0,0
22300401,2023-12-25 12:00:00,1610612752,1610612749,Regular Season,2023,1,New York Knicks,Milwaukee Bucks,0,0
22300402,2023-12-25 14:30:00,1610612743,1610612744,Regular Season,2023,1,Denver Nuggets,Golden State Warriors,0,0
22300403,2023-12-25 17:00:00,1610612747,1610612738,Regular Season,2023,0,Los Angeles Lakers,Boston Celtics,0,0
22300404,2023-12-25 20:00:00,1610612748,1610612755,Regular Season,2023,1,Miami Heat,Philadelphia 76ers,0,0
22300405,2023-12-25 22:30:00,1610612756,1610612742,Regular Season,2023,0,Phoenix Suns,Dallas Mavericks,0,0
22300407,2023-12-26 19:00:00,1610612764,1610612753,Regular Season,2023,0,Washington Wizards,Orlando Magic,0,0
22300406,2023-12-26 19:00:00,1610612765,1610612751,Regular Season,2023,0,Detroit Pistons,Brooklyn Nets,0,0
22300412,2023-12-26 20:00:00,1610612759,1610612762,Regular Season,2023,0,San Antonio Spurs,Utah Jazz,0,0
22300411,2023-12-26 20:00:00,1610612760,1610612750,Regular Season,2023,1,Oklahoma City Thunder,Minnesota Timberwolves,0,0
22300410,2023-12-26 20:00:00,1610612740,1610612763,Regular Season,2023,0,New Orleans Pelicans,Memphis Grizzlies,0,0
22300409,2023-12-26 20:00:00,1610612745,1610612754,Regular Season,2023,0,Houston Rockets,Indiana Pacers,0,0
22300408,2023-12-26 20:00:00,1610612741,1610612737,Regular Season,2023,1,Chicago Bulls,Atlanta Hawks,0,0
22300413,2023-12-26 22:00:00,1610612757,1610612758,Regular Season,2023,1,Portland Trail Blazers,Sacramento Kings,0,0
22300414,2023-12-26 22:30:00,1610612746,1610612766,Regular Season,2023,1,Los Angeles Clippers,Charlotte Hornets,0,0
22300416,2023-12-27 19:00:00,1610612764,1610612761,Regular Season,2023,0,Washington Wizards,Toronto Raptors,0,0
22300415,2023-12-27 19:00:00,1610612753,1610612755,Regular Season,2023,0,Orlando Magic,Philadelphia 76ers,0,0
22300417,2023-12-27 19:30:00,1610612751,1610612749,Regular Season,2023,0,Brooklyn Nets,Milwaukee Bucks,0,0
22300419,2023-12-27 20:00:00,1610612760,1610612752,Regular Season,2023,1,Oklahoma City Thunder,New York Knicks,0,0
22300418,2023-12-27 20:00:00,1610612745,1610612756,Regular Season,2023,0,Houston Rockets,Phoenix Suns,0,0
22300420,2023-12-27 20:30:00,1610612742,1610612739,Regular Season,2023,0,Dallas Mavericks,Cleveland Cavaliers,0,0
22300421,2023-12-28 19:30:00,1610612738,1610612765,Regular Season,2023,1,Boston Celtics,Detroit Pistons,0,0
22300422,2023-12-28 20:00:00,1610612741,1610612754,Regular Season,2023,0,Chicago Bulls,Indiana Pacers,0,0
22300424,2023-12-28 20:00:00,1610612740,1610612762,Regular Season,2023,1,New Orleans Pelicans,Utah Jazz,0,0
22300423,2023-12-28 20:00:00,1610612750,1610612742,Regular Season,2023,1,Minnesota Timberwolves,Dallas Mavericks,0,0
22300425,2023-12-28 21:00:00,1610612743,1610612763,Regular Season,2023,1,Denver Nuggets,Memphis Grizzlies,0,0
22300427,2023-12-28 22:00:00,1610612757,1610612759,Regular Season,2023,0,Portland Trail Blazers,San Antonio Spurs,0,0
22300426,2023-12-28 22:00:00,1610612744,1610612748,Regular Season,2023,0,Golden State Warriors,Miami Heat,0,0
22300428,2023-12-28 22:30:00,1610612747,1610612766,Regular Season,2023,1,Los Angeles Lakers,Charlotte Hornets,0,0
22300430,2023-12-29 19:00:00,1610612764,1610612751,Regular Season,2023,1,Washington Wizards,Brooklyn Nets,0,0
22300429,2023-12-29 19:00:00,1610612753,1610612752,Regular Season,2023,1,Orlando Magic,New York Knicks,0,0
22300433,2023-12-29 19:30:00,1610612739,1610612749,Regular Season,2023,0,Cleveland Cavaliers,Milwaukee Bucks,0,0
22300432,2023-12-29 19:30:00,1610612738,1610612761,Regular Season,2023,1,Boston Celtics,Toronto Raptors,0,0
22300431,2023-12-29 19:30:00,1610612737,1610612758,Regular Season,2023,0,Atlanta Hawks,Sacramento Kings,0,0
22300434,2023-12-29 20:00:00,1610612745,1610612755,Regular Season,2023,0,Houston Rockets,Philadelphia 76ers,0,0
22300436,2023-12-29 21:00:00,1610612756,1610612766,Regular Season,2023,1,Phoenix Suns,Charlotte Hornets,0,0
22300435,2023-12-29 21:00:00,1610612743,1610612760,Regular Season,2023,0,Denver Nuggets,Oklahoma City Thunder,0,0
22300437,2023-12-29 22:00:00,1610612757,1610612759,Regular Season,2023,1,Portland Trail Blazers,San Antonio Spurs,0,0
22300438,2023-12-29 22:30:00,1610612746,1610612763,Regular Season,2023,1,Los Angeles Clippers,Memphis Grizzlies,0,0
22300439,2023-12-30 17:00:00,1610612762,1610612748,Regular Season,2023,1,Utah Jazz,Miami Heat,0,0
22300440,2023-12-30 18:00:00,1610612765,1610612761,Regular Season,2023,1,Detroit Pistons,Toronto Raptors,0,0
22300441,2023-12-30 19:00:00,1610612754,1610612752,Regular Season,2023,1,Indiana Pacers,New York Knicks,0,0
22300443,2023-12-30 20:00:00,1610612750,1610612747,Regular Season,2023,1,Minnesota Timberwolves,Los Angeles Lakers,0,0
22300442,2023-12-30 20:00:00,1610612741,1610612755,Regular Season,2023,1,Chicago Bulls,Philadelphia 76ers,0,0
22300444,2023-12-30 20:30:00,1610612744,1610612742,Regular Season,2023,0,Golden State Warriors,Dallas Mavericks,0,0
22300445,2023-12-31 15:00:00,1610612764,1610612737,Regular Season,2023,0,Washington Wizards,Atlanta Hawks,0,0
22300446,2023-12-31 19:00:00,1610612740,1610612747,Regular Season,2023,1,New Orleans Pelicans,Los Angeles Lakers,0,0
22300448,2023-12-31 19:00:00,1610612759,1610612738,Regular Season,2023,0,San Antonio Spurs,Boston Celtics,0,0
22300447,2023-12-31 19:00:00,1610612760,1610612751,Regular Season,2023,1,Oklahoma City Thunder,Brooklyn Nets,0,0
22300449,2023-12-31 20:00:00,1610612763,1610612758,Regular Season,2023,0,Memphis Grizzlies,Sacramento Kings,0,0
22300450,2023-12-31 20:00:00,1610612756,1610612753,Regular Season,2023,1,Phoenix Suns,Orlando Magic,0,0
22300451,2024-01-01 15:00:00,1610612752,1610612750,Regular Season,2024,1,New York Knicks,Minnesota Timberwolves,0,0
22300452,2024-01-01 19:30:00,1610612761,1610612739,Regular Season,2024,1,Toronto Raptors,Cleveland Cavaliers,0,0
22300454,2024-01-01 20:00:00,1610612749,1610612754,Regular Season,2024,0,Milwaukee Bucks,Indiana Pacers,0,0
22300453,2024-01-01 20:00:00,1610612745,1610612765,Regular Season,2024,1,Houston Rockets,Detroit Pistons,0,0
22300457,2024-01-01 21:00:00,1610612762,1610612742,Regular Season,2024,1,Utah Jazz,Dallas Mavericks,0,0
22300456,2024-01-01 21:00:00,1610612756,1610612757,Regular Season,2024,1,Phoenix Suns,Portland Trail Blazers,0,0
22300455,2024-01-01 21:00:00,1610612743,1610612766,Regular Season,2024,1,Denver Nuggets,Charlotte Hornets,0,0
22300458,2024-01-01 22:30:00,1610612746,1610612748,Regular Season,2024,1,Los Angeles Clippers,Miami Heat,0,0
22300459,2024-01-02 19:00:00,1610612755,1610612741,Regular Season,2024,1,Philadelphia 76ers,Chicago Bulls,0,0
22300462,2024-01-02 20:00:00,1610612760,1610612738,Regular Season,2024,1,Oklahoma City Thunder,Boston Celtics,0,0
22300461,2024-01-02 20:00:00,1610612740,1610612751,Regular Season,2024,1,New Orleans Pelicans,Brooklyn Nets,0,0
22300460,2024-01-02 20:00:00,1610612763,1610612759,Regular Season,2024,1,Memphis Grizzlies,San Antonio Spurs,0,0
22300464,2024-01-02 22:00:00,1610612758,1610612766,Regular Season,2024,0,Sacramento Kings,Charlotte Hornets,0,0
22300463,2024-01-02 22:00:00,1610612744,1610612753,Regular Season,2024,1,Golden State Warriors,Orlando Magic,0,0
22300465,2024-01-03 19:00:00,1610612739,1610612764,Regular Season,2024,1,Cleveland Cavaliers,Washington Wizards,0,0
22300466,2024-01-03 19:00:00,1610612754,1610612749,Regular Season,2024,1,Indiana Pacers,Milwaukee Bucks,0,0
22300467,2024-01-03 19:30:00,1610612737,1610612760,Regular Season,2024,1,Atlanta Hawks,Oklahoma City Thunder,0,0
22300471,2024-01-03 20:00:00,1610612750,1610612740,Regular Season,2024,0,Minnesota Timberwolves,New Orleans Pelicans,0,0
22300470,2024-01-03 20:00:00,1610612763,1610612761,Regular Season,2024,0,Memphis Grizzlies,Toronto Raptors,0,0
22300469,2024-01-03 20:00:00,1610612745,1610612751,Regular Season,2024,1,Houston Rockets,Brooklyn Nets,0,0
22300472,2024-01-03 20:30:00,1610612742,1610612757,Regular Season,2024,1,Dallas Mavericks,Portland Trail Blazers,0,0
22300468,2024-01-03 20:30:00,1610612752,1610612741,Regular Season,2024,1,New York Knicks,Chicago Bulls,0,0
22300474,2024-01-03 21:00:00,1610612762,1610612765,Regular Season,2024,1,Utah Jazz,Detroit Pistons,0,0
22300473,2024-01-03 21:00:00,1610612756,1610612746,Regular Season,2024,0,Phoenix Suns,Los Angeles Clippers,0,0
22300476,2024-01-03 22:00:00,1610612758,1610612753,Regular Season,2024,1,Sacramento Kings,Orlando Magic,0,0
22300475,2024-01-03 22:00:00,1610612747,1610612748,Regular Season,2024,0,Los Angeles Lakers,Miami Heat,0,0
22300477,2024-01-04 19:30:00,1610612759,1610612749,Regular Season,2024,0,San Antonio Spurs,Milwaukee Bucks,0,0
22300478,2024-01-04 22:00:00,1610612744,1610612743,Regular Season,2024,0,Golden State Warriors,Denver Nuggets,0,0
22300479,2024-01-05 19:00:00,1610612738,1610612762,Regular Season,2024,1,Boston Celtics,Utah Jazz,0,0
22300480,2024-01-05 19:00:00,1610612754,1610612737,Regular Season,2024,1,Indiana Pacers,Atlanta Hawks,0,0
22300481,2024-01-05 19:30:00,1610612751,1610612760,Regular Season,2024,1,Brooklyn Nets,Oklahoma City Thunder,0,0
22300483,2024-01-05 19:30:00,1610612755,1610612752,Regular Season,2024,0,Philadelphia 76ers,New York Knicks,0,0
22300482,2024-01-05 19:30:00,1610612739,1610612764,Regular Season,2024,1,Cleveland Cavaliers,Washington Wizards,0,0
22300486,2024-01-05 20:00:00,1610612740,1610612746,Regular Season,2024,0,New Orleans Pelicans,Los Angeles Clippers,0,0
22300485,2024-01-05 20:00:00,1610612745,1610612750,Regular Season,2024,0,Houston Rockets,Minnesota Timberwolves,0,0
22300484,2024-01-05 20:00:00,1610612741,1610612766,Regular Season,2024,1,Chicago Bulls,Charlotte Hornets,0,0
22300487,2024-01-05 20:30:00,1610612742,1610612757,Regular Season,2024,1,Dallas Mavericks,Portland Trail Blazers,0,0
22300489,2024-01-05 21:00:00,1610612756,1610612748,Regular Season,2024,1,Phoenix Suns,Miami Heat,0,0
22300488,2024-01-05 21:00:00,1610612743,1610612753,Regular Season,2024,0,Denver Nuggets,Orlando Magic,0,0
22300492,2024-01-05 22:00:00,1610612758,1610612761,Regular Season,2024,1,Sacramento Kings,Toronto Raptors,0,0
22300491,2024-01-05 22:00:00,1610612747,1610612763,Regular Season,2024,0,Los Angeles Lakers,Memphis Grizzlies,0,0
22300490,2024-01-05 22:00:00,1610612744,1610612765,Regular Season,2024,1,Golden State Warriors,Detroit Pistons,0,0
22300494,2024-01-06 19:00:00,1610612764,1610612752,Regular Season,2024,0,Washington Wizards,New York Knicks,0,0
22300493,2024-01-06 19:00:00,1610612754,1610612738,Regular Season,2024,0,Indiana Pacers,Boston Celtics,0,0
22300495,2024-01-06 19:30:00,1610612755,1610612762,Regular Season,2024,0,Philadelphia 76ers,Utah Jazz,0,0
22300496,2024-01-06 20:00:00,1610612745,1610612749,Regular Season,2024,1,Houston Rockets,Milwaukee Bucks,0,0
22300497,2024-01-07 13:00:00,1610612739,1610612759,Regular Season,2024,1,Cleveland Cavaliers,San Antonio Spurs,0,0
22300498,2024-01-07 15:00:00,1610612751,1610612757,Regular Season,2024,0,Brooklyn Nets,Portland Trail Blazers,0,0
22300500,2024-01-07 18:00:00,1610612758,1610612740,Regular Season,2024,0,Sacramento Kings,New Orleans Pelicans,0,0
22300499,2024-01-07 18:00:00,1610612753,1610612737,Regular Season,2024,1,Orlando Magic,Atlanta Hawks,0,0
22300501,2024-01-07 19:30:00,1610612742,1610612750,Regular Season,2024,1,Dallas Mavericks,Minnesota Timberwolves,0,0
22300503,2024-01-07 20:00:00,1610612756,1610612763,Regular Season,2024,0,Phoenix Suns,Memphis Grizzlies,0,0
22300502,2024-01-07 20:00:00,1610612743,1610612765,Regular Season,2024,1,Denver Nuggets,Detroit Pistons,0,0
22300504,2024-01-07 20:30:00,1610612744,1610612761,Regular Season,2024,0,Golden State Warriors,Toronto Raptors,0,0
22300505,2024-01-07 21:30:00,1610612747,1610612746,Regular Season,2024,1,Los Angeles Lakers,Los Angeles Clippers,0,0
22300508,2024-01-08 19:00:00,1610612764,1610612760,Regular Season,2024,0,Washington Wizards,Oklahoma City Thunder,0,0
22300507,2024-01-08 19:00:00,1610612754,1610612738,Regular Season,2024,1,Indiana Pacers,Boston Celtics,0,0
22300506,2024-01-08 19:00:00,1610612766,1610612741,Regular Season,2024,0,Charlotte Hornets,Chicago Bulls,0,0
22300509,2024-01-08 19:30:00,1610612748,1610612745,Regular Season,2024,1,Miami Heat,Houston Rockets,0,0
22300510,2024-01-08 20:00:00,1610612749,1610612762,Regular Season,2024,0,Milwaukee Bucks,Utah Jazz,0,0
22300511,2024-01-08 22:30:00,1610612746,1610612756,Regular Season,2024,1,Los Angeles Clippers,Phoenix Suns,0,0
22300512,2024-01-09 19:00:00,1610612765,1610612758,Regular Season,2024,0,Detroit Pistons,Sacramento Kings,0,0
22300513,2024-01-09 19:00:00,1610612753,1610612750,Regular Season,2024,0,Orlando Magic,Minnesota Timberwolves,0,0
22300514,2024-01-09 19:30:00,1610612752,1610612757,Regular Season,2024,1,New York Knicks,Portland Trail Blazers,0,0
22300515,2024-01-09 20:30:00,1610612742,1610612763,Regular Season,2024,0,Dallas Mavericks,Memphis Grizzlies,0,0
22300516,2024-01-09 22:30:00,1610612747,1610612761,Regular Season,2024,1,Los Angeles Lakers,Toronto Raptors,0,0
22300520,2024-01-10 19:00:00,1610612754,1610612764,Regular Season,2024,1,Indiana Pacers,Washington Wizards,0,0
22300519,2024-01-10 19:00:00,1610612765,1610612759,Regular Season,2024,0,Detroit Pistons,San Antonio Spurs,0,0
22300518,2024-01-10 19:00:00,1610612766,1610612758,Regular Season,2024,0,Charlotte Hornets,Sacramento Kings,0,0
22300517,2024-01-10 19:00:00,1610612738,1610612750,Regular Season,2024,1,Boston Celtics,Minnesota Timberwolves,0,0
22300522,2024-01-10 19:30:00,1610612748,1610612760,Regular Season,2024,0,Miami Heat,Oklahoma City Thunder,0,0
22300521,2024-01-10 19:30:00,1610612737,1610612755,Regular Season,2024,1,Atlanta Hawks,Philadelphia 76ers,0,0
22300523,2024-01-10 20:00:00,1610612741,1610612745,Regular Season,2024,1,Chicago Bulls,Houston Rockets,0,0
22300525,2024-01-10 20:30:00,1610612744,1610612740,Regular Season,2024,0,Golden State Warriors,New Orleans Pelicans,0,0
22300524,2024-01-10 22:00:00,1610612762,1610612743,Regular Season,2024,1,Utah Jazz,Denver Nuggets,0,0
22300526,2024-01-10 22:30:00,1610612746,1610612761,Regular Season,2024,1,Los Angeles Clippers,Toronto Raptors,0,0
22300527,2024-01-11 14:00:00,1610612739,1610612751,Regular Season,2024,1,Cleveland Cavaliers,Brooklyn Nets,0,0
22300528,2024-01-11 19:30:00,1610612749,1610612738,Regular Season,2024,1,Milwaukee Bucks,Boston Celtics,0,0
22300529,2024-01-11 20:00:00,1610612760,1610612757,Regular Season,2024,1,Oklahoma City Thunder,Portland Trail Blazers,0,0
22300530,2024-01-11 20:30:00,1610612742,1610612752,Regular Season,2024,1,Dallas Mavericks,New York Knicks,0,0
22300531,2024-01-11 22:00:00,1610612747,1610612756,Regular Season,2024,0,Los Angeles Lakers,Phoenix Suns,0,0
22300534,2024-01-12 19:30:00,1610612765,1610612745,Regular Season,2024,0,Detroit Pistons,Houston Rockets,0,0
22300533,2024-01-12 19:30:00,1610612737,1610612754,Regular Season,2024,0,Atlanta Hawks,Indiana Pacers,0,0
22300532,2024-01-12 19:30:00,1610612755,1610612758,Regular Season,2024,1,Philadelphia 76ers,Sacramento Kings,0,0
22300541,2024-01-12 20:00:00,1610612759,1610612766,Regular Season,2024,1,San Antonio Spurs,Charlotte Hornets,0,0
22300538,2024-01-12 20:00:00,1610612750,1610612757,Regular Season,2024,1,Minnesota Timberwolves,Portland Trail Blazers,0,0
22300537,2024-01-12 20:00:00,1610612763,1610612746,Regular Season,2024,0,Memphis Grizzlies,Los Angeles Clippers,0,0
22300536,2024-01-12 20:00:00,1610612741,1610612744,Regular Season,2024,0,Chicago Bulls,Golden State Warriors,0,0
22300535,2024-01-12 20:00:00,1610612748,1610612753,Regular Season,2024,1,Miami Heat,Orlando Magic,0,0
22300540,2024-01-12 21:30:00,1610612762,1610612761,Regular Season,2024,1,Utah Jazz,Toronto Raptors,0,0
22300539,2024-01-12 22:00:00,1610612743,1610612740,Regular Season,2024,1,Denver Nuggets,New Orleans Pelicans,0,0
22300542,2024-01-13 19:00:00,1610612738,1610612745,Regular Season,2024,1,Boston Celtics,Houston Rockets,0,0
22300543,2024-01-13 19:30:00,1610612737,1610612764,Regular Season,2024,0,Atlanta Hawks,Washington Wizards,0,0
22300545,2024-01-13 20:00:00,1610612749,1610612744,Regular Season,2024,1,Milwaukee Bucks,Golden State Warriors,0,0
22300546,2024-01-13 20:00:00,1610612760,1610612753,Regular Season,2024,1,Oklahoma City Thunder,Orlando Magic,0,0
22300544,2024-01-13 20:00:00,1610612763,1610612752,Regular Season,2024,0,Memphis Grizzlies,New York Knicks,0,0
22300548,2024-01-13 20:30:00,1610612759,1610612741,Regular Season,2024,0,San Antonio Spurs,Chicago Bulls,0,0
22300547,2024-01-13 20:30:00,1610612742,1610612740,Regular Season,2024,0,Dallas Mavericks,New Orleans Pelicans,0,0
22300549,2024-01-13 21:30:00,1610612762,1610612747,Regular Season,2024,1,Utah Jazz,Los Angeles Lakers,0,0
22300550,2024-01-14 15:30:00,1610612743,1610612754,Regular Season,2024,1,Denver Nuggets,Indiana Pacers,0,0
22300551,2024-01-14 18:00:00,1610612748,1610612766,Regular Season,2024,1,Miami Heat,Charlotte Hornets,0,0
22300552,2024-01-14 19:00:00,1610612749,1610612758,Regular Season,2024,1,Milwaukee Bucks,Sacramento Kings,0,0
22300553,2024-01-14 19:00:00,1610612750,1610612746,Regular Season,2024,1,Minnesota Timberwolves,Los Angeles Clippers,0,0
22300554,2024-01-14 21:00:00,1610612757,1610612756,Regular Season,2024,0,Portland Trail Blazers,Phoenix Suns,0,0
22300555,2024-01-15 13:00:00,1610612755,1610612745,Regular Season,2024,1,Philadelphia 76ers,Houston Rockets,0,0
22300556,2024-01-15 14:30:00,1610612742,1610612740,Regular Season,2024,1,Dallas Mavericks,New Orleans Pelicans,0,0
22300558,2024-01-15 15:00:00,1610612764,1610612765,Regular Season,2024,0,Washington Wizards,Detroit Pistons,0,0
22300557,2024-01-15 15:00:00,1610612752,1610612753,Regular Season,2024,0,New York Knicks,Orlando Magic,0,0
22300559,2024-01-15 15:30:00,1610612737,1610612759,Regular Season,2024,1,Atlanta Hawks,San Antonio Spurs,0,0
22300560,2024-01-15 18:00:00,1610612763,1610612744,Regular Season,2024,1,Memphis Grizzlies,Golden State Warriors,0,0
22300561,2024-01-15 19:00:00,1610612739,1610612741,Regular Season,2024,1,Cleveland Cavaliers,Chicago Bulls,0,0
22300563,2024-01-15 19:30:00,1610612761,1610612738,Regular Season,2024,0,Toronto Raptors,Boston Celtics,0,0
22300562,2024-01-15 19:30:00,1610612751,1610612748,Regular Season,2024,0,Brooklyn Nets,Miami Heat,0,0
22300564,2024-01-15 21:00:00,1610612762,1610612754,Regular Season,2024,1,Utah Jazz,Indiana Pacers,0,0
22300565,2024-01-15 22:30:00,1610612747,1610612760,Regular Season,2024,1,Los Angeles Lakers,Oklahoma City Thunder,0,0
22300566,2024-01-16 19:30:00,1610612755,1610612743,Regular Season,2024,1,Philadelphia 76ers,Denver Nuggets,0,0
22300567,2024-01-16 21:00:00,1610612756,1610612758,Regular Season,2024,1,Phoenix Suns,Sacramento Kings,0,0
22300568,2024-01-16 22:00:00,1610612746,1610612760,Regular Season,2024,1,Los Angeles Clippers,Oklahoma City Thunder,0,0
22300569,2024-01-17 19:00:00,1610612765,1610612750,Regular Season,2024,0,Detroit Pistons,Minnesota Timberwolves,0,0
22300574,2024-01-17 19:30:00,1610612761,1610612748,Regular Season,2024,1,Toronto Raptors,Miami Heat,0,0
22300573,2024-01-17 19:30:00,1610612752,1610612745,Regular Season,2024,1,New York Knicks,Houston Rockets,0,0
22300572,2024-01-17 19:30:00,1610612739,1610612749,Regular Season,2024,1,Cleveland Cavaliers,Milwaukee Bucks,0,0
22300571,2024-01-17 19:30:00,1610612738,1610612759,Regular Season,2024,1,Boston Celtics,San Antonio Spurs,0,0
22300570,2024-01-17 19:30:00,1610612737,1610612753,Regular Season,2024,1,Atlanta Hawks,Orlando Magic,0,0
22300575,2024-01-17 20:00:00,1610612740,1610612766,Regular Season,2024,1,New Orleans Pelicans,Charlotte Hornets,0,0
22300577,2024-01-17 20:30:00,1610612747,1610612742,Regular Season,2024,1,Los Angeles Lakers,Dallas Mavericks,0,0
22300578,2024-01-17 22:00:00,1610612757,1610612751,Regular Season,2024,1,Portland Trail Blazers,Brooklyn Nets,0,0
22300579,2024-01-18 19:30:00,1610612752,1610612764,Regular Season,2024,1,New York Knicks,Washington Wizards,0,0
22300580,2024-01-18 19:30:00,1610612761,1610612741,Regular Season,2024,0,Toronto Raptors,Chicago Bulls,0,0
22300581,2024-01-18 21:00:00,1610612762,1610612760,Regular Season,2024,0,Utah Jazz,Oklahoma City Thunder,0,0
22300582,2024-01-18 22:00:00,1610612750,1610612763,Regular Season,2024,1,Minnesota Timberwolves,Memphis Grizzlies,0,0
22300583,2024-01-18 22:00:00,1610612758,1610612754,Regular Season,2024,0,Sacramento Kings,Indiana Pacers,0,0
22300585,2024-01-19 19:00:00,1610612753,1610612755,Regular Season,2024,0,Orlando Magic,Philadelphia 76ers,0,0
22300584,2024-01-19 19:00:00,1610612766,1610612759,Regular Season,2024,1,Charlotte Hornets,San Antonio Spurs,0,0
22300586,2024-01-19 19:30:00,1610612738,1610612743,Regular Season,2024,0,Boston Celtics,Denver Nuggets,0,0
22300588,2024-01-19 20:00:00,1610612740,1610612756,Regular Season,2024,0,New Orleans Pelicans,Phoenix Suns,0,0
22300587,2024-01-19 20:00:00,1610612748,1610612737,Regular Season,2024,0,Miami Heat,Atlanta Hawks,0,0
22300590,2024-01-19 22:00:00,1610612757,1610612754,Regular Season,2024,1,Portland Trail Blazers,Indiana Pacers,0,0
22300591,2024-01-19 22:30:00,1610612747,1610612751,Regular Season,2024,0,Los Angeles Lakers,Brooklyn Nets,0,0
22300592,2024-01-20 15:00:00,1610612765,1610612749,Regular Season,2024,0,Detroit Pistons,Milwaukee Bucks,0,0
22300594,2024-01-20 19:00:00,1610612764,1610612759,Regular Season,2024,0,Washington Wizards,San Antonio Spurs,0,0
22300593,2024-01-20 19:00:00,1610612766,1610612755,Regular Season,2024,0,Charlotte Hornets,Philadelphia 76ers,0,0
22300595,2024-01-20 19:30:00,1610612737,1610612739,Regular Season,2024,0,Atlanta Hawks,Cleveland Cavaliers,0,0
22300596,2024-01-20 19:30:00,1610612752,1610612761,Regular Season,2024,1,New York Knicks,Toronto Raptors,0,0
22300599,2024-01-20 20:00:00,1610612750,1610612760,Regular Season,2024,0,Minnesota Timberwolves,Oklahoma City Thunder,0,0
22300598,2024-01-20 20:00:00,1610612745,1610612762,Regular Season,2024,1,Houston Rockets,Utah Jazz,0,0
22300597,2024-01-20 20:00:00,1610612741,1610612763,Regular Season,2024,1,Chicago Bulls,Memphis Grizzlies,0,0
22300600,2024-01-21 15:30:00,1610612746,1610612751,Regular Season,2024,1,Los Angeles Clippers,Brooklyn Nets,0,0
22300602,2024-01-21 18:00:00,1610612764,1610612743,Regular Season,2024,0,Washington Wizards,Denver Nuggets,0,0
22300601,2024-01-21 18:00:00,1610612753,1610612748,Regular Season,2024,1,Orlando Magic,Miami Heat,0,0
22300603,2024-01-21 19:00:00,1610612745,1610612738,Regular Season,2024,0,Houston Rockets,Boston Celtics,0,0
22300604,2024-01-21 20:00:00,1610612756,1610612754,Regular Season,2024,1,Phoenix Suns,Indiana Pacers,0,0
22300605,2024-01-21 22:00:00,1610612747,1610612757,Regular Season,2024,1,Los Angeles Lakers,Portland Trail Blazers,0,0
22300608,2024-01-22 19:00:00,1610612755,1610612759,Regular Season,2024,1,Philadelphia 76ers,San Antonio Spurs,0,0
22300607,2024-01-22 19:00:00,1610612753,1610612739,Regular Season,2024,0,Orlando Magic,Cleveland Cavaliers,0,0
22300606,2024-01-22 19:00:00,1610612765,1610612749,Regular Season,2024,0,Detroit Pistons,Milwaukee Bucks,0,0
22300609,2024-01-22 19:30:00,1610612761,1610612763,Regular Season,2024,0,Toronto Raptors,Memphis Grizzlies,0,0
22300610,2024-01-22 20:00:00,1610612750,1610612766,Regular Season,2024,0,Minnesota Timberwolves,Charlotte Hornets,0,0
22300611,2024-01-22 20:30:00,1610612742,1610612738,Regular Season,2024,0,Dallas Mavericks,Boston Celtics,0,0
22300612,2024-01-22 21:00:00,1610612756,1610612741,Regular Season,2024,1,Phoenix Suns,Chicago Bulls,0,0
22300613,2024-01-22 22:00:00,1610612758,1610612737,Regular Season,2024,1,Sacramento Kings,Atlanta Hawks,0,0
22300614,2024-01-23 19:00:00,1610612754,1610612743,Regular Season,2024,0,Indiana Pacers,Denver Nuggets,0,0
22300615,2024-01-23 19:30:00,1610612751,1610612752,Regular Season,2024,0,Brooklyn Nets,New York Knicks,0,0
22300617,2024-01-23 20:00:00,1610612760,1610612757,Regular Season,2024,1,Oklahoma City Thunder,Portland Trail Blazers,0,0
22300616,2024-01-23 20:00:00,1610612740,1610612762,Regular Season,2024,1,New Orleans Pelicans,Utah Jazz,0,0
22300618,2024-01-23 22:00:00,1610612746,1610612747,Regular Season,2024,1,Los Angeles Clippers,Los Angeles Lakers,0,0
22300620,2024-01-24 19:00:00,1610612764,1610612750,Regular Season,2024,0,Washington Wizards,Minnesota Timberwolves,0,0
22300619,2024-01-24 19:00:00,1610612765,1610612766,Regular Season,2024,1,Detroit Pistons,Charlotte Hornets,0,0
22300621,2024-01-24 19:30:00,1610612748,1610612763,Regular Season,2024,0,Miami Heat,Memphis Grizzlies,0,0
22300624,2024-01-24 20:00:00,1610612749,1610612739,Regular Season,2024,1,Milwaukee Bucks,Cleveland Cavaliers,0,0
22300623,2024-01-24 20:00:00,1610612745,1610612757,Regular Season,2024,0,Houston Rockets,Portland Trail Blazers,0,0
22300625,2024-01-24 20:30:00,1610612742,1610612756,Regular Season,2024,0,Dallas Mavericks,Phoenix Suns,0,0
22300622,2024-01-24 21:30:00,1610612759,1610612760,Regular Season,2024,0,San Antonio Spurs,Oklahoma City Thunder,0,0
22300626,2024-01-24 22:00:00,1610612744,1610612737,Regular Season,2024,1,Golden State Warriors,Atlanta Hawks,0,0
22300628,2024-01-25 19:00:00,1610612764,1610612762,Regular Season,2024,0,Washington Wizards,Utah Jazz,0,0
22300627,2024-01-25 19:00:00,1610612754,1610612755,Regular Season,2024,1,Indiana Pacers,Philadelphia 76ers,0,0
22300631,2024-01-25 19:30:00,1610612752,1610612743,Regular Season,2024,1,New York Knicks,Denver Nuggets,0,0
22300630,2024-01-25 19:30:00,1610612748,1610612738,Regular Season,2024,0,Miami Heat,Boston Celtics,0,0
22300629,2024-01-25 19:30:00,1610612751,1610612750,Regular Season,2024,0,Brooklyn Nets,Minnesota Timberwolves,0,0
22300632,2024-01-25 22:00:00,1610612744,1610612758,Regular Season,2024,0,Golden State Warriors,Sacramento Kings,0,0
22300633,2024-01-25 22:30:00,1610612747,1610612741,Regular Season,2024,1,Los Angeles Lakers,Chicago Bulls,0,0
22300636,2024-01-26 19:00:00,1610612754,1610612756,Regular Season,2024,1,Indiana Pacers,Phoenix Suns,0,0
22300635,2024-01-26 19:00:00,1610612766,1610612745,Regular Season,2024,0,Charlotte Hornets,Houston Rockets,0,0
22300634,2024-01-26 19:00:00,1610612737,1610612742,Regular Season,2024,0,Atlanta Hawks,Dallas Mavericks,0,0
22300637,2024-01-26 19:30:00,1610612761,1610612746,Regular Season,2024,0,Toronto Raptors,Los Angeles Clippers,0,0
22300638,2024-01-26 20:00:00,1610612763,1610612753,Regular Season,2024,1,Memphis Grizzlies,Orlando Magic,0,0
22300640,2024-01-26 20:00:00,1610612740,1610612760,Regular Season,2024,0,New Orleans Pelicans,Oklahoma City Thunder,0,0
22300639,2024-01-26 20:00:00,1610612749,1610612739,Regular Season,2024,0,Milwaukee Bucks,Cleveland Cavaliers,0,0
22300641,2024-01-26 21:30:00,1610612759,1610612757,Regular Season,2024,1,San Antonio Spurs,Portland Trail Blazers,0,0
22300642,2024-01-27 12:00:00,1610612765,1610612764,Regular Season,2024,0,Detroit Pistons,Washington Wizards,0,0
22300643,2024-01-27 15:00:00,1610612752,1610612748,Regular Season,2024,1,New York Knicks,Miami Heat,0,0
22300644,2024-01-27 17:30:00,1610612743,1610612755,Regular Season,2024,1,Denver Nuggets,Philadelphia 76ers,0,0
22300645,2024-01-27 18:00:00,1610612751,1610612745,Regular Season,2024,1,Brooklyn Nets,Houston Rockets,0,0
22300647,2024-01-27 19:00:00,1610612766,1610612762,Regular Season,2024,0,Charlotte Hornets,Utah Jazz,0,0
22300646,2024-01-27 19:00:00,1610612738,1610612746,Regular Season,2024,0,Boston Celtics,Los Angeles Clippers,0,0
22300648,2024-01-27 20:00:00,1610612749,1610612740,Regular Season,2024,1,Milwaukee Bucks,New Orleans Pelicans,0,0
22300650,2024-01-27 20:30:00,1610612744,1610612747,Regular Season,2024,0,Golden State Warriors,Los Angeles Lakers,0,0
22300649,2024-01-27 20:30:00,1610612759,1610612750,Regular Season,2024,1,San Antonio Spurs,Minnesota Timberwolves,0,0
22300651,2024-01-27 21:00:00,1610612742,1610612758,Regular Season,2024,0,Dallas Mavericks,Sacramento Kings,0,0
22300654,2024-01-28 14:00:00,1610612765,1610612760,Regular Season,2024,1,Detroit Pistons,Oklahoma City Thunder,0,0
22300652,2024-01-28 15:30:00,1610612754,1610612763,Regular Season,2024,1,Indiana Pacers,Memphis Grizzlies,0,0
22300655,2024-01-28 18:00:00,1610612753,1610612756,Regular Season,2024,1,Orlando Magic,Phoenix Suns,0,0
22300653,2024-01-28 18:00:00,1610612737,1610612761,Regular Season,2024,1,Atlanta Hawks,Toronto Raptors,0,0
22300656,2024-01-28 21:00:00,1610612757,1610612741,Regular Season,2024,0,Portland Trail Blazers,Chicago Bulls,0,0
22300658,2024-01-29 19:00:00,1610612739,1610612746,Regular Season,2024,1,Cleveland Cavaliers,Los Angeles Clippers,0,0
22300657,2024-01-29 19:00:00,1610612766,1610612752,Regular Season,2024,0,Charlotte Hornets,New York Knicks,0,0
22300661,2024-01-29 19:30:00,1610612748,1610612756,Regular Season,2024,0,Miami Heat,Phoenix Suns,0,0
22300660,2024-01-29 19:30:00,1610612751,1610612762,Regular Season,2024,1,Brooklyn Nets,Utah Jazz,0,0
22300659,2024-01-29 19:30:00,1610612738,1610612740,Regular Season,2024,1,Boston Celtics,New Orleans Pelicans,0,0
22300665,2024-01-29 20:00:00,1610612759,1610612764,Regular Season,2024,0,San Antonio Spurs,Washington Wizards,0,0
22300664,2024-01-29 20:00:00,1610612760,1610612750,Regular Season,2024,0,Oklahoma City Thunder,Minnesota Timberwolves,0,0
22300663,2024-01-29 20:00:00,1610612763,1610612758,Regular Season,2024,0,Memphis Grizzlies,Sacramento Kings,0,0
22300662,2024-01-29 20:00:00,1610612745,1610612747,Regular Season,2024,1,Houston Rockets,Los Angeles Lakers,0,0
22300666,2024-01-29 20:30:00,1610612742,1610612753,Regular Season,2024,1,Dallas Mavericks,Orlando Magic,0,0
22300667,2024-01-29 21:00:00,1610612743,1610612749,Regular Season,2024,1,Denver Nuggets,Milwaukee Bucks,0,0
22300668,2024-01-29 22:00:00,1610612757,1610612755,Regular Season,2024,1,Portland Trail Blazers,Philadelphia 76ers,0,0
22300669,2024-01-30 19:30:00,1610612737,1610612747,Regular Season,2024,1,Atlanta Hawks,Los Angeles Lakers,0,0
22300671,2024-01-30 19:30:00,1610612752,1610612762,Regular Season,2024,1,New York Knicks,Utah Jazz,0,0
22300670,2024-01-30 19:30:00,1610612738,1610612754,Regular Season,2024,1,Boston Celtics,Indiana Pacers,0,0
22300672,2024-01-30 20:00:00,1610612741,1610612761,Regular Season,2024,0,Chicago Bulls,Toronto Raptors,0,0
22300673,2024-01-30 22:00:00,1610612744,1610612755,Regular Season,2024,1,Golden State Warriors,Philadelphia 76ers,0,0
22300675,2024-01-31 19:00:00,1610612739,1610612765,Regular Season,2024,1,Cleveland Cavaliers,Detroit Pistons,0,0
22300676,2024-01-31 19:00:00,1610612764,1610612746,Regular Season,2024,0,Washington Wizards,Los Angeles Clippers,0,0
22300674,2024-01-31 19:00:00,1610612766,1610612741,Regular Season,2024,0,Charlotte Hornets,Chicago Bulls,0,0
22300678,2024-01-31 19:30:00,1610612748,1610612758,Regular Season,2024,1,Miami Heat,Sacramento Kings,0,0
22300682,2024-01-31 20:00:00,1610612760,1610612743,Regular Season,2024,1,Oklahoma City Thunder,Denver Nuggets,0,0
22300681,2024-01-31 20:00:00,1610612759,1610612753,Regular Season,2024,0,San Antonio Spurs,Orlando Magic,0,0
22300680,2024-01-31 20:00:00,1610612750,1610612742,Regular Season,2024,1,Minnesota Timberwolves,Dallas Mavericks,0,0
22300679,2024-01-31 20:00:00,1610612745,1610612740,Regular Season,2024,0,Houston Rockets,New Orleans Pelicans,0,0
22300677,2024-01-31 20:30:00,1610612751,1610612756,Regular Season,2024,0,Brooklyn Nets,Phoenix Suns,0,0
22300683,2024-01-31 22:00:00,1610612757,1610612749,Regular Season,2024,1,Portland Trail Blazers,Milwaukee Bucks,0,0
22300685,2024-02-01 19:30:00,1610612752,1610612754,Regular Season,2024,1,New York Knicks,Indiana Pacers,0,0
22300684,2024-02-01 19:30:00,1610612738,1610612747,Regular Season,2024,0,Boston Celtics,Los Angeles Lakers,0,0
22300687,2024-02-01 20:00:00,1610612763,1610612739,Regular Season,2024,0,Memphis Grizzlies,Cleveland Cavaliers,0,0
22300686,2024-02-01 22:00:00,1610612762,1610612755,Regular Season,2024,0,Utah Jazz,Philadelphia 76ers,0,0
22300688,2024-02-02 19:00:00,1610612765,1610612746,Regular Season,2024,0,Detroit Pistons,Los Angeles Clippers,0,0
22300689,2024-02-02 19:00:00,1610612764,1610612748,Regular Season,2024,0,Washington Wizards,Miami Heat,0,0
22300691,2024-02-02 19:30:00,1610612754,1610612758,Regular Season,2024,0,Indiana Pacers,Sacramento Kings,0,0
22300690,2024-02-02 19:30:00,1610612737,1610612756,Regular Season,2024,1,Atlanta Hawks,Phoenix Suns,0,0
22300696,2024-02-02 20:00:00,1610612759,1610612740,Regular Season,2024,0,San Antonio Spurs,New Orleans Pelicans,0,0
22300695,2024-02-02 20:00:00,1610612760,1610612766,Regular Season,2024,1,Oklahoma City Thunder,Charlotte Hornets,0,0
22300694,2024-02-02 20:00:00,1610612750,1610612753,Regular Season,2024,0,Minnesota Timberwolves,Orlando Magic,0,0
22300693,2024-02-02 20:00:00,1610612763,1610612744,Regular Season,2024,0,Memphis Grizzlies,Golden State Warriors,0,0
22300692,2024-02-02 20:00:00,1610612745,1610612761,Regular Season,2024,1,Houston Rockets,Toronto Raptors,0,0
22300697,2024-02-02 21:00:00,1610612743,1610612757,Regular Season,2024,1,Denver Nuggets,Portland Trail Blazers,0,0
22300698,2024-02-03 18:00:00,1610612755,1610612751,Regular Season,2024,0,Philadelphia 76ers,Brooklyn Nets,0,0
22300699,2024-02-03 19:30:00,1610612737,1610612744,Regular Season,2024,1,Atlanta Hawks,Golden State Warriors,0,0
22300700,2024-02-03 20:00:00,1610612741,1610612758,Regular Season,2024,0,Chicago Bulls,Sacramento Kings,0,0
22300701,2024-02-03 20:30:00,1610612752,1610612747,Regular Season,2024,0,New York Knicks,Los Angeles Lakers,0,0
22300703,2024-02-03 20:30:00,1610612759,1610612739,Regular Season,2024,0,San Antonio Spurs,Cleveland Cavaliers,0,0
22300702,2024-02-03 20:30:00,1610612742,1610612749,Regular Season,2024,0,Dallas Mavericks,Milwaukee Bucks,0,0
22300704,2024-02-04 15:00:00,1610612765,1610612753,Regular Season,2024,0,Detroit Pistons,Orlando Magic,0,0
22300705,2024-02-04 15:30:00,1610612764,1610612756,Regular Season,2024,0,Washington Wizards,Phoenix Suns,0,0
22300708,2024-02-04 18:00:00,1610612748,1610612746,Regular Season,2024,0,Miami Heat,Los Angeles Clippers,0,0
22300707,2024-02-04 18:00:00,1610612766,1610612754,Regular Season,2024,0,Charlotte Hornets,Indiana Pacers,0,0
22300706,2024-02-04 18:00:00,1610612738,1610612763,Regular Season,2024,1,Boston Celtics,Memphis Grizzlies,0,0
22300710,2024-02-04 19:00:00,1610612760,1610612761,Regular Season,2024,1,Oklahoma City Thunder,Toronto Raptors,0,0
22300709,2024-02-04 19:00:00,1610612750,1610612745,Regular Season,2024,1,Minnesota Timberwolves,Houston Rockets,0,0
22300711,2024-02-04 20:00:00,1610612762,1610612749,Regular Season,2024,1,Utah Jazz,Milwaukee Bucks,0,0
22300712,2024-02-04 20:30:00,1610612743,1610612757,Regular Season,2024,1,Denver Nuggets,Portland Trail Blazers,0,0
22300715,2024-02-05 19:00:00,1610612755,1610612742,Regular Season,2024,0,Philadelphia 76ers,Dallas Mavericks,0,0
22300714,2024-02-05 19:00:00,1610612739,1610612758,Regular Season,2024,1,Cleveland Cavaliers,Sacramento Kings,0,0
22300713,2024-02-05 19:00:00,1610612766,1610612747,Regular Season,2024,0,Charlotte Hornets,Los Angeles Lakers,0,0
22300716,2024-02-05 19:30:00,1610612737,1610612746,Regular Season,2024,0,Atlanta Hawks,Los Angeles Clippers,0,0
22300717,2024-02-05 19:30:00,1610612751,1610612744,Regular Season,2024,0,Brooklyn Nets,Golden State Warriors,0,0
22300718,2024-02-05 20:00:00,1610612740,1610612761,Regular Season,2024,1,New Orleans Pelicans,Toronto Raptors,0,0
22300719,2024-02-06 19:00:00,1610612754,1610612745,Regular Season,2024,1,Indiana Pacers,Houston Rockets,0,0
22300722,2024-02-06 19:30:00,1610612752,1610612763,Regular Season,2024,1,New York Knicks,Memphis Grizzlies,0,0
22300721,2024-02-06 19:30:00,1610612748,1610612753,Regular Season,2024,1,Miami Heat,Orlando Magic,0,0
22300720,2024-02-06 19:30:00,1610612751,1610612742,Regular Season,2024,0,Brooklyn Nets,Dallas Mavericks,0,0
22300723,2024-02-06 20:00:00,1610612741,1610612750,Regular Season,2024,1,Chicago Bulls,Minnesota Timberwolves,0,0
22300724,2024-02-06 21:00:00,1610612762,1610612760,Regular Season,2024,1,Utah Jazz,Oklahoma City Thunder,0,0
22300725,2024-02-06 22:00:00,1610612756,1610612749,Regular Season,2024,1,Phoenix Suns,Milwaukee Bucks,0,0
22300728,2024-02-07 19:00:00,1610612764,1610612739,Regular Season,2024,0,Washington Wizards,Cleveland Cavaliers,0,0
22300726,2024-02-07 19:00:00,1610612766,1610612761,Regular Season,2024,0,Charlotte Hornets,Toronto Raptors,0,0
22300730,2024-02-07 19:30:00,1610612748,1610612759,Regular Season,2024,1,Miami Heat,San Antonio Spurs,0,0
22300729,2024-02-07 19:30:00,1610612738,1610612737,Regular Season,2024,1,Boston Celtics,Atlanta Hawks,0,0
22300727,2024-02-07 19:30:00,1610612755,1610612744,Regular Season,2024,0,Philadelphia 76ers,Golden State Warriors,0,0
22300731,2024-02-07 22:00:00,1610612746,1610612740,Regular Season,2024,0,Los Angeles Clippers,New Orleans Pelicans,0,0
22300732,2024-02-07 22:00:00,1610612758,1610612765,Regular Season,2024,0,Sacramento Kings,Detroit Pistons,0,0
22300734,2024-02-08 19:00:00,1610612753,1610612759,Regular Season,2024,1,Orlando Magic,San Antonio Spurs,0,0
22300733,2024-02-08 19:00:00,1610612754,1610612744,Regular Season,2024,0,Indiana Pacers,Golden State Warriors,0,0
22300736,2024-02-08 19:30:00,1610612752,1610612742,Regular Season,2024,0,New York Knicks,Dallas Mavericks,0,0
22300735,2024-02-08 19:30:00,1610612751,1610612739,Regular Season,2024,0,Brooklyn Nets,Cleveland Cavaliers,0,0
22300738,2024-02-08 20:00:00,1610612749,1610612750,Regular Season,2024,0,Milwaukee Bucks,Minnesota Timberwolves,0,0
22300737,2024-02-08 20:00:00,1610612763,1610612741,Regular Season,2024,0,Memphis Grizzlies,Chicago Bulls,0,0
22300739,2024-02-08 21:00:00,1610612756,1610612762,Regular Season,2024,1,Phoenix Suns,Utah Jazz,0,0
22300741,2024-02-08 22:00:00,1610612757,1610612765,Regular Season,2024,0,Portland Trail Blazers,Detroit Pistons,0,0
22300740,2024-02-08 22:00:00,1610612747,1610612743,Regular Season,2024,0,Los Angeles Lakers,Denver Nuggets,0,0
22300742,2024-02-09 19:00:00,1610612755,1610612737,Regular Season,2024,0,Philadelphia 76ers,Atlanta Hawks,0,0
22300744,2024-02-09 19:30:00,1610612761,1610612745,Regular Season,2024,1,Toronto Raptors,Houston Rockets,0,0
22300743,2024-02-09 19:30:00,1610612738,1610612764,Regular Season,2024,1,Boston Celtics,Washington Wizards,0,0
22300745,2024-02-09 20:00:00,1610612749,1610612766,Regular Season,2024,1,Milwaukee Bucks,Charlotte Hornets,0,0
22300746,2024-02-09 22:00:00,1610612758,1610612743,Regular Season,2024,1,Sacramento Kings,Denver Nuggets,0,0
22300747,2024-02-09 22:30:00,1610612747,1610612740,Regular Season,2024,1,Los Angeles Lakers,New Orleans Pelicans,0,0
22300748,2024-02-10 15:00:00,1610612742,1610612760,Regular Season,2024,1,Dallas Mavericks,Oklahoma City Thunder,0,0
22300749,2024-02-10 15:30:00,1610612746,1610612765,Regular Season,2024,1,Los Angeles Clippers,Detroit Pistons,0,0
22300750,2024-02-10 18:00:00,1610612751,1610612759,Regular Season,2024,1,Brooklyn Nets,San Antonio Spurs,0,0
22300753,2024-02-10 19:00:00,1610612764,1610612755,Regular Season,2024,0,Washington Wizards,Philadelphia 76ers,0,0
22300752,2024-02-10 19:00:00,1610612753,1610612741,Regular Season,2024,1,Orlando Magic,Chicago Bulls,0,0
22300751,2024-02-10 19:00:00,1610612766,1610612763,Regular Season,2024,1,Charlotte Hornets,Memphis Grizzlies,0,0
22300756,2024-02-10 19:30:00,1610612761,1610612739,Regular Season,2024,0,Toronto Raptors,Cleveland Cavaliers,0,0
22300755,2024-02-10 19:30:00,1610612752,1610612754,Regular Season,2024,0,New York Knicks,Indiana Pacers,0,0
22300754,2024-02-10 19:30:00,1610612737,1610612745,Regular Season,2024,1,Atlanta Hawks,Houston Rockets,0,0
22300757,2024-02-10 20:30:00,1610612744,1610612756,Regular Season,2024,1,Golden State Warriors,Phoenix Suns,0,0
22300758,2024-02-10 22:00:00,1610612757,1610612740,Regular Season,2024,0,Portland Trail Blazers,New Orleans Pelicans,0,0
22300759,2024-02-11 14:00:00,1610612748,1610612738,Regular Season,2024,0,Miami Heat,Boston Celtics,0,0
22300760,2024-02-11 15:00:00,1610612760,1610612758,Regular Season,2024,1,Oklahoma City Thunder,Sacramento Kings,0,0
22300762,2024-02-12 19:00:00,1610612739,1610612755,Regular Season,2024,0,Cleveland Cavaliers,Philadelphia 76ers,0,0
22300761,2024-02-12 19:00:00,1610612766,1610612754,Regular Season,2024,1,Charlotte Hornets,Indiana Pacers,0,0
22300763,2024-02-12 19:30:00,1610612737,1610612741,Regular Season,2024,0,Atlanta Hawks,Chicago Bulls,0,0
22300764,2024-02-12 19:30:00,1610612761,1610612759,Regular Season,2024,0,Toronto Raptors,San Antonio Spurs,0,0
22300765,2024-02-12 20:00:00,1610612745,1610612752,Regular Season,2024,1,Houston Rockets,New York Knicks,0,0
22300767,2024-02-12 20:00:00,1610612749,1610612743,Regular Season,2024,1,Milwaukee Bucks,Denver Nuggets,0,0
22300766,2024-02-12 20:00:00,1610612763,1610612740,Regular Season,2024,0,Memphis Grizzlies,New Orleans Pelicans,0,0
22300768,2024-02-12 20:30:00,1610612742,1610612764,Regular Season,2024,1,Dallas Mavericks,Washington Wizards,0,0
22300769,2024-02-12 21:00:00,1610612762,1610612744,Regular Season,2024,0,Utah Jazz,Golden State Warriors,0,0
22300770,2024-02-12 22:30:00,1610612746,1610612750,Regular Season,2024,0,Los Angeles Clippers,Minnesota Timberwolves,0,0
22300772,2024-02-13 19:30:00,1610612753,1610612760,Regular Season,2024,0,Orlando Magic,Oklahoma City Thunder,0,0
22300771,2024-02-13 19:30:00,1610612751,1610612738,Regular Season,2024,0,Brooklyn Nets,Boston Celtics,0,0
22300773,2024-02-13 20:00:00,1610612749,1610612748,Regular Season,2024,0,Milwaukee Bucks,Miami Heat,0,0
22300775,2024-02-13 22:00:00,1610612757,1610612750,Regular Season,2024,0,Portland Trail Blazers,Minnesota Timberwolves,0,0
22300774,2024-02-13 22:00:00,1610612756,1610612758,Regular Season,2024,1,Phoenix Suns,Sacramento Kings,0,0
22300776,2024-02-13 22:30:00,1610612747,1610612765,Regular Season,2024,1,Los Angeles Lakers,Detroit Pistons,0,0
22300777,2024-02-14 19:00:00,1610612766,1610612737,Regular Season,2024,1,Charlotte Hornets,Atlanta Hawks,0,0
22300779,2024-02-14 19:00:00,1610612755,1610612748,Regular Season,2024,0,Philadelphia 76ers,Miami Heat,0,0
22300778,2024-02-14 19:00:00,1610612753,1610612752,Regular Season,2024,1,Orlando Magic,New York Knicks,0,0
22300782,2024-02-14 19:30:00,1610612761,1610612754,Regular Season,2024,0,Toronto Raptors,Indiana Pacers,0,0
22300780,2024-02-14 19:30:00,1610612738,1610612751,Regular Season,2024,1,Boston Celtics,Brooklyn Nets,0,0
22300781,2024-02-14 19:30:00,1610612739,1610612741,Regular Season,2024,1,Cleveland Cavaliers,Chicago Bulls,0,0
22300784,2024-02-14 20:00:00,1610612740,1610612764,Regular Season,2024,1,New Orleans Pelicans,Washington Wizards,0,0
22300783,2024-02-14 20:00:00,1610612763,1610612745,Regular Season,2024,1,Memphis Grizzlies,Houston Rockets,0,0
22300785,2024-02-14 20:30:00,1610612742,1610612759,Regular Season,2024,1,Dallas Mavericks,San Antonio Spurs,0,0
22300788,2024-02-14 21:00:00,1610612762,1610612747,Regular Season,2024,0,Utah Jazz,Los Angeles Lakers,0,0
22300787,2024-02-14 21:00:00,1610612756,1610612765,Regular Season,2024,1,Phoenix Suns,Detroit Pistons,0,0
22300786,2024-02-14 21:00:00,1610612743,1610612758,Regular Season,2024,0,Denver Nuggets,Sacramento Kings,0,0
22300789,2024-02-14 22:00:00,1610612744,1610612746,Regular Season,2024,0,Golden State Warriors,Los Angeles Clippers,0,0
22300790,2024-02-15 20:30:00,1610612763,1610612749,Regular Season,2024,1,Memphis Grizzlies,Milwaukee Bucks,0,0
22300576,2024-02-15 21:00:00,1610612762,1610612744,Regular Season,2024,0,Utah Jazz,Golden State Warriors,0,0
22300791,2024-02-15 22:00:00,1610612757,1610612750,Regular Season,2024,0,Portland Trail Blazers,Minnesota Timberwolves,0,0
22300792,2024-02-22 19:00:00,1610612739,1610612753,Regular Season,2024,0,Cleveland Cavaliers,Orlando Magic,0,0
22300793,2024-02-22 19:00:00,1610612754,1610612765,Regular Season,2024,1,Indiana Pacers,Detroit Pistons,0,0
22300795,2024-02-22 19:00:00,1610612761,1610612751,Regular Season,2024,1,Toronto Raptors,Brooklyn Nets,0,0
22300794,2024-02-22 19:00:00,1610612755,1610612752,Regular Season,2024,0,Philadelphia 76ers,New York Knicks,0,0
22300796,2024-02-22 19:30:00,1610612742,1610612756,Regular Season,2024,1,Dallas Mavericks,Phoenix Suns,0,0
22300797,2024-02-22 20:00:00,1610612741,1610612738,Regular Season,2024,0,Chicago Bulls,Boston Celtics,0,0
22300799,2024-02-22 20:00:00,1610612760,1610612746,Regular Season,2024,1,Oklahoma City Thunder,Los Angeles Clippers,0,0
22300798,2024-02-22 20:00:00,1610612740,1610612745,Regular Season,2024,1,New Orleans Pelicans,Houston Rockets,0,0
22300801,2024-02-22 21:00:00,1610612762,1610612766,Regular Season,2024,0,Utah Jazz,Charlotte Hornets,0,0
22300800,2024-02-22 21:00:00,1610612743,1610612764,Regular Season,2024,1,Denver Nuggets,Washington Wizards,0,0
22300803,2024-02-22 22:00:00,1610612758,1610612759,Regular Season,2024,1,Sacramento Kings,San Antonio Spurs,0,0
22300802,2024-02-22 22:00:00,1610612744,1610612747,Regular Season,2024,1,Golden State Warriors,Los Angeles Lakers,0,0
22300805,2024-02-23 19:30:00,1610612755,1610612739,Regular Season,2024,1,Philadelphia 76ers,Cleveland Cavaliers,0,0
22300804,2024-02-23 19:30:00,1610612737,1610612761,Regular Season,2024,0,Atlanta Hawks,Toronto Raptors,0,0
22300810,2024-02-23 20:00:00,1610612740,1610612748,Regular Season,2024,0,New Orleans Pelicans,Miami Heat,0,0
22300809,2024-02-23 20:00:00,1610612760,1610612764,Regular Season,2024,1,Oklahoma City Thunder,Washington Wizards,0,0
22300807,2024-02-23 20:00:00,1610612763,1610612746,Regular Season,2024,0,Memphis Grizzlies,Los Angeles Clippers,0,0
22300806,2024-02-23 20:00:00,1610612745,1610612756,Regular Season,2024,1,Houston Rockets,Phoenix Suns,0,0
22300812,2024-02-23 22:00:00,1610612757,1610612743,Regular Season,2024,0,Portland Trail Blazers,Denver Nuggets,0,0
22300811,2024-02-23 22:00:00,1610612744,1610612766,Regular Season,2024,1,Golden State Warriors,Charlotte Hornets,0,0
22300808,2024-02-23 22:00:00,1610612750,1610612749,Regular Season,2024,0,Minnesota Timberwolves,Milwaukee Bucks,0,0
22300813,2024-02-23 22:30:00,1610612747,1610612759,Regular Season,2024,1,Los Angeles Lakers,San Antonio Spurs,0,0
22300814,2024-02-24 20:00:00,1610612765,1610612753,Regular Season,2024,0,Detroit Pistons,Orlando Magic,0,0
22300816,2024-02-24 20:30:00,1610612752,1610612738,Regular Season,2024,0,New York Knicks,Boston Celtics,0,0
22300815,2024-02-24 21:00:00,1610612750,1610612751,Regular Season,2024,1,Minnesota Timberwolves,Brooklyn Nets,0,0
22300817,2024-02-25 13:00:00,1610612755,1610612749,Regular Season,2024,0,Philadelphia 76ers,Milwaukee Bucks,0,0
22300818,2024-02-25 15:30:00,1610612756,1610612747,Regular Season,2024,1,Phoenix Suns,Los Angeles Lakers,0,0
22300819,2024-02-25 17:00:00,1610612754,1610612742,Regular Season,2024,1,Indiana Pacers,Dallas Mavericks,0,0
22300820,2024-02-25 18:00:00,1610612764,1610612739,Regular Season,2024,0,Washington Wizards,Cleveland Cavaliers,0,0
22300824,2024-02-25 19:00:00,1610612744,1610612743,Regular Season,2024,0,Golden State Warriors,Denver Nuggets,0,0
22300823,2024-02-25 19:00:00,1610612740,1610612741,Regular Season,2024,0,New Orleans Pelicans,Chicago Bulls,0,0
22300822,2024-02-25 19:00:00,1610612745,1610612760,Regular Season,2024,0,Houston Rockets,Oklahoma City Thunder,0,0
22300821,2024-02-25 19:00:00,1610612737,1610612753,Regular Season,2024,1,Atlanta Hawks,Orlando Magic,0,0
22300825,2024-02-25 20:00:00,1610612762,1610612759,Regular Season,2024,1,Utah Jazz,San Antonio Spurs,0,0
22300826,2024-02-25 21:00:00,1610612757,1610612766,Regular Season,2024,0,Portland Trail Blazers,Charlotte Hornets,0,0
22300827,2024-02-25 21:30:00,1610612746,1610612758,Regular Season,2024,0,Los Angeles Clippers,Sacramento Kings,0,0
22300829,2024-02-26 19:00:00,1610612754,1610612761,Regular Season,2024,0,Indiana Pacers,Toronto Raptors,0,0
22300828,2024-02-26 19:30:00,1610612752,1610612765,Regular Season,2024,1,New York Knicks,Detroit Pistons,0,0
22300830,2024-02-26 20:00:00,1610612763,1610612751,Regular Season,2024,0,Memphis Grizzlies,Brooklyn Nets,0,0
22300831,2024-02-26 22:00:00,1610612758,1610612748,Regular Season,2024,0,Sacramento Kings,Miami Heat,0,0
22300834,2024-02-27 19:00:00,1610612764,1610612744,Regular Season,2024,0,Washington Wizards,Golden State Warriors,0,0
22300833,2024-02-27 19:00:00,1610612753,1610612751,Regular Season,2024,1,Orlando Magic,Brooklyn Nets,0,0
22300832,2024-02-27 19:00:00,1610612739,1610612742,Regular Season,2024,1,Cleveland Cavaliers,Dallas Mavericks,0,0
22300837,2024-02-27 19:30:00,1610612752,1610612740,Regular Season,2024,0,New York Knicks,New Orleans Pelicans,0,0
22300836,2024-02-27 19:30:00,1610612738,1610612755,Regular Season,2024,1,Boston Celtics,Philadelphia 76ers,0,0
22300835,2024-02-27 19:30:00,1610612737,1610612762,Regular Season,2024,1,Atlanta Hawks,Utah Jazz,0,0
22300840,2024-02-27 20:00:00,1610612749,1610612766,Regular Season,2024,1,Milwaukee Bucks,Charlotte Hornets,0,0
22300839,2024-02-27 20:00:00,1610612741,1610612765,Regular Season,2024,0,Chicago Bulls,Detroit Pistons,0,0
22300838,2024-02-27 20:00:00,1610612750,1610612759,Regular Season,2024,1,Minnesota Timberwolves,San Antonio Spurs,0,0
22300842,2024-02-27 22:00:00,1610612757,1610612748,Regular Season,2024,0,Portland Trail Blazers,Miami Heat,0,0
22300841,2024-02-27 22:00:00,1610612760,1610612745,Regular Season,2024,1,Oklahoma City Thunder,Houston Rockets,0,0
22300843,2024-02-28 19:30:00,1610612754,1610612740,Regular Season,2024,1,Indiana Pacers,New Orleans Pelicans,0,0
22300844,2024-02-28 19:30:00,1610612761,1610612742,Regular Season,2024,0,Toronto Raptors,Dallas Mavericks,0,0
22300846,2024-02-28 20:00:00,1610612741,1610612739,Regular Season,2024,1,Chicago Bulls,Cleveland Cavaliers,0,0
22300845,2024-02-28 20:00:00,1610612750,1610612763,Regular Season,2024,1,Minnesota Timberwolves,Memphis Grizzlies,0,0
22300847,2024-02-28 21:00:00,1610612743,1610612758,Regular Season,2024,1,Denver Nuggets,Sacramento Kings,0,0
22300848,2024-02-28 22:00:00,1610612746,1610612747,Regular Season,2024,0,Los Angeles Clippers,Los Angeles Lakers,0,0
22300850,2024-02-29 19:00:00,1610612753,1610612762,Regular Season,2024,1,Orlando Magic,Utah Jazz,0,0
22300849,2024-02-29 19:00:00,1610612766,1610612749,Regular Season,2024,0,Charlotte Hornets,Milwaukee Bucks,0,0
22300852,2024-02-29 19:30:00,1610612752,1610612744,Regular Season,2024,0,New York Knicks,Golden State Warriors,0,0
22300851,2024-02-29 19:30:00,1610612751,1610612737,Regular Season,2024,1,Brooklyn Nets,Atlanta Hawks,0,0
22300853,2024-02-29 20:30:00,1610612759,1610612760,Regular Season,2024,1,San Antonio Spurs,Oklahoma City Thunder,0,0
22300854,2024-02-29 21:00:00,1610612756,1610612745,Regular Season,2024,1,Phoenix Suns,Houston Rockets,0,0
22300855,2024-02-29 22:00:00,1610612743,1610612748,Regular Season,2024,1,Denver Nuggets,Miami Heat,0,0
22300856,2024-02-29 22:30:00,1610612747,1610612764,Regular Season,2024,1,Los Angeles Lakers,Washington Wizards,0,0
22300858,2024-03-01 19:00:00,1610612755,1610612766,Regular Season,2024,1,Philadelphia 76ers,Charlotte Hornets,0,0
22300857,2024-03-01 19:00:00,1610612765,1610612739,Regular Season,2024,0,Detroit Pistons,Cleveland Cavaliers,0,0
22300860,2024-03-01 19:30:00,1610612761,1610612744,Regular Season,2024,0,Toronto Raptors,Golden State Warriors,0,0
22300859,2024-03-01 19:30:00,1610612738,1610612742,Regular Season,2024,1,Boston Celtics,Dallas Mavericks,0,0
22300863,2024-03-01 20:00:00,1610612740,1610612754,Regular Season,2024,1,New Orleans Pelicans,Indiana Pacers,0,0
22300862,2024-03-01 20:00:00,1610612750,1610612758,Regular Season,2024,0,Minnesota Timberwolves,Sacramento Kings,0,0
22300861,2024-03-01 20:00:00,1610612763,1610612757,Regular Season,2024,0,Memphis Grizzlies,Portland Trail Blazers,0,0
22300864,2024-03-01 22:00:00,1610612741,1610612749,Regular Season,2024,0,Chicago Bulls,Milwaukee Bucks,0,0
22300865,2024-03-01 22:30:00,1610612746,1610612764,Regular Season,2024,1,Los Angeles Clippers,Washington Wizards,0,0
22300866,2024-03-02 15:00:00,1610612751,1610612737,Regular Season,2024,1,Brooklyn Nets,Atlanta Hawks,0,0
22300867,2024-03-02 17:00:00,1610612748,1610612762,Regular Season,2024,1,Miami Heat,Utah Jazz,0,0
22300868,2024-03-02 20:00:00,1610612763,1610612757,Regular Season,2024,0,Memphis Grizzlies,Portland Trail Blazers,0,0
22300869,2024-03-02 20:30:00,1610612747,1610612743,Regular Season,2024,0,Los Angeles Lakers,Denver Nuggets,0,0
22300870,2024-03-02 21:00:00,1610612756,1610612745,Regular Season,2024,0,Phoenix Suns,Houston Rockets,0,0
22300871,2024-03-03 13:00:00,1610612742,1610612755,Regular Season,2024,0,Dallas Mavericks,Philadelphia 76ers,0,0
22300872,2024-03-03 15:30:00,1610612738,1610612744,Regular Season,2024,1,Boston Celtics,Golden State Warriors,0,0
22300873,2024-03-03 15:30:00,1610612750,1610612746,Regular Season,2024,0,Minnesota Timberwolves,Los Angeles Clippers,0,0
22300874,2024-03-03 18:00:00,1610612753,1610612765,Regular Season,2024,1,Orlando Magic,Detroit Pistons,0,0
22300875,2024-03-03 18:00:00,1610612761,1610612766,Regular Season,2024,1,Toronto Raptors,Charlotte Hornets,0,0
22300877,2024-03-03 19:00:00,1610612759,1610612754,Regular Season,2024,1,San Antonio Spurs,Indiana Pacers,0,0
22300876,2024-03-03 19:00:00,1610612739,1610612752,Regular Season,2024,0,Cleveland Cavaliers,New York Knicks,0,0
22300878,2024-03-03 21:30:00,1610612756,1610612760,Regular Season,2024,0,Phoenix Suns,Oklahoma City Thunder,0,0
22300879,2024-03-04 19:30:00,1610612751,1610612763,Regular Season,2024,0,Brooklyn Nets,Memphis Grizzlies,0,0
22300881,2024-03-04 20:00:00,1610612750,1610612757,Regular Season,2024,1,Minnesota Timberwolves,Portland Trail Blazers,0,0
22300880,2024-03-04 20:00:00,1610612749,1610612746,Regular Season,2024,1,Milwaukee Bucks,Los Angeles Clippers,0,0
22300882,2024-03-04 21:00:00,1610612762,1610612764,Regular Season,2024,1,Utah Jazz,Washington Wizards,0,0
22300883,2024-03-04 22:00:00,1610612758,1610612741,Regular Season,2024,0,Sacramento Kings,Chicago Bulls,0,0
22300884,2024-03-04 22:30:00,1610612747,1610612760,Regular Season,2024,1,Los Angeles Lakers,Oklahoma City Thunder,0,0
22300885,2024-03-05 19:00:00,1610612766,1610612753,Regular Season,2024,0,Charlotte Hornets,Orlando Magic,0,0
22300886,2024-03-05 19:30:00,1610612739,1610612738,Regular Season,2024,1,Cleveland Cavaliers,Boston Celtics,0,0
22300887,2024-03-05 19:30:00,1610612751,1610612755,Regular Season,2024,1,Brooklyn Nets,Philadelphia 76ers,0,0
22300888,2024-03-05 19:30:00,1610612748,1610612765,Regular Season,2024,1,Miami Heat,Detroit Pistons,0,0
22300890,2024-03-05 19:30:00,1610612761,1610612740,Regular Season,2024,0,Toronto Raptors,New Orleans Pelicans,0,0
22300889,2024-03-05 19:30:00,1610612752,1610612737,Regular Season,2024,0,New York Knicks,Atlanta Hawks,0,0
22300891,2024-03-05 20:00:00,1610612745,1610612759,Regular Season,2024,1,Houston Rockets,San Antonio Spurs,0,0
22300892,2024-03-05 20:30:00,1610612742,1610612754,Regular Season,2024,0,Dallas Mavericks,Indiana Pacers,0,0
22300893,2024-03-05 22:00:00,1610612743,1610612756,Regular Season,2024,0,Denver Nuggets,Phoenix Suns,0,0
22300894,2024-03-06 19:00:00,1610612764,1610612753,Regular Season,2024,0,Washington Wizards,Orlando Magic,0,0
22300897,2024-03-06 19:30:00,1610612745,1610612746,Regular Season,2024,0,Houston Rockets,Los Angeles Clippers,0,0
22300896,2024-03-06 19:30:00,1610612755,1610612763,Regular Season,2024,0,Philadelphia 76ers,Memphis Grizzlies,0,0
22300895,2024-03-06 19:30:00,1610612737,1610612739,Regular Season,2024,1,Atlanta Hawks,Cleveland Cavaliers,0,0
22300898,2024-03-06 21:00:00,1610612762,1610612741,Regular Season,2024,0,Utah Jazz,Chicago Bulls,0,0
22300900,2024-03-06 22:00:00,1610612757,1610612760,Regular Season,2024,0,Portland Trail Blazers,Oklahoma City Thunder,0,0
22300899,2024-03-06 22:00:00,1610612744,1610612749,Regular Season,2024,1,Golden State Warriors,Milwaukee Bucks,0,0
22300901,2024-03-06 22:30:00,1610612747,1610612758,Regular Season,2024,0,Los Angeles Lakers,Sacramento Kings,0,0
22300903,2024-03-07 19:00:00,1610612754,1610612750,Regular Season,2024,0,Indiana Pacers,Minnesota Timberwolves,0,0
22300902,2024-03-07 19:00:00,1610612765,1610612751,Regular Season,2024,1,Detroit Pistons,Brooklyn Nets,0,0
22300904,2024-03-07 19:30:00,1610612742,1610612748,Regular Season,2024,1,Dallas Mavericks,Miami Heat,0,0
22300905,2024-03-07 21:00:00,1610612756,1610612761,Regular Season,2024,1,Phoenix Suns,Toronto Raptors,0,0
22300908,2024-03-07 22:00:00,1610612758,1610612759,Regular Season,2024,1,Sacramento Kings,San Antonio Spurs,0,0
22300907,2024-03-07 22:00:00,1610612744,1610612741,Regular Season,2024,0,Golden State Warriors,Chicago Bulls,0,0
22300906,2024-03-07 22:00:00,1610612743,1610612738,Regular Season,2024,1,Denver Nuggets,Boston Celtics,0,0
22300910,2024-03-08 19:00:00,1610612764,1610612766,Regular Season,2024,1,Washington Wizards,Charlotte Hornets,0,0
22300909,2024-03-08 19:00:00,1610612755,1610612740,Regular Season,2024,0,Philadelphia 76ers,New Orleans Pelicans,0,0
22300912,2024-03-08 19:30:00,1610612752,1610612753,Regular Season,2024,1,New York Knicks,Orlando Magic,0,0
22300911,2024-03-08 19:30:00,1610612739,1610612750,Regular Season,2024,1,Cleveland Cavaliers,Minnesota Timberwolves,0,0
22300914,2024-03-08 20:00:00,1610612760,1610612748,Regular Season,2024,1,Oklahoma City Thunder,Miami Heat,0,0
22300913,2024-03-08 20:00:00,1610612763,1610612737,Regular Season,2024,0,Memphis Grizzlies,Atlanta Hawks,0,0
22300916,2024-03-08 22:00:00,1610612757,1610612745,Regular Season,2024,0,Portland Trail Blazers,Houston Rockets,0,0
22300915,2024-03-08 22:00:00,1610612747,1610612749,Regular Season,2024,1,Los Angeles Lakers,Milwaukee Bucks,0,0
22300917,2024-03-09 16:00:00,1610612746,1610612741,Regular Season,2024,1,Los Angeles Clippers,Chicago Bulls,0,0
22300918,2024-03-09 19:00:00,1610612766,1610612751,Regular Season,2024,1,Charlotte Hornets,Brooklyn Nets,0,0
22300919,2024-03-09 19:00:00,1610612765,1610612742,Regular Season,2024,0,Detroit Pistons,Dallas Mavericks,0,0
22300921,2024-03-09 20:30:00,1610612744,1610612759,Regular Season,2024,0,Golden State Warriors,San Antonio Spurs,0,0
22300920,2024-03-09 20:30:00,1610612756,1610612738,Regular Season,2024,0,Phoenix Suns,Boston Celtics,0,0
22300922,2024-03-09 21:00:00,1610612743,1610612762,Regular Season,2024,1,Denver Nuggets,Utah Jazz,0,0
22300923,2024-03-09 22:00:00,1610612757,1610612761,Regular Season,2024,1,Portland Trail Blazers,Toronto Raptors,0,0
22300924,2024-03-10 15:00:00,1610612746,1610612749,Regular Season,2024,0,Los Angeles Clippers,Milwaukee Bucks,0,0
22300928,2024-03-10 18:00:00,1610612753,1610612754,Regular Season,2024,0,Orlando Magic,Indiana Pacers,0,0
22300926,2024-03-10 18:00:00,1610612748,1610612764,Regular Season,2024,0,Miami Heat,Washington Wizards,0,0
22300925,2024-03-10 18:00:00,1610612737,1610612740,Regular Season,2024,0,Atlanta Hawks,New Orleans Pelicans,0,0
22300929,2024-03-10 18:00:00,1610612758,1610612745,Regular Season,2024,0,Sacramento Kings,Houston Rockets,0,0
22300931,2024-03-10 19:00:00,1610612760,1610612763,Regular Season,2024,1,Oklahoma City Thunder,Memphis Grizzlies,0,0
22300930,2024-03-10 19:00:00,1610612739,1610612751,Regular Season,2024,0,Cleveland Cavaliers,Brooklyn Nets,0,0
22300927,2024-03-10 19:00:00,1610612752,1610612755,Regular Season,2024,0,New York Knicks,Philadelphia 76ers,0,0
22300932,2024-03-10 21:30:00,1610612747,1610612750,Regular Season,2024,1,Los Angeles Lakers,Minnesota Timberwolves,0,0
22300933,2024-03-11 19:00:00,1610612765,1610612766,Regular Season,2024,1,Detroit Pistons,Charlotte Hornets,0,0
22300934,2024-03-11 19:30:00,1610612739,1610612756,Regular Season,2024,0,Cleveland Cavaliers,Phoenix Suns,0,0
22300936,2024-03-11 20:00:00,1610612759,1610612744,Regular Season,2024,0,San Antonio Spurs,Golden State Warriors,0,0
22300935,2024-03-11 20:00:00,1610612741,1610612742,Regular Season,2024,0,Chicago Bulls,Dallas Mavericks,0,0
22300937,2024-03-11 21:00:00,1610612743,1610612761,Regular Season,2024,1,Denver Nuggets,Toronto Raptors,0,0
22300938,2024-03-11 22:30:00,1610612757,1610612738,Regular Season,2024,0,Portland Trail Blazers,Boston Celtics,0,0
22300939,2024-03-12 19:30:00,1610612752,1610612755,Regular Season,2024,1,New York Knicks,Philadelphia 76ers,0,0
22300941,2024-03-12 20:00:00,1610612760,1610612754,Regular Season,2024,0,Oklahoma City Thunder,Indiana Pacers,0,0
22300940,2024-03-12 20:00:00,1610612763,1610612764,Regular Season,2024,1,Memphis Grizzlies,Washington Wizards,0,0
22300942,2024-03-12 20:30:00,1610612759,1610612745,Regular Season,2024,0,San Antonio Spurs,Houston Rockets,0,0
22300943,2024-03-12 21:00:00,1610612762,1610612738,Regular Season,2024,0,Utah Jazz,Boston Celtics,0,0
22300945,2024-03-12 22:00:00,1610612758,1610612749,Regular Season,2024,1,Sacramento Kings,Milwaukee Bucks,0,0
22300944,2024-03-12 22:00:00,1610612746,1610612750,Regular Season,2024,0,Los Angeles Clippers,Minnesota Timberwolves,0,0
22300947,2024-03-13 19:00:00,1610612753,1610612751,Regular Season,2024,1,Orlando Magic,Brooklyn Nets,0,0
22300946,2024-03-13 19:00:00,1610612765,1610612761,Regular Season,2024,1,Detroit Pistons,Toronto Raptors,0,0
22300949,2024-03-13 19:30:00,1610612748,1610612743,Regular Season,2024,0,Miami Heat,Denver Nuggets,0,0
22300948,2024-03-13 19:30:00,1610612754,1610612741,Regular Season,2024,0,Indiana Pacers,Chicago Bulls,0,0
22300950,2024-03-13 20:00:00,1610612763,1610612766,Regular Season,2024,0,Memphis Grizzlies,Charlotte Hornets,0,0
22300951,2024-03-13 20:00:00,1610612740,1610612739,Regular Season,2024,0,New Orleans Pelicans,Cleveland Cavaliers,0,0
22300952,2024-03-13 20:30:00,1610612742,1610612744,Regular Season,2024,1,Dallas Mavericks,Golden State Warriors,0,0
22300953,2024-03-13 22:00:00,1610612757,1610612737,Regular Season,2024,1,Portland Trail Blazers,Atlanta Hawks,0,0
22300954,2024-03-13 22:00:00,1610612758,1610612747,Regular Season,2024,1,Sacramento Kings,Los Angeles Lakers,0,0
22300955,2024-03-14 19:30:00,1610612738,1610612756,Regular Season,2024,1,Boston Celtics,Phoenix Suns,0,0
22300958,2024-03-14 20:00:00,1610612749,1610612755,Regular Season,2024,1,Milwaukee Bucks,Philadelphia 76ers,0,0
22300957,2024-03-14 20:00:00,1610612745,1610612764,Regular Season,2024,1,Houston Rockets,Washington Wizards,0,0
22300956,2024-03-14 20:00:00,1610612741,1610612746,Regular Season,2024,0,Chicago Bulls,Los Angeles Clippers,0,0
22300960,2024-03-14 22:00:00,1610612757,1610612752,Regular Season,2024,0,Portland Trail Blazers,New York Knicks,0,0
22300959,2024-03-14 22:00:00,1610612760,1610612742,Regular Season,2024,1,Oklahoma City Thunder,Dallas Mavericks,0,0
22300962,2024-03-15 19:00:00,1610612765,1610612748,Regular Season,2024,0,Detroit Pistons,Miami Heat,0,0
22300961,2024-03-15 19:00:00,1610612766,1610612756,Regular Season,2024,0,Charlotte Hornets,Phoenix Suns,0,0
22300963,2024-03-15 19:30:00,1610612761,1610612753,Regular Season,2024,0,Toronto Raptors,Orlando Magic,0,0
22300964,2024-03-15 20:00:00,1610612740,1610612746,Regular Season,2024,1,New Orleans Pelicans,Los Angeles Clippers,0,0
22300965,2024-03-15 20:30:00,1610612759,1610612743,Regular Season,2024,0,San Antonio Spurs,Denver Nuggets,0,0
22300966,2024-03-15 21:30:00,1610612762,1610612737,Regular Season,2024,1,Utah Jazz,Atlanta Hawks,0,0
22300967,2024-03-16 17:00:00,1610612745,1610612739,Regular Season,2024,1,Houston Rockets,Cleveland Cavaliers,0,0
22300970,2024-03-16 19:00:00,1610612740,1610612757,Regular Season,2024,1,New Orleans Pelicans,Portland Trail Blazers,0,0
22300969,2024-03-16 19:00:00,1610612755,1610612766,Regular Season,2024,1,Philadelphia 76ers,Charlotte Hornets,0,0
22300968,2024-03-16 19:00:00,1610612754,1610612751,Regular Season,2024,1,Indiana Pacers,Brooklyn Nets,0,0
22300972,2024-03-16 20:00:00,1610612763,1610612760,Regular Season,2024,0,Memphis Grizzlies,Oklahoma City Thunder,0,0
22300971,2024-03-16 20:00:00,1610612741,1610612764,Regular Season,2024,1,Chicago Bulls,Washington Wizards,0,0
22300973,2024-03-16 20:30:00,1610612747,1610612744,Regular Season,2024,0,Los Angeles Lakers,Golden State Warriors,0,0
22300974,2024-03-16 21:30:00,1610612762,1610612750,Regular Season,2024,0,Utah Jazz,Minnesota Timberwolves,0,0
22300975,2024-03-16 22:00:00,1610612758,1610612752,Regular Season,2024,0,Sacramento Kings,New York Knicks,0,0
22300976,2024-03-17 13:00:00,1610612749,1610612756,Regular Season,2024,1,Milwaukee Bucks,Phoenix Suns,0,0
22300977,2024-03-17 15:00:00,1610612765,1610612748,Regular Season,2024,0,Detroit Pistons,Miami Heat,0,0
22300978,2024-03-17 15:30:00,1610612742,1610612743,Regular Season,2024,1,Dallas Mavericks,Denver Nuggets,0,0
22300980,2024-03-17 18:00:00,1610612764,1610612738,Regular Season,2024,0,Washington Wizards,Boston Celtics,0,0
22300979,2024-03-17 18:00:00,1610612753,1610612761,Regular Season,2024,1,Orlando Magic,Toronto Raptors,0,0
22300981,2024-03-17 19:00:00,1610612759,1610612751,Regular Season,2024,1,San Antonio Spurs,Brooklyn Nets,0,0
22300982,2024-03-17 21:30:00,1610612746,1610612737,Regular Season,2024,0,Los Angeles Clippers,Atlanta Hawks,0,0
22300983,2024-03-18 19:00:00,1610612754,1610612739,Regular Season,2024,0,Indiana Pacers,Cleveland Cavaliers,0,0
22300984,2024-03-18 19:30:00,1610612738,1610612765,Regular Season,2024,1,Boston Celtics,Detroit Pistons,0,0
22300985,2024-03-18 19:30:00,1610612755,1610612748,Regular Season,2024,1,Philadelphia 76ers,Miami Heat,0,0
22300986,2024-03-18 20:00:00,1610612741,1610612757,Regular Season,2024,1,Chicago Bulls,Portland Trail Blazers,0,0
22300987,2024-03-18 21:00:00,1610612762,1610612750,Regular Season,2024,0,Utah Jazz,Minnesota Timberwolves,0,0
22300989,2024-03-18 22:00:00,1610612758,1610612763,Regular Season,2024,1,Sacramento Kings,Memphis Grizzlies,0,0
22300988,2024-03-18 22:00:00,1610612744,1610612752,Regular Season,2024,0,Golden State Warriors,New York Knicks,0,0
22300990,2024-03-18 22:30:00,1610612747,1610612737,Regular Season,2024,1,Los Angeles Lakers,Atlanta Hawks,0,0
22300992,2024-03-19 19:00:00,1610612764,1610612745,Regular Season,2024,0,Washington Wizards,Houston Rockets,0,0
22300991,2024-03-19 19:00:00,1610612753,1610612766,Regular Season,2024,1,Orlando Magic,Charlotte Hornets,0,0
22300993,2024-03-19 19:30:00,1610612751,1610612740,Regular Season,2024,0,Brooklyn Nets,New Orleans Pelicans,0,0
22300994,2024-03-19 20:00:00,1610612759,1610612742,Regular Season,2024,0,San Antonio Spurs,Dallas Mavericks,0,0
22300995,2024-03-19 21:00:00,1610612750,1610612743,Regular Season,2024,0,Minnesota Timberwolves,Denver Nuggets,0,0
22300997,2024-03-20 19:00:00,1610612765,1610612754,Regular Season,2024,0,Detroit Pistons,Indiana Pacers,0,0
22300996,2024-03-20 19:00:00,1610612739,1610612748,Regular Season,2024,0,Cleveland Cavaliers,Miami Heat,0,0
22300998,2024-03-20 19:30:00,1610612738,1610612749,Regular Season,2024,1,Boston Celtics,Milwaukee Bucks,0,0
22300999,2024-03-20 19:30:00,1610612761,1610612758,Regular Season,2024,0,Toronto Raptors,Sacramento Kings,0,0
22301000,2024-03-20 20:00:00,1610612760,1610612762,Regular Season,2024,1,Oklahoma City Thunder,Utah Jazz,0,0
22301003,2024-03-20 22:00:00,1610612757,1610612746,Regular Season,2024,0,Portland Trail Blazers,Los Angeles Clippers,0,0
22301002,2024-03-20 22:00:00,1610612756,1610612755,Regular Season,2024,1,Phoenix Suns,Philadelphia 76ers,0,0
22301001,2024-03-20 22:00:00,1610612744,1610612763,Regular Season,2024,1,Golden State Warriors,Memphis Grizzlies,0,0
22301005,2024-03-21 19:00:00,1610612764,1610612758,Regular Season,2024,1,Washington Wizards,Sacramento Kings,0,0
22301004,2024-03-21 19:00:00,1610612753,1610612740,Regular Season,2024,1,Orlando Magic,New Orleans Pelicans,0,0
22301007,2024-03-21 20:00:00,1610612749,1610612751,Regular Season,2024,1,Milwaukee Bucks,Brooklyn Nets,0,0
22301006,2024-03-21 20:00:00,1610612745,1610612741,Regular Season,2024,1,Houston Rockets,Chicago Bulls,0,0
22301008,2024-03-21 20:30:00,1610612742,1610612762,Regular Season,2024,1,Dallas Mavericks,Utah Jazz,0,0
22301009,2024-03-21 21:00:00,1610612743,1610612752,Regular Season,2024,1,Denver Nuggets,New York Knicks,0,0
22301010,2024-03-21 22:30:00,1610612756,1610612737,Regular Season,2024,1,Phoenix Suns,Atlanta Hawks,0,0
22301011,2024-03-22 19:00:00,1610612765,1610612738,Regular Season,2024,0,Detroit Pistons,Boston Celtics,0,0
22301012,2024-03-22 19:00:00,1610612761,1610612760,Regular Season,2024,0,Toronto Raptors,Oklahoma City Thunder,0,0
22301013,2024-03-22 20:00:00,1610612748,1610612740,Regular Season,2024,0,Miami Heat,New Orleans Pelicans,0,0
22301015,2024-03-22 20:00:00,1610612759,1610612763,Regular Season,2024,0,San Antonio Spurs,Memphis Grizzlies,0,0
22301014,2024-03-22 20:00:00,1610612750,1610612739,Regular Season,2024,1,Minnesota Timberwolves,Cleveland Cavaliers,0,0
22301017,2024-03-22 22:00:00,1610612757,1610612746,Regular Season,2024,0,Portland Trail Blazers,Los Angeles Clippers,0,0
22301016,2024-03-22 22:00:00,1610612744,1610612754,Regular Season,2024,0,Golden State Warriors,Indiana Pacers,0,0
22301018,2024-03-22 22:30:00,1610612747,1610612755,Regular Season,2024,1,Los Angeles Lakers,Philadelphia 76ers,0,0
22301019,2024-03-23 13:00:00,1610612752,1610612751,Regular Season,2024,1,New York Knicks,Brooklyn Nets,0,0
22301020,2024-03-23 19:00:00,1610612753,1610612758,Regular Season,2024,0,Orlando Magic,Sacramento Kings,0,0
22301021,2024-03-23 19:30:00,1610612737,1610612766,Regular Season,2024,1,Atlanta Hawks,Charlotte Hornets,0,0
22301025,2024-03-23 20:00:00,1610612759,1610612756,Regular Season,2024,0,San Antonio Spurs,Phoenix Suns,0,0
22301024,2024-03-23 20:00:00,1610612745,1610612762,Regular Season,2024,1,Houston Rockets,Utah Jazz,0,0
22301023,2024-03-23 20:00:00,1610612741,1610612738,Regular Season,2024,0,Chicago Bulls,Boston Celtics,0,0
22301022,2024-03-23 20:00:00,1610612764,1610612761,Regular Season,2024,1,Washington Wizards,Toronto Raptors,0,0
22301026,2024-03-23 22:00:00,1610612757,1610612743,Regular Season,2024,0,Portland Trail Blazers,Denver Nuggets,0,0
22301027,2024-03-24 15:00:00,1610612765,1610612740,Regular Season,2024,0,Detroit Pistons,New Orleans Pelicans,0,0
22301028,2024-03-24 15:30:00,1610612746,1610612755,Regular Season,2024,0,Los Angeles Clippers,Philadelphia 76ers,0,0
22301029,2024-03-24 18:00:00,1610612748,1610612739,Regular Season,2024,1,Miami Heat,Cleveland Cavaliers,0,0
22301031,2024-03-24 19:00:00,1610612750,1610612744,Regular Season,2024,1,Minnesota Timberwolves,Golden State Warriors,0,0
22301030,2024-03-24 19:00:00,1610612749,1610612760,Regular Season,2024,1,Milwaukee Bucks,Oklahoma City Thunder,0,0
22301032,2024-03-24 22:00:00,1610612747,1610612754,Regular Season,2024,1,Los Angeles Lakers,Indiana Pacers,0,0
22301033,2024-03-25 19:00:00,1610612739,1610612766,Regular Season,2024,1,Cleveland Cavaliers,Charlotte Hornets,0,0
22301036,2024-03-25 19:30:00,1610612761,1610612751,Regular Season,2024,0,Toronto Raptors,Brooklyn Nets,0,0
22301035,2024-03-25 19:30:00,1610612752,1610612765,Regular Season,2024,1,New York Knicks,Detroit Pistons,0,0
22301034,2024-03-25 19:30:00,1610612737,1610612738,Regular Season,2024,1,Atlanta Hawks,Boston Celtics,0,0
22301039,2024-03-25 20:00:00,1610612759,1610612756,Regular Season,2024,1,San Antonio Spurs,Phoenix Suns,0,0
22301038,2024-03-25 20:00:00,1610612745,1610612757,Regular Season,2024,1,Houston Rockets,Portland Trail Blazers,0,0
22301037,2024-03-25 20:00:00,1610612741,1610612764,Regular Season,2024,0,Chicago Bulls,Washington Wizards,0,0
22301040,2024-03-25 21:00:00,1610612743,1610612763,Regular Season,2024,1,Denver Nuggets,Memphis Grizzlies,0,0
22301041,2024-03-25 21:00:00,1610612762,1610612742,Regular Season,2024,0,Utah Jazz,Dallas Mavericks,0,0
22301042,2024-03-25 22:00:00,1610612758,1610612755,Regular Season,2024,1,Sacramento Kings,Philadelphia 76ers,0,0
22301043,2024-03-25 22:30:00,1610612746,1610612754,Regular Season,2024,0,Los Angeles Clippers,Indiana Pacers,0,0
22301045,2024-03-26 19:30:00,1610612749,1610612747,Regular Season,2024,0,Milwaukee Bucks,Los Angeles Lakers,0,0
22301044,2024-03-26 19:30:00,1610612748,1610612744,Regular Season,2024,0,Miami Heat,Golden State Warriors,0,0
22301046,2024-03-26 20:00:00,1610612740,1610612760,Regular Season,2024,0,New Orleans Pelicans,Oklahoma City Thunder,0,0
22301047,2024-03-26 22:00:00,1610612758,1610612742,Regular Season,2024,0,Sacramento Kings,Dallas Mavericks,0,0
22301048,2024-03-27 19:00:00,1610612766,1610612739,Regular Season,2024,1,Charlotte Hornets,Cleveland Cavaliers,0,0
22301050,2024-03-27 19:00:00,1610612764,1610612751,Regular Season,2024,0,Washington Wizards,Brooklyn Nets,0,0
22301049,2024-03-27 19:00:00,1610612753,1610612744,Regular Season,2024,0,Orlando Magic,Golden State Warriors,0,0
22301051,2024-03-27 19:30:00,1610612737,1610612757,Regular Season,2024,1,Atlanta Hawks,Portland Trail Blazers,0,0
22301053,2024-03-27 19:30:00,1610612761,1610612752,Regular Season,2024,0,Toronto Raptors,New York Knicks,0,0
22301052,2024-03-27 19:30:00,1610612755,1610612746,Regular Season,2024,0,Philadelphia 76ers,Los Angeles Clippers,0,0
22301054,2024-03-27 20:00:00,1610612741,1610612754,Regular Season,2024,1,Chicago Bulls,Indiana Pacers,0,0
22301057,2024-03-27 20:00:00,1610612760,1610612745,Regular Season,2024,0,Oklahoma City Thunder,Houston Rockets,0,0
22301056,2024-03-27 20:00:00,1610612750,1610612765,Regular Season,2024,1,Minnesota Timberwolves,Detroit Pistons,0,0
22301055,2024-03-27 20:00:00,1610612763,1610612747,Regular Season,2024,0,Memphis Grizzlies,Los Angeles Lakers,0,0
22301058,2024-03-27 21:00:00,1610612762,1610612759,Regular Season,2024,0,Utah Jazz,San Antonio Spurs,0,0
22301059,2024-03-27 22:00:00,1610612743,1610612756,Regular Season,2024,0,Denver Nuggets,Phoenix Suns,0,0
22301060,2024-03-28 19:30:00,1610612737,1610612738,Regular Season,2024,1,Atlanta Hawks,Boston Celtics,0,0
22301061,2024-03-28 20:00:00,1610612740,1610612749,Regular Season,2024,1,New Orleans Pelicans,Milwaukee Bucks,0,0
22301065,2024-03-29 19:00:00,1610612764,1610612765,Regular Season,2024,0,Washington Wizards,Detroit Pistons,0,0
22301064,2024-03-29 19:00:00,1610612753,1610612746,Regular Season,2024,0,Orlando Magic,Los Angeles Clippers,0,0
22301063,2024-03-29 19:00:00,1610612754,1610612747,Regular Season,2024,1,Indiana Pacers,Los Angeles Lakers,0,0
22301062,2024-03-29 19:00:00,1610612766,1610612744,Regular Season,2024,0,Charlotte Hornets,Golden State Warriors,0,0
22301067,2024-03-29 19:30:00,1610612739,1610612755,Regular Season,2024,1,Cleveland Cavaliers,Philadelphia 76ers,0,0
22301066,2024-03-29 19:30:00,1610612751,1610612741,Regular Season,2024,1,Brooklyn Nets,Chicago Bulls,0,0
22301068,2024-03-29 20:00:00,1610612748,1610612757,Regular Season,2024,1,Miami Heat,Portland Trail Blazers,0,0
22301070,2024-03-29 20:00:00,1610612759,1610612752,Regular Season,2024,1,San Antonio Spurs,New York Knicks,0,0
22301069,2024-03-29 20:00:00,1610612760,1610612756,Regular Season,2024,1,Oklahoma City Thunder,Phoenix Suns,0,0
22301071,2024-03-29 21:00:00,1610612743,1610612750,Regular Season,2024,0,Denver Nuggets,Minnesota Timberwolves,0,0
22301072,2024-03-29 21:30:00,1610612762,1610612745,Regular Season,2024,0,Utah Jazz,Houston Rockets,0,0
22301073,2024-03-29 22:00:00,1610612758,1610612742,Regular Season,2024,0,Sacramento Kings,Dallas Mavericks,0,0
22301074,2024-03-30 17:00:00,1610612740,1610612738,Regular Season,2024,0,New Orleans Pelicans,Boston Celtics,0,0
22301075,2024-03-30 19:00:00,1610612753,1610612763,Regular Season,2024,1,Orlando Magic,Memphis Grizzlies,0,0
22301076,2024-03-30 19:30:00,1610612737,1610612749,Regular Season,2024,0,Atlanta Hawks,Milwaukee Bucks,0,0
22301077,2024-03-31 15:30:00,1610612743,1610612739,Regular Season,2024,1,Denver Nuggets,Cleveland Cavaliers,0,0
22301081,2024-03-31 18:00:00,1610612764,1610612748,Regular Season,2024,0,Washington Wizards,Miami Heat,0,0
22301080,2024-03-31 18:00:00,1610612761,1610612755,Regular Season,2024,0,Toronto Raptors,Philadelphia 76ers,0,0
22301079,2024-03-31 18:00:00,1610612766,1610612746,Regular Season,2024,0,Charlotte Hornets,Los Angeles Clippers,0,0
22301078,2024-03-31 18:00:00,1610612751,1610612747,Regular Season,2024,0,Brooklyn Nets,Los Angeles Lakers,0,0
22301082,2024-03-31 19:00:00,1610612752,1610612760,Regular Season,2024,0,New York Knicks,Oklahoma City Thunder,0,0
22301084,2024-03-31 19:00:00,1610612750,1610612741,Regular Season,2024,0,Minnesota Timberwolves,Chicago Bulls,0,0
22301085,2024-03-31 19:00:00,1610612759,1610612744,Regular Season,2024,0,San Antonio Spurs,Golden State Warriors,0,0
22301083,2024-03-31 19:00:00,1610612745,1610612742,Regular Season,2024,0,Houston Rockets,Dallas Mavericks,0,0
22301086,2024-03-31 21:00:00,1610612758,1610612762,Regular Season,2024,1,Sacramento Kings,Utah Jazz,0,0
22301090,2024-04-01 19:00:00,1610612753,1610612757,Regular Season,2024,1,Orlando Magic,Portland Trail Blazers,0,0
22301089,2024-04-01 19:00:00,1610612754,1610612751,Regular Season,2024,1,Indiana Pacers,Brooklyn Nets,0,0
22301088,2024-04-01 19:00:00,1610612765,1610612763,Regular Season,2024,0,Detroit Pistons,Memphis Grizzlies,0,0
22301087,2024-04-01 19:00:00,1610612766,1610612738,Regular Season,2024,0,Charlotte Hornets,Boston Celtics,0,0
22301092,2024-04-01 20:00:00,1610612740,1610612756,Regular Season,2024,0,New Orleans Pelicans,Phoenix Suns,0,0
22301091,2024-04-01 20:00:00,1610612741,1610612737,Regular Season,2024,0,Chicago Bulls,Atlanta Hawks,0,0
22301095,2024-04-02 19:00:00,1610612764,1610612749,Regular Season,2024,1,Washington Wizards,Milwaukee Bucks,0,0
22301094,2024-04-02 19:00:00,1610612761,1610612747,Regular Season,2024,0,Toronto Raptors,Los Angeles Lakers,0,0
22301096,2024-04-02 19:30:00,1610612748,1610612752,Regular Season,2024,1,Miami Heat,New York Knicks,0,0
22301093,2024-04-02 19:30:00,1610612755,1610612760,Regular Season,2024,1,Philadelphia 76ers,Oklahoma City Thunder,0,0
22301098,2024-04-02 20:00:00,1610612750,1610612745,Regular Season,2024,1,Minnesota Timberwolves,Houston Rockets,0,0
22301099,2024-04-02 21:00:00,1610612743,1610612759,Regular Season,2024,1,Denver Nuggets,San Antonio Spurs,0,0
22301100,2024-04-02 21:00:00,1610612762,1610612739,Regular Season,2024,0,Utah Jazz,Cleveland Cavaliers,0,0
22301101,2024-04-02 22:00:00,1610612758,1610612746,Regular Season,2024,1,Sacramento Kings,Los Angeles Clippers,0,0
22300589,2024-04-02 22:00:00,1610612744,1610612742,Regular Season,2024,1,Golden State Warriors,Dallas Mavericks,0,0
22301103,2024-04-03 19:00:00,1610612764,1610612747,Regular Season,2024,0,Washington Wizards,Los Angeles Lakers,0,0
22301102,2024-04-03 19:00:00,1610612766,1610612757,Regular Season,2024,0,Charlotte Hornets,Portland Trail Blazers,0,0
22301106,2024-04-03 19:30:00,1610612751,1610612754,Regular Season,2024,1,Brooklyn Nets,Indiana Pacers,0,0
22301105,2024-04-03 19:30:00,1610612738,1610612760,Regular Season,2024,1,Boston Celtics,Oklahoma City Thunder,0,0
22301104,2024-04-03 19:30:00,1610612737,1610612765,Regular Season,2024,1,Atlanta Hawks,Detroit Pistons,0,0
22301109,2024-04-03 20:00:00,1610612740,1610612753,Regular Season,2024,0,New Orleans Pelicans,Orlando Magic,0,0
22301108,2024-04-03 20:00:00,1610612750,1610612761,Regular Season,2024,1,Minnesota Timberwolves,Toronto Raptors,0,0
22301107,2024-04-03 20:00:00,1610612749,1610612763,Regular Season,2024,0,Milwaukee Bucks,Memphis Grizzlies,0,0
22301110,2024-04-03 22:00:00,1610612756,1610612739,Regular Season,2024,1,Phoenix Suns,Cleveland Cavaliers,0,0
22301112,2024-04-04 19:30:00,1610612752,1610612758,Regular Season,2024,1,New York Knicks,Sacramento Kings,0,0
22301124,2024-04-04 19:30:00,1610612742,1610612737,Regular Season,2024,1,Dallas Mavericks,Atlanta Hawks,0,0
22301111,2024-04-04 19:30:00,1610612748,1610612755,Regular Season,2024,0,Miami Heat,Philadelphia 76ers,0,0
22301113,2024-04-04 20:00:00,1610612745,1610612744,Regular Season,2024,0,Houston Rockets,Golden State Warriors,0,0
22301114,2024-04-04 22:00:00,1610612746,1610612743,Regular Season,2024,1,Los Angeles Clippers,Denver Nuggets,0,0
22301117,2024-04-05 19:00:00,1610612764,1610612757,Regular Season,2024,0,Washington Wizards,Portland Trail Blazers,0,0
22301116,2024-04-05 19:00:00,1610612754,1610612760,Regular Season,2024,1,Indiana Pacers,Oklahoma City Thunder,0,0
22301115,2024-04-05 19:00:00,1610612766,1610612753,Regular Season,2024,1,Charlotte Hornets,Orlando Magic,0,0
22301118,2024-04-05 19:30:00,1610612738,1610612758,Regular Season,2024,1,Boston Celtics,Sacramento Kings,0,0
22301123,2024-04-05 20:00:00,1610612740,1610612759,Regular Season,2024,0,New Orleans Pelicans,San Antonio Spurs,0,0
22301122,2024-04-05 20:00:00,1610612749,1610612761,Regular Season,2024,0,Milwaukee Bucks,Toronto Raptors,0,0
22301121,2024-04-05 20:00:00,1610612763,1610612765,Regular Season,2024,1,Memphis Grizzlies,Detroit Pistons,0,0
22301120,2024-04-05 20:00:00,1610612745,1610612748,Regular Season,2024,0,Houston Rockets,Miami Heat,0,0
22301119,2024-04-05 20:00:00,1610612741,1610612752,Regular Season,2024,1,Chicago Bulls,New York Knicks,0,0
22301097,2024-04-05 20:30:00,1610612742,1610612744,Regular Season,2024,1,Dallas Mavericks,Golden State Warriors,0,0
22301125,2024-04-05 22:00:00,1610612756,1610612750,Regular Season,2024,1,Phoenix Suns,Minnesota Timberwolves,0,0
22301126,2024-04-05 22:30:00,1610612746,1610612762,Regular Season,2024,1,Los Angeles Clippers,Utah Jazz,0,0
22301127,2024-04-06 15:30:00,1610612747,1610612739,Regular Season,2024,1,Los Angeles Lakers,Cleveland Cavaliers,0,0
22301128,2024-04-06 19:00:00,1610612751,1610612765,Regular Season,2024,1,Brooklyn Nets,Detroit Pistons,0,0
22301129,2024-04-06 20:00:00,1610612763,1610612755,Regular Season,2024,0,Memphis Grizzlies,Philadelphia 76ers,0,0
22301130,2024-04-06 21:00:00,1610612743,1610612737,Regular Season,2024,1,Denver Nuggets,Atlanta Hawks,0,0
22301132,2024-04-07 15:30:00,1610612746,1610612739,Regular Season,2024,1,Los Angeles Clippers,Cleveland Cavaliers,0,0
22301131,2024-04-07 15:30:00,1610612742,1610612745,Regular Season,2024,1,Dallas Mavericks,Houston Rockets,0,0
22301133,2024-04-07 17:00:00,1610612754,1610612748,Regular Season,2024,1,Indiana Pacers,Miami Heat,0,0
22301138,2024-04-07 18:00:00,1610612756,1610612740,Regular Season,2024,0,Phoenix Suns,New Orleans Pelicans,0,0
22301137,2024-04-07 18:00:00,1610612761,1610612764,Regular Season,2024,1,Toronto Raptors,Washington Wizards,0,0
22301136,2024-04-07 18:00:00,1610612753,1610612741,Regular Season,2024,1,Orlando Magic,Chicago Bulls,0,0
22301135,2024-04-07 18:00:00,1610612766,1610612760,Regular Season,2024,0,Charlotte Hornets,Oklahoma City Thunder,0,0
22301134,2024-04-07 18:00:00,1610612738,1610612757,Regular Season,2024,1,Boston Celtics,Portland Trail Blazers,0,0
22301139,2024-04-07 19:00:00,1610612749,1610612752,Regular Season,2024,0,Milwaukee Bucks,New York Knicks,0,0
22301140,2024-04-07 19:00:00,1610612759,1610612755,Regular Season,2024,0,San Antonio Spurs,Philadelphia 76ers,0,0
22301141,2024-04-07 19:30:00,1610612751,1610612758,Regular Season,2024,0,Brooklyn Nets,Sacramento Kings,0,0
22301142,2024-04-07 20:30:00,1610612744,1610612762,Regular Season,2024,1,Golden State Warriors,Utah Jazz,0,0
22301143,2024-04-07 22:00:00,1610612747,1610612750,Regular Season,2024,0,Los Angeles Lakers,Minnesota Timberwolves,0,0
22301146,2024-04-09 19:00:00,1610612761,1610612754,Regular Season,2024,0,Toronto Raptors,Indiana Pacers,0,0
22301145,2024-04-09 19:00:00,1610612755,1610612765,Regular Season,2024,1,Philadelphia 76ers,Detroit Pistons,0,0
22301144,2024-04-09 19:00:00,1610612766,1610612742,Regular Season,2024,0,Charlotte Hornets,Dallas Mavericks,0,0
22301148,2024-04-09 19:30:00,1610612749,1610612738,Regular Season,2024,1,Milwaukee Bucks,Boston Celtics,0,0
22301147,2024-04-09 19:30:00,1610612737,1610612748,Regular Season,2024,0,Atlanta Hawks,Miami Heat,0,0
22301153,2024-04-09 20:00:00,1610612760,1610612758,Regular Season,2024,1,Oklahoma City Thunder,Sacramento Kings,0,0
22301152,2024-04-09 20:00:00,1610612750,1610612764,Regular Season,2024,1,Minnesota Timberwolves,Washington Wizards,0,0
22301151,2024-04-09 20:00:00,1610612763,1610612759,Regular Season,2024,0,Memphis Grizzlies,San Antonio Spurs,0,0
22301150,2024-04-09 20:00:00,1610612745,1610612753,Regular Season,2024,1,Houston Rockets,Orlando Magic,0,0
22301149,2024-04-09 20:00:00,1610612741,1610612752,Regular Season,2024,0,Chicago Bulls,New York Knicks,0,0
22301154,2024-04-09 21:00:00,1610612762,1610612743,Regular Season,2024,0,Utah Jazz,Denver Nuggets,0,0
22301155,2024-04-09 22:00:00,1610612747,1610612744,Regular Season,2024,0,Los Angeles Lakers,Golden State Warriors,0,0
22301157,2024-04-09 22:00:00,1610612757,1610612740,Regular Season,2024,0,Portland Trail Blazers,New Orleans Pelicans,0,0
22301156,2024-04-09 22:00:00,1610612756,1610612746,Regular Season,2024,0,Phoenix Suns,Los Angeles Clippers,0,0
22301158,2024-04-10 19:00:00,1610612739,1610612763,Regular Season,2024,1,Cleveland Cavaliers,Memphis Grizzlies,0,0
22301161,2024-04-10 19:30:00,1610612748,1610612742,Regular Season,2024,0,Miami Heat,Dallas Mavericks,0,0
22301160,2024-04-10 19:30:00,1610612751,1610612761,Regular Season,2024,1,Brooklyn Nets,Toronto Raptors,0,0
22301159,2024-04-10 19:30:00,1610612737,1610612766,Regular Season,2024,0,Atlanta Hawks,Charlotte Hornets,0,0
22301163,2024-04-10 20:00:00,1610612760,1610612759,Regular Season,2024,1,Oklahoma City Thunder,San Antonio Spurs,0,0
22301162,2024-04-10 20:00:00,1610612749,1610612753,Regular Season,2024,1,Milwaukee Bucks,Orlando Magic,0,0
22301164,2024-04-10 22:00:00,1610612743,1610612750,Regular Season,2024,1,Denver Nuggets,Minnesota Timberwolves,0,0
22301165,2024-04-10 22:30:00,1610612746,1610612756,Regular Season,2024,0,Los Angeles Clippers,Phoenix Suns,0,0
22301166,2024-04-11 19:00:00,1610612765,1610612741,Regular Season,2024,0,Detroit Pistons,Chicago Bulls,0,0
22301167,2024-04-11 19:30:00,1610612738,1610612752,Regular Season,2024,0,Boston Celtics,New York Knicks,0,0
22301168,2024-04-11 21:00:00,1610612762,1610612745,Regular Season,2024,1,Utah Jazz,Houston Rockets,0,0
22301169,2024-04-11 22:00:00,1610612757,1610612744,Regular Season,2024,0,Portland Trail Blazers,Golden State Warriors,0,0
22301170,2024-04-11 22:00:00,1610612758,1610612740,Regular Season,2024,0,Sacramento Kings,New Orleans Pelicans,0,0
22301172,2024-04-12 19:00:00,1610612764,1610612741,Regular Season,2024,0,Washington Wizards,Chicago Bulls,0,0
22301171,2024-04-12 19:00:00,1610612755,1610612753,Regular Season,2024,1,Philadelphia 76ers,Orlando Magic,0,0
22301173,2024-04-12 19:30:00,1610612738,1610612766,Regular Season,2024,1,Boston Celtics,Charlotte Hornets,0,0
22301175,2024-04-12 19:30:00,1610612752,1610612751,Regular Season,2024,1,New York Knicks,Brooklyn Nets,0,0
22301174,2024-04-12 19:30:00,1610612739,1610612754,Regular Season,2024,1,Cleveland Cavaliers,Indiana Pacers,0,0
22301176,2024-04-12 20:00:00,1610612748,1610612761,Regular Season,2024,1,Miami Heat,Toronto Raptors,0,0
22301177,2024-04-12 20:00:00,1610612763,1610612747,Regular Season,2024,0,Memphis Grizzlies,Los Angeles Lakers,0,0
22301180,2024-04-12 20:00:00,1610612759,1610612743,Regular Season,2024,1,San Antonio Spurs,Denver Nuggets,0,0
22301179,2024-04-12 20:00:00,1610612760,1610612749,Regular Season,2024,1,Oklahoma City Thunder,Milwaukee Bucks,0,0
22301178,2024-04-12 20:00:00,1610612750,1610612737,Regular Season,2024,1,Minnesota Timberwolves,Atlanta Hawks,0,0
22301181,2024-04-12 20:30:00,1610612742,1610612765,Regular Season,2024,0,Dallas Mavericks,Detroit Pistons,0,0
22301183,2024-04-12 22:00:00,1610612757,1610612745,Regular Season,2024,0,Portland Trail Blazers,Houston Rockets,0,0
22301182,2024-04-12 22:00:00,1610612744,1610612740,Regular Season,2024,0,Golden State Warriors,New Orleans Pelicans,0,0
22301185,2024-04-12 22:30:00,1610612758,1610612756,Regular Season,2024,0,Sacramento Kings,Phoenix Suns,0,0
22301184,2024-04-12 22:30:00,1610612746,1610612762,Regular Season,2024,0,Los Angeles Clippers,Utah Jazz,0,0
22301186,2024-04-14 13:00:00,1610612738,1610612764,Regular Season,2024,1,Boston Celtics,Washington Wizards,0,0
22301188,2024-04-14 13:00:00,1610612754,1610612737,Regular Season,2024,1,Indiana Pacers,Atlanta Hawks,0,0
22301187,2024-04-14 13:00:00,1610612739,1610612766,Regular Season,2024,0,Cleveland Cavaliers,Charlotte Hornets,0,0
22301190,2024-04-14 13:00:00,1610612752,1610612741,Regular Season,2024,1,New York Knicks,Chicago Bulls,0,0
22301191,2024-04-14 13:00:00,1610612753,1610612749,Regular Season,2024,1,Orlando Magic,Milwaukee Bucks,0,0
22301192,2024-04-14 13:00:00,1610612755,1610612751,Regular Season,2024,1,Philadelphia 76ers,Brooklyn Nets,0,0
22301189,2024-04-14 13:00:00,1610612748,1610612761,Regular Season,2024,1,Miami Heat,Toronto Raptors,0,0
22301200,2024-04-14 15:30:00,1610612758,1610612757,Regular Season,2024,1,Sacramento Kings,Portland Trail Blazers,0,0
22301199,2024-04-14 15:30:00,1610612746,1610612745,Regular Season,2024,0,Los Angeles Clippers,Houston Rockets,0,0
22301198,2024-04-14 15:30:00,1610612744,1610612762,Regular Season,2024,1,Golden State Warriors,Utah Jazz,0,0
22301197,2024-04-14 15:30:00,1610612759,1610612765,Regular Season,2024,1,San Antonio Spurs,Detroit Pistons,0,0
22301196,2024-04-14 15:30:00,1610612760,1610612742,Regular Season,2024,1,Oklahoma City Thunder,Dallas Mavericks,0,0
22301195,2024-04-14 15:30:00,1610612740,1610612747,Regular Season,2024,0,New Orleans Pelicans,Los Angeles Lakers,0,0
22301194,2024-04-14 15:30:00,1610612750,1610612756,Regular Season,2024,0,Minnesota Timberwolves,Phoenix Suns,0,0
22301193,2024-04-14 15:30:00,1610612763,1610612743,Regular Season,2024,0,Memphis Grizzlies,Denver Nuggets,0,0
52300121,2024-04-16 19:30:00,1610612740,1610612747,Play-in Tournament,2024,0,New Orleans Pelicans,Los Angeles Lakers,1,0
52300131,2024-04-16 22:00:00,1610612758,1610612744,Play-in Tournament,2024,1,Sacramento Kings,Golden State Warriors,1,0
52300101,2024-04-17 19:00:00,1610612755,1610612748,Play-in Tournament,2024,1,Philadelphia 76ers,Miami Heat,1,0
52300111,2024-04-17 21:30:00,1610612741,1610612737,Play-in Tournament,2024,1,Chicago Bulls,Atlanta Hawks,1,0
52300201,2024-04-19 19:00:00,1610612748,1610612741,Play-in Tournament,2024,1,Miami Heat,Chicago Bulls,1,0
52300211,2024-04-19 21:30:00,1610612740,1610612758,Play-in Tournament,2024,1,New Orleans Pelicans,Sacramento Kings,1,0
42300131,2024-04-20 13:00:00,1610612739,1610612753,Playoffs,2024,1,Cleveland Cavaliers,Orlando Magic,1,0
42300161,2024-04-20 15:30:00,1610612750,1610612756,Playoffs,2024,1,Minnesota Timberwolves,Phoenix Suns,1,0
42300111,2024-04-20 18:00:00,1610612752,1610612755,Playoffs,2024,1,New York Knicks,Philadelphia 76ers,1,0
42300151,2024-04-20 20:30:00,1610612743,1610612747,Playoffs,2024,1,Denver Nuggets,Los Angeles Lakers,1,0
42300101,2024-04-21 13:00:00,1610612738,1610612748,Playoffs,2024,1,Boston Celtics,Miami Heat,1,0
42300171,2024-04-21 15:30:00,1610612746,1610612742,Playoffs,2024,1,Los Angeles Clippers,Dallas Mavericks,1,0
42300121,2024-04-21 19:00:00,1610612749,1610612754,Playoffs,2024,1,Milwaukee Bucks,Indiana Pacers,1,0
42300141,2024-04-21 21:30:00,1610612760,1610612740,Playoffs,2024,1,Oklahoma City Thunder,New Orleans Pelicans,1,0
42300132,2024-04-22 19:00:00,1610612739,1610612753,Playoffs,2024,1,Cleveland Cavaliers,Orlando Magic,1,0
42300112,2024-04-22 19:30:00,1610612752,1610612755,Playoffs,2024,1,New York Knicks,Philadelphia 76ers,1,0
42300152,2024-04-22 22:00:00,1610612743,1610612747,Playoffs,2024,1,Denver Nuggets,Los Angeles Lakers,1,0
42300162,2024-04-23 19:30:00,1610612750,1610612756,Playoffs,2024,1,Minnesota Timberwolves,Phoenix Suns,1,0
42300122,2024-04-23 20:30:00,1610612749,1610612754,Playoffs,2024,0,Milwaukee Bucks,Indiana Pacers,1,0
42300172,2024-04-23 22:00:00,1610612746,1610612742,Playoffs,2024,0,Los Angeles Clippers,Dallas Mavericks,1,0
42300102,2024-04-24 19:00:00,1610612738,1610612748,Playoffs,2024,0,Boston Celtics,Miami Heat,1,0
42300142,2024-04-24 21:30:00,1610612760,1610612740,Playoffs,2024,1,Oklahoma City Thunder,New Orleans Pelicans,1,0
42300133,2024-04-25 19:00:00,1610612753,1610612739,Playoffs,2024,1,Orlando Magic,Cleveland Cavaliers,1,0
42300113,2024-04-25 19:30:00,1610612755,1610612752,Playoffs,2024,1,Philadelphia 76ers,New York Knicks,1,0
42300153,2024-04-25 22:00:00,1610612747,1610612743,Playoffs,2024,0,Los Angeles Lakers,Denver Nuggets,1,0
42300123,2024-04-26 17:30:00,1610612754,1610612749,Playoffs,2024,1,Indiana Pacers,Milwaukee Bucks,1,0
42300173,2024-04-26 20:00:00,1610612742,1610612746,Playoffs,2024,1,Dallas Mavericks,Los Angeles Clippers,1,0
42300163,2024-04-26 22:30:00,1610612756,1610612750,Playoffs,2024,0,Phoenix Suns,Minnesota Timberwolves,1,0
42300134,2024-04-27 13:00:00,1610612753,1610612739,Playoffs,2024,1,Orlando Magic,Cleveland Cavaliers,1,0
42300143,2024-04-27 15:30:00,1610612740,1610612760,Playoffs,2024,0,New Orleans Pelicans,Oklahoma City Thunder,1,0
42300103,2024-04-27 18:00:00,1610612748,1610612738,Playoffs,2024,0,Miami Heat,Boston Celtics,1,0
42300154,2024-04-27 20:30:00,1610612747,1610612743,Playoffs,2024,1,Los Angeles Lakers,Denver Nuggets,1,0
42300114,2024-04-28 13:00:00,1610612755,1610612752,Playoffs,2024,0,Philadelphia 76ers,New York Knicks,1,0
42300174,2024-04-28 15:30:00,1610612742,1610612746,Playoffs,2024,0,Dallas Mavericks,Los Angeles Clippers,1,0
42300124,2024-04-28 19:00:00,1610612754,1610612749,Playoffs,2024,1,Indiana Pacers,Milwaukee Bucks,1,0
42300164,2024-04-28 21:30:00,1610612756,1610612750,Playoffs,2024,0,Phoenix Suns,Minnesota Timberwolves,1,0
42300104,2024-04-29 19:30:00,1610612748,1610612738,Playoffs,2024,0,Miami Heat,Boston Celtics,1,0
42300144,2024-04-29 20:30:00,1610612740,1610612760,Playoffs,2024,0,New Orleans Pelicans,Oklahoma City Thunder,1,0
42300155,2024-04-29 22:00:00,1610612743,1610612747,Playoffs,2024,1,Denver Nuggets,Los Angeles Lakers,1,0
42300115,2024-04-30 19:00:00,1610612752,1610612755,Playoffs,2024,0,New York Knicks,Philadelphia 76ers,1,0
42300135,2024-04-30 20:00:00,1610612739,1610612753,Playoffs,2024,1,Cleveland Cavaliers,Orlando Magic,1,0
42300125,2024-04-30 21:30:00,1610612749,1610612754,Playoffs,2024,1,Milwaukee Bucks,Indiana Pacers,1,0
42300105,2024-05-01 19:30:00,1610612738,1610612748,Playoffs,2024,1,Boston Celtics,Miami Heat,1,0
42300175,2024-05-01 22:00:00,1610612746,1610612742,Playoffs,2024,0,Los Angeles Clippers,Dallas Mavericks,1,0
42300126,2024-05-02 18:30:00,1610612754,1610612749,Playoffs,2024,1,Indiana Pacers,Milwaukee Bucks,1,0
42300116,2024-05-02 21:00:00,1610612755,1610612752,Playoffs,2024,0,Philadelphia 76ers,New York Knicks,1,0
42300136,2024-05-03 19:00:00,1610612753,1610612739,Playoffs,2024,1,Orlando Magic,Cleveland Cavaliers,1,0
42300176,2024-05-03 21:30:00,1610612742,1610612746,Playoffs,2024,1,Dallas Mavericks,Los Angeles Clippers,1,0
42300231,2024-05-04 19:00:00,1610612743,1610612750,Playoffs,2024,0,Denver Nuggets,Minnesota Timberwolves,1,0
42300137,2024-05-05 13:00:00,1610612739,1610612753,Playoffs,2024,1,Cleveland Cavaliers,Orlando Magic,1,0
42300211,2024-05-06 19:30:00,1610612752,1610612754,Playoffs,2024,1,New York Knicks,Indiana Pacers,1,0
42300232,2024-05-06 22:00:00,1610612743,1610612750,Playoffs,2024,0,Denver Nuggets,Minnesota Timberwolves,1,0
42300201,2024-05-07 19:00:00,1610612738,1610612739,Playoffs,2024,1,Boston Celtics,Cleveland Cavaliers,1,0
42300221,2024-05-07 21:30:00,1610612760,1610612742,Playoffs,2024,1,Oklahoma City Thunder,Dallas Mavericks,1,0
42300212,2024-05-08 20:00:00,1610612752,1610612754,Playoffs,2024,1,New York Knicks,Indiana Pacers,1,0
42300202,2024-05-09 19:00:00,1610612738,1610612739,Playoffs,2024,0,Boston Celtics,Cleveland Cavaliers,1,0
42300222,2024-05-09 21:30:00,1610612760,1610612742,Playoffs,2024,0,Oklahoma City Thunder,Dallas Mavericks,1,0
42300213,2024-05-10 19:00:00,1610612754,1610612752,Playoffs,2024,1,Indiana Pacers,New York Knicks,1,0
42300233,2024-05-10 21:30:00,1610612750,1610612743,Playoffs,2024,0,Minnesota Timberwolves,Denver Nuggets,1,0
42300223,2024-05-11 15:30:00,1610612742,1610612760,Playoffs,2024,1,Dallas Mavericks,Oklahoma City Thunder,1,0
42300203,2024-05-11 20:30:00,1610612739,1610612738,Playoffs,2024,0,Cleveland Cavaliers,Boston Celtics,1,0
42300214,2024-05-12 15:30:00,1610612754,1610612752,Playoffs,2024,1,Indiana Pacers,New York Knicks,1,0
42300234,2024-05-12 20:00:00,1610612750,1610612743,Playoffs,2024,0,Minnesota Timberwolves,Denver Nuggets,1,0
42300204,2024-05-13 19:00:00,1610612739,1610612738,Playoffs,2024,0,Cleveland Cavaliers,Boston Celtics,1,0
42300224,2024-05-13 21:30:00,1610612742,1610612760,Playoffs,2024,0,Dallas Mavericks,Oklahoma City Thunder,1,0
42300215,2024-05-14 20:00:00,1610612752,1610612754,Playoffs,2024,1,New York Knicks,Indiana Pacers,1,0
42300235,2024-05-14 22:30:00,1610612743,1610612750,Playoffs,2024,1,Denver Nuggets,Minnesota Timberwolves,1,0
42300205,2024-05-15 19:00:00,1610612738,1610612739,Playoffs,2024,1,Boston Celtics,Cleveland Cavaliers,1,0
42300225,2024-05-15 21:30:00,1610612760,1610612742,Playoffs,2024,0,Oklahoma City Thunder,Dallas Mavericks,1,0
42300236,2024-05-16 20:30:00,1610612750,1610612743,Playoffs,2024,1,Minnesota Timberwolves,Denver Nuggets,1,0
42300216,2024-05-17 20:30:00,1610612754,1610612752,Playoffs,2024,1,Indiana Pacers,New York Knicks,1,0
42300226,2024-05-18 20:00:00,1610612742,1610612760,Playoffs,2024,1,Dallas Mavericks,Oklahoma City Thunder,1,0
42300217,2024-05-19 15:30:00,1610612752,1610612754,Playoffs,2024,0,New York Knicks,Indiana Pacers,1,0
42300237,2024-05-19 20:00:00,1610612743,1610612750,Playoffs,2024,0,Denver Nuggets,Minnesota Timberwolves,1,0
42300301,2024-05-21 20:00:00,1610612738,1610612754,Playoffs,2024,1,Boston Celtics,Indiana Pacers,1,0
42300311,2024-05-22 20:30:00,1610612750,1610612742,Playoffs,2024,0,Minnesota Timberwolves,Dallas Mavericks,1,0
42300302,2024-05-23 20:00:00,1610612738,1610612754,Playoffs,2024,1,Boston Celtics,Indiana Pacers,1,0
42300312,2024-05-24 20:30:00,1610612750,1610612742,Playoffs,2024,0,Minnesota Timberwolves,Dallas Mavericks,1,0
42300303,2024-05-25 20:30:00,1610612754,1610612738,Playoffs,2024,0,Indiana Pacers,Boston Celtics,1,0
42300313,2024-05-26 20:00:00,1610612742,1610612750,Playoffs,2024,1,Dallas Mavericks,Minnesota Timberwolves,1,0
42300304,2024-05-27 20:00:00,1610612754,1610612738,Playoffs,2024,0,Indiana Pacers,Boston Celtics,1,0
42300314,2024-05-28 20:30:00,1610612742,1610612750,Playoffs,2024,0,Dallas Mavericks,Minnesota Timberwolves,1,0
42300315,2024-05-30 20:30:00,1610612750,1610612742,Playoffs,2024,0,Minnesota Timberwolves,Dallas Mavericks,1,0
42300401,2024-06-06 20:30:00,1610612738,1610612742,Playoffs,2024,1,Boston Celtics,Dallas Mavericks,1,0
42300402,2024-06-09 20:00:00,1610612738,1610612742,Playoffs,2024,1,Boston Celtics,Dallas Mavericks,1,0
42300403,2024-06-12 20:30:00,1610612742,1610612738,Playoffs,2024,0,Dallas Mavericks,Boston Celtics,1,0
42300404,2024-06-14 20:30:00,1610612742,1610612738,Playoffs,2024,1,Dallas Mavericks,Boston Celtics,1,0
42300405,2024-06-17 20:30:00,1610612738,1610612742,Playoffs,2024,1,Boston Celtics,Dallas Mavericks,1,0
12400001,2024-10-04 12:00:00,1610612743,1610612738,Preseason,2024,0,Denver Nuggets,Boston Celtics,1,0
12400003,2024-10-04 22:30:00,1610612747,1610612750,Preseason,2024,0,Los Angeles Lakers,Minnesota Timberwolves,1,0
12400004,2024-10-05 19:00:00,1610612746,1610612744,Preseason,2024,0,Los Angeles Clippers,Golden State Warriors,1,0
12400005,2024-10-06 10:00:00,1610612738,1610612743,Preseason,2024,1,Boston Celtics,Denver Nuggets,1,0
12400006,2024-10-06 17:00:00,1610612766,1610612752,Preseason,2024,0,Charlotte Hornets,New York Knicks,1,0
12400007,2024-10-06 19:30:00,1610612761,1610612764,Preseason,2024,1,Toronto Raptors,Washington Wizards,1,0
12400008,2024-10-06 20:00:00,1610612765,1610612749,Preseason,2024,1,Detroit Pistons,Milwaukee Bucks,1,0
12400009,2024-10-06 21:30:00,1610612747,1610612756,Preseason,2024,0,Los Angeles Lakers,Phoenix Suns,1,0
12400010,2024-10-07 13:30:00,1610612740,1610612753,Preseason,2024,1,New Orleans Pelicans,Orlando Magic,1,0
12400012,2024-10-07 20:00:00,1610612742,1610612763,Preseason,2024,0,Dallas Mavericks,Memphis Grizzlies,1,0
12400013,2024-10-07 20:00:00,1610612759,1610612760,Preseason,2024,0,San Antonio Spurs,Oklahoma City Thunder,1,0
12400014,2024-10-07 21:00:00,1610612762,1610612745,Preseason,2024,1,Utah Jazz,Houston Rockets,1,0
12400017,2024-10-08 19:00:00,1610612765,1610612756,Preseason,2024,0,Detroit Pistons,Phoenix Suns,1,0
12400016,2024-10-08 19:00:00,1610612739,1610612741,Preseason,2024,0,Cleveland Cavaliers,Chicago Bulls,1,0
12400015,2024-10-08 19:00:00,1610612766,1610612748,Preseason,2024,1,Charlotte Hornets,Miami Heat,1,0
12400018,2024-10-08 19:30:00,1610612737,1610612754,Preseason,2024,1,Atlanta Hawks,Indiana Pacers,1,0
12400019,2024-10-08 22:30:00,1610612746,1610612751,Preseason,2024,1,Los Angeles Clippers,Brooklyn Nets,1,0
12400020,2024-10-09 19:30:00,1610612752,1610612764,Preseason,2024,1,New York Knicks,Washington Wizards,1,0
12400022,2024-10-09 20:00:00,1610612759,1610612753,Preseason,2024,1,San Antonio Spurs,Orlando Magic,1,0
12400021,2024-10-09 20:00:00,1610612760,1610612745,Preseason,2024,0,Oklahoma City Thunder,Houston Rockets,1,0
12400023,2024-10-09 22:30:00,1610612758,1610612744,Preseason,2024,0,Sacramento Kings,Golden State Warriors,1,0
12400024,2024-10-10 19:00:00,1610612739,1610612754,Preseason,2024,0,Cleveland Cavaliers,Indiana Pacers,1,0
12400026,2024-10-10 20:00:00,1610612742,1610612762,Preseason,2024,0,Dallas Mavericks,Utah Jazz,1,0
12400028,2024-10-10 20:00:00,1610612749,1610612747,Preseason,2024,0,Milwaukee Bucks,Los Angeles Lakers,1,0
12400027,2024-10-10 20:00:00,1610612763,1610612766,Preseason,2024,0,Memphis Grizzlies,Charlotte Hornets,1,0
12400032,2024-10-11 19:00:00,1610612750,1610612755,Preseason,2024,1,Minnesota Timberwolves,Philadelphia 76ers,1,0
12400031,2024-10-11 19:00:00,1610612764,1610612761,Preseason,2024,1,Washington Wizards,Toronto Raptors,1,0
12400034,2024-10-11 22:00:00,1610612756,1610612765,Preseason,2024,0,Phoenix Suns,Detroit Pistons,1,0
12400033,2024-10-11 22:00:00,1610612744,1610612758,Preseason,2024,1,Golden State Warriors,Sacramento Kings,1,0
12400035,2024-10-11 22:30:00,1610612746,1610612757,Preseason,2024,1,Los Angeles Clippers,Portland Trail Blazers,1,0
12400038,2024-10-12 20:00:00,1610612759,1610612762,Preseason,2024,1,San Antonio Spurs,Utah Jazz,1,0
12400037,2024-10-12 20:00:00,1610612741,1610612763,Preseason,2024,0,Chicago Bulls,Memphis Grizzlies,1,0
12400036,2024-10-12 20:00:00,1610612738,1610612755,Preseason,2024,1,Boston Celtics,Philadelphia 76ers,1,0
12400039,2024-10-13 15:30:00,1610612748,1610612740,Preseason,2024,1,Miami Heat,New Orleans Pelicans,1,0
12400041,2024-10-13 18:00:00,1610612758,1610612757,Preseason,2024,0,Sacramento Kings,Portland Trail Blazers,1,0
12400040,2024-10-13 18:00:00,1610612752,1610612750,Preseason,2024,1,New York Knicks,Minnesota Timberwolves,1,0
12400042,2024-10-13 19:00:00,1610612738,1610612761,Preseason,2024,1,Boston Celtics,Toronto Raptors,1,0
12400043,2024-10-13 20:30:00,1610612743,1610612756,Preseason,2024,0,Denver Nuggets,Phoenix Suns,1,0
12400044,2024-10-13 20:30:00,1610612744,1610612765,Preseason,2024,1,Golden State Warriors,Detroit Pistons,1,0
12400045,2024-10-14 19:00:00,1610612754,1610612763,Preseason,2024,0,Indiana Pacers,Memphis Grizzlies,1,0
12400046,2024-10-14 19:30:00,1610612737,1610612755,Preseason,2024,0,Atlanta Hawks,Philadelphia 76ers,1,0
12400047,2024-10-14 19:30:00,1610612751,1610612764,Preseason,2024,1,Brooklyn Nets,Washington Wizards,1,0
12400048,2024-10-14 20:00:00,1610612749,1610612741,Preseason,2024,1,Milwaukee Bucks,Chicago Bulls,1,0
12400049,2024-10-14 22:30:00,1610612746,1610612742,Preseason,2024,1,Los Angeles Clippers,Dallas Mavericks,1,0
12400050,2024-10-15 19:00:00,1610612761,1610612738,Preseason,2024,1,Toronto Raptors,Boston Celtics,1,0
12400052,2024-10-15 19:30:00,1610612752,1610612766,Preseason,2024,1,New York Knicks,Charlotte Hornets,1,0
12400051,2024-10-15 19:30:00,1610612748,1610612759,Preseason,2024,1,Miami Heat,San Antonio Spurs,1,0
12400053,2024-10-15 20:00:00,1610612745,1610612740,Preseason,2024,1,Houston Rockets,New Orleans Pelicans,1,0
12400055,2024-10-15 21:00:00,1610612762,1610612758,Preseason,2024,1,Utah Jazz,Sacramento Kings,1,0
12400054,2024-10-15 21:00:00,1610612743,1610612760,Preseason,2024,0,Denver Nuggets,Oklahoma City Thunder,1,0
12400056,2024-10-15 22:00:00,1610612747,1610612744,Preseason,2024,0,Los Angeles Lakers,Golden State Warriors,1,0
12400058,2024-10-16 19:00:00,1610612755,1610612751,Preseason,2024,1,Philadelphia 76ers,Brooklyn Nets,1,0
12400057,2024-10-16 19:00:00,1610612765,1610612739,Preseason,2024,1,Detroit Pistons,Cleveland Cavaliers,1,0
12400025,2024-10-16 19:30:00,1610612748,1610612737,Preseason,2024,1,Miami Heat,Atlanta Hawks,1,0
12400059,2024-10-16 20:00:00,1610612741,1610612750,Preseason,2024,1,Chicago Bulls,Minnesota Timberwolves,1,0
12400061,2024-10-17 19:00:00,1610612754,1610612766,Preseason,2024,1,Indiana Pacers,Charlotte Hornets,1,0
12400062,2024-10-17 19:30:00,1610612742,1610612749,Preseason,2024,1,Dallas Mavericks,Milwaukee Bucks,1,0
12400072,2024-10-17 20:00:00,1610612750,1610612743,Preseason,2024,0,Minnesota Timberwolves,Denver Nuggets,1,0
12400064,2024-10-17 20:00:00,1610612760,1610612737,Preseason,2024,1,Oklahoma City Thunder,Atlanta Hawks,1,0
12400063,2024-10-17 20:00:00,1610612745,1610612759,Preseason,2024,1,Houston Rockets,San Antonio Spurs,1,0
12400065,2024-10-17 22:00:00,1610612756,1610612747,Preseason,2024,0,Phoenix Suns,Los Angeles Lakers,1,0
12400066,2024-10-17 22:30:00,1610612746,1610612758,Preseason,2024,1,Los Angeles Clippers,Sacramento Kings,1,0
12400068,2024-10-18 19:00:00,1610612764,1610612752,Preseason,2024,1,Washington Wizards,New York Knicks,1,0
12400067,2024-10-18 19:00:00,1610612753,1610612755,Preseason,2024,1,Orlando Magic,Philadelphia 76ers,1,0
12400069,2024-10-18 19:30:00,1610612751,1610612761,Preseason,2024,0,Brooklyn Nets,Toronto Raptors,1,0
12400071,2024-10-18 20:00:00,1610612763,1610612748,Preseason,2024,0,Memphis Grizzlies,Miami Heat,1,0
12400070,2024-10-18 20:00:00,1610612741,1610612739,Preseason,2024,1,Chicago Bulls,Cleveland Cavaliers,1,0
12400073,2024-10-18 22:00:00,1610612757,1610612762,Preseason,2024,1,Portland Trail Blazers,Utah Jazz,1,0
12400074,2024-10-18 22:30:00,1610612744,1610612747,Preseason,2024,1,Golden State Warriors,Los Angeles Lakers,1,0
22400061,2024-10-22 19:30:00,1610612738,1610612752,Regular Season,2024,1,Boston Celtics,New York Knicks,0,0
22400062,2024-10-22 22:00:00,1610612747,1610612750,Regular Season,2024,1,Los Angeles Lakers,Minnesota Timberwolves,0,0
22400063,2024-10-23 19:00:00,1610612765,1610612754,Regular Season,2024,0,Detroit Pistons,Indiana Pacers,0,0
22400067,2024-10-23 19:30:00,1610612761,1610612739,Regular Season,2024,0,Toronto Raptors,Cleveland Cavaliers,0,0
22400066,2024-10-23 19:30:00,1610612755,1610612749,Regular Season,2024,0,Philadelphia 76ers,Milwaukee Bucks,0,0
22400065,2024-10-23 19:30:00,1610612748,1610612753,Regular Season,2024,0,Miami Heat,Orlando Magic,0,0
22400064,2024-10-23 19:30:00,1610612737,1610612751,Regular Season,2024,1,Atlanta Hawks,Brooklyn Nets,0,0
22400069,2024-10-23 20:00:00,1610612740,1610612741,Regular Season,2024,1,New Orleans Pelicans,Chicago Bulls,0,0
22400068,2024-10-23 20:00:00,1610612745,1610612766,Regular Season,2024,0,Houston Rockets,Charlotte Hornets,0,0
22400070,2024-10-23 21:00:00,1610612762,1610612763,Regular Season,2024,0,Utah Jazz,Memphis Grizzlies,0,0
22400072,2024-10-23 22:00:00,1610612757,1610612744,Regular Season,2024,0,Portland Trail Blazers,Golden State Warriors,0,0
22400071,2024-10-23 22:00:00,1610612746,1610612756,Regular Season,2024,0,Los Angeles Clippers,Phoenix Suns,0,0
22400073,2024-10-24 19:00:00,1610612764,1610612738,Regular Season,2024,0,Washington Wizards,Boston Celtics,0,0
22400074,2024-10-24 19:30:00,1610612742,1610612759,Regular Season,2024,1,Dallas Mavericks,San Antonio Spurs,0,0
22400075,2024-10-24 22:00:00,1610612743,1610612760,Regular Season,2024,0,Denver Nuggets,Oklahoma City Thunder,0,0
22400076,2024-10-24 22:00:00,1610612758,1610612750,Regular Season,2024,0,Sacramento Kings,Minnesota Timberwolves,0,0
22400078,2024-10-25 19:00:00,1610612761,1610612755,Regular Season,2024,1,Toronto Raptors,Philadelphia 76ers,0,0
22400077,2024-10-25 19:00:00,1610612753,1610612751,Regular Season,2024,1,Orlando Magic,Brooklyn Nets,0,0
22400081,2024-10-25 19:30:00,1610612752,1610612754,Regular Season,2024,1,New York Knicks,Indiana Pacers,0,0
22400080,2024-10-25 19:30:00,1610612739,1610612765,Regular Season,2024,1,Cleveland Cavaliers,Detroit Pistons,0,0
22400079,2024-10-25 19:30:00,1610612737,1610612766,Regular Season,2024,1,Atlanta Hawks,Charlotte Hornets,0,0
22400083,2024-10-25 20:00:00,1610612749,1610612741,Regular Season,2024,0,Milwaukee Bucks,Chicago Bulls,0,0
22400082,2024-10-25 20:00:00,1610612745,1610612763,Regular Season,2024,1,Houston Rockets,Memphis Grizzlies,0,0
22400084,2024-10-25 21:30:00,1610612762,1610612744,Regular Season,2024,0,Utah Jazz,Golden State Warriors,0,0
22400086,2024-10-25 22:00:00,1610612757,1610612740,Regular Season,2024,0,Portland Trail Blazers,New Orleans Pelicans,0,0
22400085,2024-10-25 22:00:00,1610612747,1610612756,Regular Season,2024,1,Los Angeles Lakers,Phoenix Suns,0,0
22400087,2024-10-26 17:00:00,1610612743,1610612746,Regular Season,2024,0,Denver Nuggets,Los Angeles Clippers,0,0
22400088,2024-10-26 19:00:00,1610612766,1610612748,Regular Season,2024,0,Charlotte Hornets,Miami Heat,0,0
22400089,2024-10-26 19:00:00,1610612765,1610612738,Regular Season,2024,0,Detroit Pistons,Boston Celtics,0,0
22400090,2024-10-26 19:00:00,1610612764,1610612739,Regular Season,2024,0,Washington Wizards,Cleveland Cavaliers,0,0
22400093,2024-10-26 20:00:00,1610612750,1610612761,Regular Season,2024,1,Minnesota Timberwolves,Toronto Raptors,0,0
22400092,2024-10-26 20:00:00,1610612763,1610612753,Regular Season,2024,1,Memphis Grizzlies,Orlando Magic,0,0
22400091,2024-10-26 20:00:00,1610612741,1610612760,Regular Season,2024,0,Chicago Bulls,Oklahoma City Thunder,0,0
22400094,2024-10-26 20:30:00,1610612759,1610612745,Regular Season,2024,1,San Antonio Spurs,Houston Rockets,0,0
22400095,2024-10-26 22:00:00,1610612756,1610612742,Regular Season,2024,1,Phoenix Suns,Dallas Mavericks,0,0
22400096,2024-10-26 22:30:00,1610612747,1610612758,Regular Season,2024,1,Los Angeles Lakers,Sacramento Kings,0,0
22400097,2024-10-27 15:30:00,1610612754,1610612755,Regular Season,2024,0,Indiana Pacers,Philadelphia 76ers,0,0
22400099,2024-10-27 18:00:00,1610612757,1610612740,Regular Season,2024,1,Portland Trail Blazers,New Orleans Pelicans,0,0
22400098,2024-10-27 18:00:00,1610612751,1610612749,Regular Season,2024,1,Brooklyn Nets,Milwaukee Bucks,0,0
22400100,2024-10-27 19:00:00,1610612760,1610612737,Regular Season,2024,1,Oklahoma City Thunder,Atlanta Hawks,0,0
22400101,2024-10-27 20:30:00,1610612744,1610612746,Regular Season,2024,0,Golden State Warriors,Los Angeles Clippers,0,0
22400102,2024-10-28 19:00:00,1610612753,1610612754,Regular Season,2024,1,Orlando Magic,Indiana Pacers,0,0
22400103,2024-10-28 19:30:00,1610612737,1610612764,Regular Season,2024,0,Atlanta Hawks,Washington Wizards,0,0
22400104,2024-10-28 19:30:00,1610612738,1610612749,Regular Season,2024,1,Boston Celtics,Milwaukee Bucks,0,0
22400106,2024-10-28 19:30:00,1610612752,1610612739,Regular Season,2024,0,New York Knicks,Cleveland Cavaliers,0,0
22400107,2024-10-28 19:30:00,1610612761,1610612743,Regular Season,2024,0,Toronto Raptors,Denver Nuggets,0,0
22400105,2024-10-28 19:30:00,1610612748,1610612765,Regular Season,2024,1,Miami Heat,Detroit Pistons,0,0
22400109,2024-10-28 20:00:00,1610612759,1610612745,Regular Season,2024,0,San Antonio Spurs,Houston Rockets,0,0
22400108,2024-10-28 20:00:00,1610612763,1610612741,Regular Season,2024,0,Memphis Grizzlies,Chicago Bulls,0,0
22400110,2024-10-28 20:30:00,1610612742,1610612762,Regular Season,2024,1,Dallas Mavericks,Utah Jazz,0,0
22400112,2024-10-28 22:00:00,1610612758,1610612757,Regular Season,2024,1,Sacramento Kings,Portland Trail Blazers,0,0
22400111,2024-10-28 22:00:00,1610612756,1610612747,Regular Season,2024,1,Phoenix Suns,Los Angeles Lakers,0,0
22400114,2024-10-29 19:30:00,1610612750,1610612742,Regular Season,2024,0,Minnesota Timberwolves,Dallas Mavericks,0,0
22400113,2024-10-29 19:30:00,1610612751,1610612743,Regular Season,2024,0,Brooklyn Nets,Denver Nuggets,0,0
22400115,2024-10-29 21:00:00,1610612762,1610612758,Regular Season,2024,0,Utah Jazz,Sacramento Kings,0,0
22400116,2024-10-29 22:00:00,1610612744,1610612740,Regular Season,2024,1,Golden State Warriors,New Orleans Pelicans,0,0
22400118,2024-10-30 19:00:00,1610612739,1610612747,Regular Season,2024,1,Cleveland Cavaliers,Los Angeles Lakers,0,0
22400117,2024-10-30 19:00:00,1610612766,1610612761,Regular Season,2024,1,Charlotte Hornets,Toronto Raptors,0,0
22400120,2024-10-30 19:00:00,1610612755,1610612765,Regular Season,2024,0,Philadelphia 76ers,Detroit Pistons,0,0
22400119,2024-10-30 19:00:00,1610612754,1610612738,Regular Season,2024,1,Indiana Pacers,Boston Celtics,0,0
22400121,2024-10-30 19:00:00,1610612764,1610612737,Regular Season,2024,1,Washington Wizards,Atlanta Hawks,0,0
22400122,2024-10-30 19:30:00,1610612748,1610612752,Regular Season,2024,0,Miami Heat,New York Knicks,0,0
22400123,2024-10-30 20:00:00,1610612741,1610612753,Regular Season,2024,1,Chicago Bulls,Orlando Magic,0,0
22400124,2024-10-30 20:00:00,1610612763,1610612751,Regular Season,2024,0,Memphis Grizzlies,Brooklyn Nets,0,0
22400125,2024-10-30 21:30:00,1610612760,1610612759,Regular Season,2024,1,Oklahoma City Thunder,San Antonio Spurs,0,0
22400126,2024-10-30 22:00:00,1610612744,1610612740,Regular Season,2024,1,Golden State Warriors,New Orleans Pelicans,0,0
22400127,2024-10-30 22:30:00,1610612746,1610612757,Regular Season,2024,0,Los Angeles Clippers,Portland Trail Blazers,0,0
22400128,2024-10-31 20:00:00,1610612763,1610612749,Regular Season,2024,1,Memphis Grizzlies,Milwaukee Bucks,0,0
22400129,2024-10-31 20:30:00,1610612742,1610612745,Regular Season,2024,0,Dallas Mavericks,Houston Rockets,0,0
22400130,2024-10-31 21:00:00,1610612762,1610612759,Regular Season,2024,0,Utah Jazz,San Antonio Spurs,0,0
22400131,2024-10-31 22:30:00,1610612746,1610612756,Regular Season,2024,0,Los Angeles Clippers,Phoenix Suns,0,0
22400134,2024-11-01 19:00:00,1610612765,1610612752,Regular Season,2024,0,Detroit Pistons,New York Knicks,0,0
22400133,2024-11-01 19:00:00,1610612739,1610612753,Regular Season,2024,1,Cleveland Cavaliers,Orlando Magic,0,0
22400132,2024-11-01 19:00:00,1610612766,1610612738,Regular Season,2024,0,Charlotte Hornets,Boston Celtics,0,0
22400137,2024-11-01 19:30:00,1610612761,1610612747,Regular Season,2024,0,Toronto Raptors,Los Angeles Lakers,0,0
22400136,2024-11-01 19:30:00,1610612751,1610612741,Regular Season,2024,1,Brooklyn Nets,Chicago Bulls,0,0
22400135,2024-11-01 19:30:00,1610612737,1610612758,Regular Season,2024,0,Atlanta Hawks,Sacramento Kings,0,0
22400138,2024-11-01 20:00:00,1610612740,1610612754,Regular Season,2024,1,New Orleans Pelicans,Indiana Pacers,0,0
22400139,2024-11-01 21:30:00,1610612750,1610612743,Regular Season,2024,1,Minnesota Timberwolves,Denver Nuggets,0,0
22400140,2024-11-01 22:00:00,1610612757,1610612760,Regular Season,2024,0,Portland Trail Blazers,Oklahoma City Thunder,0,0
22400141,2024-11-02 18:00:00,1610612766,1610612738,Regular Season,2024,0,Charlotte Hornets,Boston Celtics,0,0
22400143,2024-11-02 19:30:00,1610612761,1610612758,Regular Season,2024,1,Toronto Raptors,Sacramento Kings,0,0
22400142,2024-11-02 19:30:00,1610612755,1610612763,Regular Season,2024,0,Philadelphia 76ers,Memphis Grizzlies,0,0
22400146,2024-11-02 20:00:00,1610612759,1610612750,Regular Season,2024,1,San Antonio Spurs,Minnesota Timberwolves,0,0
22400145,2024-11-02 20:00:00,1610612749,1610612739,Regular Season,2024,0,Milwaukee Bucks,Cleveland Cavaliers,0,0
22400144,2024-11-02 20:00:00,1610612745,1610612744,Regular Season,2024,0,Houston Rockets,Golden State Warriors,0,0
22400147,2024-11-02 21:30:00,1610612764,1610612748,Regular Season,2024,0,Washington Wizards,Miami Heat,0,0
22400149,2024-11-02 22:00:00,1610612756,1610612757,Regular Season,2024,1,Phoenix Suns,Portland Trail Blazers,0,0
22400148,2024-11-02 22:00:00,1610612743,1610612762,Regular Season,2024,1,Denver Nuggets,Utah Jazz,0,0
22400150,2024-11-02 22:30:00,1610612746,1610612760,Regular Season,2024,0,Los Angeles Clippers,Oklahoma City Thunder,0,0
22400151,2024-11-03 15:30:00,1610612751,1610612765,Regular Season,2024,0,Brooklyn Nets,Detroit Pistons,0,0
22400152,2024-11-03 19:00:00,1610612740,1610612737,Regular Season,2024,0,New Orleans Pelicans,Atlanta Hawks,0,0
22400153,2024-11-03 19:30:00,1610612742,1610612753,Regular Season,2024,1,Dallas Mavericks,Orlando Magic,0,0
22400154,2024-11-04 19:00:00,1610612739,1610612749,Regular Season,2024,1,Cleveland Cavaliers,Milwaukee Bucks,0,0
22400155,2024-11-04 19:15:00,1610612764,1610612744,Regular Season,2024,0,Washington Wizards,Golden State Warriors,0,0
22400156,2024-11-04 19:30:00,1610612765,1610612747,Regular Season,2024,1,Detroit Pistons,Los Angeles Lakers,0,0
22400157,2024-11-04 19:45:00,1610612737,1610612738,Regular Season,2024,0,Atlanta Hawks,Boston Celtics,0,0
22400158,2024-11-04 20:00:00,1610612751,1610612763,Regular Season,2024,1,Brooklyn Nets,Memphis Grizzlies,0,0
22400159,2024-11-04 20:15:00,1610612748,1610612758,Regular Season,2024,0,Miami Heat,Sacramento Kings,0,0
22400160,2024-11-04 20:30:00,1610612741,1610612762,Regular Season,2024,0,Chicago Bulls,Utah Jazz,0,0
22400161,2024-11-04 20:45:00,1610612745,1610612752,Regular Season,2024,1,Houston Rockets,New York Knicks,0,0
22400162,2024-11-04 21:00:00,1610612750,1610612766,Regular Season,2024,1,Minnesota Timberwolves,Charlotte Hornets,0,0
22400163,2024-11-04 21:15:00,1610612760,1610612753,Regular Season,2024,1,Oklahoma City Thunder,Orlando Magic,0,0
22400164,2024-11-04 21:30:00,1610612740,1610612757,Regular Season,2024,0,New Orleans Pelicans,Portland Trail Blazers,0,0
22400165,2024-11-04 21:45:00,1610612742,1610612754,Regular Season,2024,0,Dallas Mavericks,Indiana Pacers,0,0
22400166,2024-11-04 22:00:00,1610612743,1610612761,Regular Season,2024,1,Denver Nuggets,Toronto Raptors,0,0
22400167,2024-11-04 22:15:00,1610612756,1610612755,Regular Season,2024,1,Phoenix Suns,Philadelphia 76ers,0,0
22400168,2024-11-04 22:30:00,1610612746,1610612759,Regular Season,2024,1,Los Angeles Clippers,San Antonio Spurs,0,0
22400169,2024-11-06 19:00:00,1610612766,1610612765,Regular Season,2024,1,Charlotte Hornets,Detroit Pistons,0,0
22400170,2024-11-06 19:00:00,1610612754,1610612753,Regular Season,2024,1,Indiana Pacers,Orlando Magic,0,0
22400172,2024-11-06 19:30:00,1610612738,1610612744,Regular Season,2024,0,Boston Celtics,Golden State Warriors,0,0
22400171,2024-11-06 19:30:00,1610612737,1610612752,Regular Season,2024,1,Atlanta Hawks,New York Knicks,0,0
22400175,2024-11-06 20:00:00,1610612740,1610612739,Regular Season,2024,0,New Orleans Pelicans,Cleveland Cavaliers,0,0
22400174,2024-11-06 20:00:00,1610612763,1610612747,Regular Season,2024,1,Memphis Grizzlies,Los Angeles Lakers,0,0
22400173,2024-11-06 20:00:00,1610612745,1610612759,Regular Season,2024,1,Houston Rockets,San Antonio Spurs,0,0
22400176,2024-11-06 20:30:00,1610612742,1610612741,Regular Season,2024,1,Dallas Mavericks,Chicago Bulls,0,0
22400178,2024-11-06 21:00:00,1610612756,1610612748,Regular Season,2024,1,Phoenix Suns,Miami Heat,0,0
22400177,2024-11-06 21:00:00,1610612743,1610612760,Regular Season,2024,1,Denver Nuggets,Oklahoma City Thunder,0,0
22400180,2024-11-06 22:00:00,1610612758,1610612761,Regular Season,2024,1,Sacramento Kings,Toronto Raptors,0,0
22400179,2024-11-06 22:00:00,1610612746,1610612755,Regular Season,2024,1,Los Angeles Clippers,Philadelphia 76ers,0,0
22400181,2024-11-07 20:00:00,1610612741,1610612750,Regular Season,2024,0,Chicago Bulls,Minnesota Timberwolves,0,0
22400182,2024-11-07 20:00:00,1610612749,1610612762,Regular Season,2024,1,Milwaukee Bucks,Utah Jazz,0,0
22400183,2024-11-07 20:00:00,1610612759,1610612757,Regular Season,2024,1,San Antonio Spurs,Portland Trail Blazers,0,0
22400184,2024-11-08 19:00:00,1610612766,1610612754,Regular Season,2024,1,Charlotte Hornets,Indiana Pacers,0,0
22400186,2024-11-08 19:00:00,1610612753,1610612740,Regular Season,2024,1,Orlando Magic,New Orleans Pelicans,0,0
22400185,2024-11-08 19:00:00,1610612765,1610612737,Regular Season,2024,1,Detroit Pistons,Atlanta Hawks,0,0
22400187,2024-11-08 19:30:00,1610612738,1610612751,Regular Season,2024,1,Boston Celtics,Brooklyn Nets,0,0
22400190,2024-11-08 19:30:00,1610612742,1610612756,Regular Season,2024,0,Dallas Mavericks,Phoenix Suns,0,0
22400189,2024-11-08 19:30:00,1610612752,1610612749,Regular Season,2024,1,New York Knicks,Milwaukee Bucks,0,0
22400188,2024-11-08 19:30:00,1610612739,1610612744,Regular Season,2024,1,Cleveland Cavaliers,Golden State Warriors,0,0
22400192,2024-11-08 20:00:00,1610612760,1610612745,Regular Season,2024,1,Oklahoma City Thunder,Houston Rockets,0,0
22400191,2024-11-08 20:00:00,1610612763,1610612764,Regular Season,2024,1,Memphis Grizzlies,Washington Wizards,0,0
22400194,2024-11-08 21:00:00,1610612743,1610612748,Regular Season,2024,1,Denver Nuggets,Miami Heat,0,0
22400193,2024-11-08 21:00:00,1610612750,1610612757,Regular Season,2024,1,Minnesota Timberwolves,Portland Trail Blazers,0,0
22400196,2024-11-08 22:00:00,1610612758,1610612746,Regular Season,2024,0,Sacramento Kings,Los Angeles Clippers,0,0
22400195,2024-11-08 22:00:00,1610612747,1610612755,Regular Season,2024,1,Los Angeles Lakers,Philadelphia 76ers,0,0
22400197,2024-11-09 17:00:00,1610612759,1610612762,Regular Season,2024,0,San Antonio Spurs,Utah Jazz,0,0
22400199,2024-11-09 19:30:00,1610612739,1610612751,Regular Season,2024,1,Cleveland Cavaliers,Brooklyn Nets,0,0
22400198,2024-11-09 19:30:00,1610612737,1610612741,Regular Season,2024,0,Atlanta Hawks,Chicago Bulls,0,0
22400200,2024-11-09 22:30:00,1610612746,1610612761,Regular Season,2024,1,Los Angeles Clippers,Toronto Raptors,0,0
22400201,2024-11-10 15:00:00,1610612765,1610612745,Regular Season,2024,0,Detroit Pistons,Houston Rockets,0,0
22400202,2024-11-10 15:30:00,1610612749,1610612738,Regular Season,2024,0,Milwaukee Bucks,Boston Celtics,0,0
22400203,2024-11-10 17:00:00,1610612754,1610612752,Regular Season,2024,1,Indiana Pacers,New York Knicks,0,0
22400204,2024-11-10 18:00:00,1610612753,1610612764,Regular Season,2024,1,Orlando Magic,Washington Wizards,0,0
22400207,2024-11-10 19:00:00,1610612760,1610612744,Regular Season,2024,0,Oklahoma City Thunder,Golden State Warriors,0,0
22400206,2024-11-10 19:00:00,1610612750,1610612748,Regular Season,2024,0,Minnesota Timberwolves,Miami Heat,0,0
22400205,2024-11-10 19:00:00,1610612755,1610612766,Regular Season,2024,1,Philadelphia 76ers,Charlotte Hornets,0,0
22400209,2024-11-10 20:00:00,1610612756,1610612758,Regular Season,2024,0,Phoenix Suns,Sacramento Kings,0,0
22400208,2024-11-10 20:00:00,1610612743,1610612742,Regular Season,2024,1,Denver Nuggets,Dallas Mavericks,0,0
22400210,2024-11-10 21:00:00,1610612757,1610612763,Regular Season,2024,0,Portland Trail Blazers,Memphis Grizzlies,0,0
22400211,2024-11-10 21:30:00,1610612747,1610612761,Regular Season,2024,1,Los Angeles Lakers,Toronto Raptors,0,0
22400212,2024-11-11 20:00:00,1610612741,1610612739,Regular Season,2024,0,Chicago Bulls,Cleveland Cavaliers,0,0
22400213,2024-11-11 20:00:00,1610612745,1610612764,Regular Season,2024,1,Houston Rockets,Washington Wizards,0,0
22400215,2024-11-11 20:00:00,1610612760,1610612746,Regular Season,2024,1,Oklahoma City Thunder,Los Angeles Clippers,0,0
22400214,2024-11-11 20:00:00,1610612740,1610612751,Regular Season,2024,0,New Orleans Pelicans,Brooklyn Nets,0,0
22400216,2024-11-11 20:00:00,1610612759,1610612758,Regular Season,2024,1,San Antonio Spurs,Sacramento Kings,0,0
22400003,2024-11-12 19:00:00,1610612753,1610612766,Regular Season,2024,1,Orlando Magic,Charlotte Hornets,0,0
22400002,2024-11-12 19:00:00,1610612765,1610612748,Regular Season,2024,1,Detroit Pistons,Miami Heat,0,0
22400001,2024-11-12 19:00:00,1610612738,1610612737,Regular Season,2024,0,Boston Celtics,Atlanta Hawks,0,0
22400004,2024-11-12 19:30:00,1610612755,1610612752,Regular Season,2024,0,Philadelphia 76ers,New York Knicks,0,0
22400005,2024-11-12 20:00:00,1610612749,1610612761,Regular Season,2024,1,Milwaukee Bucks,Toronto Raptors,0,0
22400006,2024-11-12 21:00:00,1610612762,1610612756,Regular Season,2024,0,Utah Jazz,Phoenix Suns,0,0
22400008,2024-11-12 22:00:00,1610612757,1610612750,Regular Season,2024,1,Portland Trail Blazers,Minnesota Timberwolves,0,0
22400007,2024-11-12 22:00:00,1610612744,1610612742,Regular Season,2024,1,Golden State Warriors,Dallas Mavericks,0,0
22400217,2024-11-13 19:00:00,1610612753,1610612754,Regular Season,2024,1,Orlando Magic,Indiana Pacers,0,0
22400219,2024-11-13 19:30:00,1610612752,1610612741,Regular Season,2024,0,New York Knicks,Chicago Bulls,0,0
22400218,2024-11-13 19:30:00,1610612751,1610612738,Regular Season,2024,0,Brooklyn Nets,Boston Celtics,0,0
22400221,2024-11-13 19:30:00,1610612760,1610612740,Regular Season,2024,1,Oklahoma City Thunder,New Orleans Pelicans,0,0
22400220,2024-11-13 19:30:00,1610612755,1610612739,Regular Season,2024,0,Philadelphia 76ers,Cleveland Cavaliers,0,0
22400223,2024-11-13 20:00:00,1610612749,1610612765,Regular Season,2024,1,Milwaukee Bucks,Detroit Pistons,0,0
22400222,2024-11-13 20:00:00,1610612745,1610612746,Regular Season,2024,1,Houston Rockets,Los Angeles Clippers,0,0
22400224,2024-11-13 20:00:00,1610612759,1610612764,Regular Season,2024,1,San Antonio Spurs,Washington Wizards,0,0
22400227,2024-11-13 22:00:00,1610612758,1610612756,Regular Season,2024,1,Sacramento Kings,Phoenix Suns,0,0
22400226,2024-11-13 22:00:00,1610612757,1610612750,Regular Season,2024,1,Portland Trail Blazers,Minnesota Timberwolves,0,0
22400225,2024-11-13 22:00:00,1610612747,1610612763,Regular Season,2024,1,Los Angeles Lakers,Memphis Grizzlies,0,0
22400228,2024-11-14 21:00:00,1610612762,1610612742,Regular Season,2024,1,Utah Jazz,Dallas Mavericks,0,0
22400011,2024-11-15 19:00:00,1610612761,1610612765,Regular Season,2024,0,Toronto Raptors,Detroit Pistons,0,0
22400010,2024-11-15 19:00:00,1610612753,1610612755,Regular Season,2024,1,Orlando Magic,Philadelphia 76ers,0,0
22400009,2024-11-15 19:00:00,1610612754,1610612748,Regular Season,2024,0,Indiana Pacers,Miami Heat,0,0
22400012,2024-11-15 19:30:00,1610612737,1610612764,Regular Season,2024,1,Atlanta Hawks,Washington Wizards,0,0
22400015,2024-11-15 19:30:00,1610612759,1610612747,Regular Season,2024,0,San Antonio Spurs,Los Angeles Lakers,0,0
22400014,2024-11-15 19:30:00,1610612752,1610612751,Regular Season,2024,1,New York Knicks,Brooklyn Nets,0,0
22400013,2024-11-15 19:30:00,1610612739,1610612741,Regular Season,2024,1,Cleveland Cavaliers,Chicago Bulls,0,0
22400016,2024-11-15 20:00:00,1610612745,1610612746,Regular Season,2024,1,Houston Rockets,Los Angeles Clippers,0,0
22400017,2024-11-15 20:00:00,1610612740,1610612743,Regular Season,2024,1,New Orleans Pelicans,Denver Nuggets,0,0
22400018,2024-11-15 20:00:00,1610612760,1610612756,Regular Season,2024,1,Oklahoma City Thunder,Phoenix Suns,0,0
22400020,2024-11-15 22:00:00,1610612758,1610612750,Regular Season,2024,0,Sacramento Kings,Minnesota Timberwolves,0,0
22400019,2024-11-15 22:00:00,1610612744,1610612763,Regular Season,2024,1,Golden State Warriors,Memphis Grizzlies,0,0
22400229,2024-11-16 15:00:00,1610612766,1610612749,Regular Season,2024,1,Charlotte Hornets,Milwaukee Bucks,0,0
22400230,2024-11-16 20:00:00,1610612738,1610612761,Regular Season,2024,1,Boston Celtics,Toronto Raptors,0,0
22400231,2024-11-16 20:00:00,1610612740,1610612747,Regular Season,2024,0,New Orleans Pelicans,Los Angeles Lakers,0,0
22400232,2024-11-16 20:30:00,1610612742,1610612759,Regular Season,2024,1,Dallas Mavericks,San Antonio Spurs,0,0
22400233,2024-11-16 22:00:00,1610612758,1610612762,Regular Season,2024,1,Sacramento Kings,Utah Jazz,0,0
22400234,2024-11-17 15:30:00,1610612750,1610612756,Regular Season,2024,1,Minnesota Timberwolves,Phoenix Suns,0,0
22400235,2024-11-17 17:00:00,1610612754,1610612748,Regular Season,2024,1,Indiana Pacers,Miami Heat,0,0
22400239,2024-11-17 18:00:00,1610612757,1610612737,Regular Season,2024,1,Portland Trail Blazers,Atlanta Hawks,0,0
22400238,2024-11-17 18:00:00,1610612763,1610612743,Regular Season,2024,1,Memphis Grizzlies,Denver Nuggets,0,0
22400237,2024-11-17 18:00:00,1610612764,1610612765,Regular Season,2024,0,Washington Wizards,Detroit Pistons,0,0
22400236,2024-11-17 18:00:00,1610612739,1610612766,Regular Season,2024,1,Cleveland Cavaliers,Charlotte Hornets,0,0
22400242,2024-11-17 19:00:00,1610612760,1610612742,Regular Season,2024,0,Oklahoma City Thunder,Dallas Mavericks,0,0
22400241,2024-11-17 19:00:00,1610612741,1610612745,Regular Season,2024,0,Chicago Bulls,Houston Rockets,0,0
22400240,2024-11-17 19:00:00,1610612752,1610612751,Regular Season,2024,1,New York Knicks,Brooklyn Nets,0,0
22400243,2024-11-17 21:00:00,1610612746,1610612762,Regular Season,2024,1,Los Angeles Clippers,Utah Jazz,0,0
22400244,2024-11-18 19:00:00,1610612765,1610612741,Regular Season,2024,0,Detroit Pistons,Chicago Bulls,0,0
22400245,2024-11-18 19:30:00,1610612748,1610612755,Regular Season,2024,1,Miami Heat,Philadelphia 76ers,0,0
22400247,2024-11-18 19:30:00,1610612761,1610612754,Regular Season,2024,1,Toronto Raptors,Indiana Pacers,0,0
22400246,2024-11-18 19:30:00,1610612752,1610612764,Regular Season,2024,1,New York Knicks,Washington Wizards,0,0
22400248,2024-11-18 20:00:00,1610612749,1610612745,Regular Season,2024,1,Milwaukee Bucks,Houston Rockets,0,0
22400249,2024-11-18 21:00:00,1610612756,1610612753,Regular Season,2024,0,Phoenix Suns,Orlando Magic,0,0
22400250,2024-11-18 22:00:00,1610612758,1610612737,Regular Season,2024,0,Sacramento Kings,Atlanta Hawks,0,0
22400251,2024-11-18 22:30:00,1610612746,1610612744,Regular Season,2024,1,Los Angeles Clippers,Golden State Warriors,0,0
22400021,2024-11-19 19:00:00,1610612738,1610612739,Regular Season,2024,1,Boston Celtics,Cleveland Cavaliers,0,0
22400022,2024-11-19 19:30:00,1610612751,1610612766,Regular Season,2024,1,Brooklyn Nets,Charlotte Hornets,0,0
22400023,2024-11-19 20:00:00,1610612763,1610612743,Regular Season,2024,0,Memphis Grizzlies,Denver Nuggets,0,0
22400024,2024-11-19 20:30:00,1610612742,1610612740,Regular Season,2024,1,Dallas Mavericks,New Orleans Pelicans,0,0
22400025,2024-11-19 21:30:00,1610612759,1610612760,Regular Season,2024,1,San Antonio Spurs,Oklahoma City Thunder,0,0
22400026,2024-11-19 22:30:00,1610612747,1610612762,Regular Season,2024,1,Los Angeles Lakers,Utah Jazz,0,0
22400253,2024-11-20 19:30:00,1610612749,1610612741,Regular Season,2024,1,Milwaukee Bucks,Chicago Bulls,0,0
22400252,2024-11-20 19:30:00,1610612739,1610612740,Regular Season,2024,1,Cleveland Cavaliers,New Orleans Pelicans,0,0
22400254,2024-11-20 20:00:00,1610612745,1610612754,Regular Season,2024,1,Houston Rockets,Indiana Pacers,0,0
22400255,2024-11-20 20:00:00,1610612763,1610612755,Regular Season,2024,1,Memphis Grizzlies,Philadelphia 76ers,0,0
22400256,2024-11-20 20:00:00,1610612760,1610612757,Regular Season,2024,1,Oklahoma City Thunder,Portland Trail Blazers,0,0
22400258,2024-11-20 22:00:00,1610612744,1610612737,Regular Season,2024,1,Golden State Warriors,Atlanta Hawks,0,0
22400257,2024-11-20 22:00:00,1610612756,1610612752,Regular Season,2024,0,Phoenix Suns,New York Knicks,0,0
22400259,2024-11-20 22:30:00,1610612746,1610612753,Regular Season,2024,1,Los Angeles Clippers,Orlando Magic,0,0
22400260,2024-11-21 19:00:00,1610612766,1610612765,Regular Season,2024,1,Charlotte Hornets,Detroit Pistons,0,0
22400261,2024-11-21 19:30:00,1610612761,1610612750,Regular Season,2024,1,Toronto Raptors,Minnesota Timberwolves,0,0
22400262,2024-11-21 20:00:00,1610612759,1610612762,Regular Season,2024,1,San Antonio Spurs,Utah Jazz,0,0
22400263,2024-11-21 22:30:00,1610612747,1610612753,Regular Season,2024,0,Los Angeles Lakers,Orlando Magic,0,0
22400028,2024-11-22 19:00:00,1610612764,1610612738,Regular Season,2024,0,Washington Wizards,Boston Celtics,0,0
22400027,2024-11-22 19:00:00,1610612755,1610612751,Regular Season,2024,1,Philadelphia 76ers,Brooklyn Nets,0,0
22400032,2024-11-22 19:30:00,1610612740,1610612744,Regular Season,2024,0,New Orleans Pelicans,Golden State Warriors,0,0
22400031,2024-11-22 20:00:00,1610612745,1610612757,Regular Season,2024,1,Houston Rockets,Portland Trail Blazers,0,0
22400030,2024-11-22 20:00:00,1610612741,1610612737,Regular Season,2024,1,Chicago Bulls,Atlanta Hawks,0,0
22400029,2024-11-22 20:00:00,1610612749,1610612754,Regular Season,2024,1,Milwaukee Bucks,Indiana Pacers,0,0
22400033,2024-11-22 22:00:00,1610612743,1610612742,Regular Season,2024,0,Denver Nuggets,Dallas Mavericks,0,0
22400034,2024-11-22 22:30:00,1610612746,1610612758,Regular Season,2024,1,Los Angeles Clippers,Sacramento Kings,0,0
22400264,2024-11-23 17:00:00,1610612762,1610612752,Regular Season,2024,1,Utah Jazz,New York Knicks,0,0
22400265,2024-11-23 19:00:00,1610612753,1610612765,Regular Season,2024,1,Orlando Magic,Detroit Pistons,0,0
22400268,2024-11-23 20:00:00,1610612749,1610612766,Regular Season,2024,1,Milwaukee Bucks,Charlotte Hornets,0,0
22400267,2024-11-23 20:00:00,1610612745,1610612757,Regular Season,2024,0,Houston Rockets,Portland Trail Blazers,0,0
22400266,2024-11-23 20:00:00,1610612741,1610612763,Regular Season,2024,0,Chicago Bulls,Memphis Grizzlies,0,0
22400269,2024-11-23 20:30:00,1610612759,1610612744,Regular Season,2024,1,San Antonio Spurs,Golden State Warriors,0,0
22400270,2024-11-23 22:30:00,1610612747,1610612743,Regular Season,2024,0,Los Angeles Lakers,Denver Nuggets,0,0
22400271,2024-11-24 15:30:00,1610612738,1610612750,Regular Season,2024,1,Boston Celtics,Minnesota Timberwolves,0,0
22400272,2024-11-24 17:00:00,1610612754,1610612764,Regular Season,2024,1,Indiana Pacers,Washington Wizards,0,0
22400274,2024-11-24 18:00:00,1610612755,1610612746,Regular Season,2024,0,Philadelphia 76ers,Los Angeles Clippers,0,0
22400273,2024-11-24 18:00:00,1610612748,1610612742,Regular Season,2024,1,Miami Heat,Dallas Mavericks,0,0
22400275,2024-11-24 19:30:00,1610612739,1610612761,Regular Season,2024,1,Cleveland Cavaliers,Toronto Raptors,0,0
22400276,2024-11-24 21:00:00,1610612758,1610612751,Regular Season,2024,0,Sacramento Kings,Brooklyn Nets,0,0
22400278,2024-11-25 19:00:00,1610612765,1610612761,Regular Season,2024,1,Detroit Pistons,Toronto Raptors,0,0
22400279,2024-11-25 19:00:00,1610612754,1610612740,Regular Season,2024,1,Indiana Pacers,New Orleans Pelicans,0,0
22400277,2024-11-25 19:00:00,1610612766,1610612753,Regular Season,2024,0,Charlotte Hornets,Orlando Magic,0,0
22400281,2024-11-25 19:30:00,1610612738,1610612746,Regular Season,2024,1,Boston Celtics,Los Angeles Clippers,0,0
22400280,2024-11-25 19:30:00,1610612737,1610612742,Regular Season,2024,0,Atlanta Hawks,Dallas Mavericks,0,0
22400282,2024-11-25 20:00:00,1610612763,1610612757,Regular Season,2024,1,Memphis Grizzlies,Portland Trail Blazers,0,0
22400283,2024-11-25 21:00:00,1610612743,1610612752,Regular Season,2024,0,Denver Nuggets,New York Knicks,0,0
22400285,2024-11-25 22:00:00,1610612758,1610612760,Regular Season,2024,0,Sacramento Kings,Oklahoma City Thunder,0,0
22400284,2024-11-25 22:00:00,1610612744,1610612751,Regular Season,2024,0,Golden State Warriors,Brooklyn Nets,0,0
22400035,2024-11-26 19:00:00,1610612764,1610612741,Regular Season,2024,0,Washington Wizards,Chicago Bulls,0,0
22400036,2024-11-26 19:30:00,1610612748,1610612749,Regular Season,2024,0,Miami Heat,Milwaukee Bucks,0,0
22400037,2024-11-26 20:00:00,1610612750,1610612745,Regular Season,2024,0,Minnesota Timberwolves,Houston Rockets,0,0
22400038,2024-11-26 21:00:00,1610612762,1610612759,Regular Season,2024,0,Utah Jazz,San Antonio Spurs,0,0
22400039,2024-11-26 22:00:00,1610612756,1610612747,Regular Season,2024,1,Phoenix Suns,Los Angeles Lakers,0,0
22400286,2024-11-27 19:00:00,1610612766,1610612748,Regular Season,2024,0,Charlotte Hornets,Miami Heat,0,0
22400287,2024-11-27 19:00:00,1610612739,1610612737,Regular Season,2024,0,Cleveland Cavaliers,Atlanta Hawks,0,0
22400288,2024-11-27 19:00:00,1610612754,1610612757,Regular Season,2024,1,Indiana Pacers,Portland Trail Blazers,0,0
22400290,2024-11-27 19:00:00,1610612755,1610612745,Regular Season,2024,0,Philadelphia 76ers,Houston Rockets,0,0
22400291,2024-11-27 19:00:00,1610612764,1610612746,Regular Season,2024,0,Washington Wizards,Los Angeles Clippers,0,0
22400289,2024-11-27 19:00:00,1610612753,1610612741,Regular Season,2024,1,Orlando Magic,Chicago Bulls,0,0
22400292,2024-11-27 19:30:00,1610612742,1610612752,Regular Season,2024,1,Dallas Mavericks,New York Knicks,0,0
22400295,2024-11-27 20:00:00,1610612740,1610612761,Regular Season,2024,0,New Orleans Pelicans,Toronto Raptors,0,0
22400294,2024-11-27 20:00:00,1610612750,1610612758,Regular Season,2024,0,Minnesota Timberwolves,Sacramento Kings,0,0
22400293,2024-11-27 20:00:00,1610612763,1610612765,Regular Season,2024,1,Memphis Grizzlies,Detroit Pistons,0,0
22400296,2024-11-27 20:30:00,1610612759,1610612747,Regular Season,2024,0,San Antonio Spurs,Los Angeles Lakers,0,0
22400298,2024-11-27 21:00:00,1610612762,1610612743,Regular Season,2024,0,Utah Jazz,Denver Nuggets,0,0
22400297,2024-11-27 21:00:00,1610612756,1610612751,Regular Season,2024,0,Phoenix Suns,Brooklyn Nets,0,0
22400299,2024-11-27 22:00:00,1610612744,1610612760,Regular Season,2024,0,Golden State Warriors,Oklahoma City Thunder,0,0
22400040,2024-11-29 12:00:00,1610612766,1610612752,Regular Season,2024,0,Charlotte Hornets,New York Knicks,0,0
22400041,2024-11-29 14:30:00,1610612737,1610612739,Regular Season,2024,1,Atlanta Hawks,Cleveland Cavaliers,0,0
22400042,2024-11-29 17:00:00,1610612763,1610612740,Regular Season,2024,1,Memphis Grizzlies,New Orleans Pelicans,0,0
22400043,2024-11-29 19:30:00,1610612751,1610612753,Regular Season,2024,0,Brooklyn Nets,Orlando Magic,0,0
22400044,2024-11-29 19:30:00,1610612750,1610612746,Regular Season,2024,1,Minnesota Timberwolves,Los Angeles Clippers,0,0
22400046,2024-11-29 20:00:00,1610612748,1610612761,Regular Season,2024,1,Miami Heat,Toronto Raptors,0,0
22400045,2024-11-29 20:00:00,1610612754,1610612765,Regular Season,2024,0,Indiana Pacers,Detroit Pistons,0,0
22400047,2024-11-29 20:00:00,1610612741,1610612738,Regular Season,2024,0,Chicago Bulls,Boston Celtics,0,0
22400049,2024-11-29 22:00:00,1610612757,1610612758,Regular Season,2024,1,Portland Trail Blazers,Sacramento Kings,0,0
22400048,2024-11-29 22:00:00,1610612747,1610612760,Regular Season,2024,0,Los Angeles Lakers,Oklahoma City Thunder,0,0
22400300,2024-11-30 18:00:00,1610612766,1610612737,Regular Season,2024,0,Charlotte Hornets,Atlanta Hawks,0,0
22400301,2024-11-30 19:00:00,1610612765,1610612755,Regular Season,2024,0,Detroit Pistons,Philadelphia 76ers,0,0
22400302,2024-11-30 20:00:00,1610612749,1610612764,Regular Season,2024,1,Milwaukee Bucks,Washington Wizards,0,0
22400303,2024-11-30 21:00:00,1610612756,1610612744,Regular Season,2024,1,Phoenix Suns,Golden State Warriors,0,0
22400304,2024-11-30 21:30:00,1610612762,1610612742,Regular Season,2024,0,Utah Jazz,Dallas Mavericks,0,0
22400306,2024-12-01 15:30:00,1610612763,1610612754,Regular Season,2024,1,Memphis Grizzlies,Indiana Pacers,0,0
22400305,2024-12-01 15:30:00,1610612751,1610612753,Regular Season,2024,0,Brooklyn Nets,Orlando Magic,0,0
22400307,2024-12-01 18:00:00,1610612739,1610612738,Regular Season,2024,1,Cleveland Cavaliers,Boston Celtics,0,0
22400309,2024-12-01 18:00:00,1610612761,1610612748,Regular Season,2024,1,Toronto Raptors,Miami Heat,0,0
22400308,2024-12-01 18:00:00,1610612752,1610612740,Regular Season,2024,1,New York Knicks,New Orleans Pelicans,0,0
22400310,2024-12-01 19:00:00,1610612745,1610612760,Regular Season,2024,1,Houston Rockets,Oklahoma City Thunder,0,0
22400311,2024-12-01 20:00:00,1610612762,1610612747,Regular Season,2024,0,Utah Jazz,Los Angeles Lakers,0,0
22400313,2024-12-01 21:00:00,1610612758,1610612759,Regular Season,2024,0,Sacramento Kings,San Antonio Spurs,0,0
22400312,2024-12-01 21:00:00,1610612757,1610612742,Regular Season,2024,0,Portland Trail Blazers,Dallas Mavericks,0,0
22400314,2024-12-01 22:00:00,1610612746,1610612743,Regular Season,2024,1,Los Angeles Clippers,Denver Nuggets,0,0
22400316,2024-12-02 19:30:00,1610612738,1610612748,Regular Season,2024,1,Boston Celtics,Miami Heat,0,0
22400315,2024-12-02 19:30:00,1610612737,1610612740,Regular Season,2024,1,Atlanta Hawks,New Orleans Pelicans,0,0
22400318,2024-12-02 20:00:00,1610612750,1610612747,Regular Season,2024,1,Minnesota Timberwolves,Los Angeles Lakers,0,0
22400317,2024-12-02 20:00:00,1610612741,1610612751,Regular Season,2024,1,Chicago Bulls,Brooklyn Nets,0,0
22400052,2024-12-03 19:00:00,1610612765,1610612749,Regular Season,2024,0,Detroit Pistons,Milwaukee Bucks,0,0
22400051,2024-12-03 19:00:00,1610612739,1610612764,Regular Season,2024,1,Cleveland Cavaliers,Washington Wizards,0,0
22400050,2024-12-03 19:00:00,1610612766,1610612755,Regular Season,2024,0,Charlotte Hornets,Philadelphia 76ers,0,0
22400053,2024-12-03 19:30:00,1610612752,1610612753,Regular Season,2024,1,New York Knicks,Orlando Magic,0,0
22400054,2024-12-03 19:30:00,1610612761,1610612754,Regular Season,2024,1,Toronto Raptors,Indiana Pacers,0,0
22400055,2024-12-03 20:00:00,1610612760,1610612762,Regular Season,2024,1,Oklahoma City Thunder,Utah Jazz,0,0
22400056,2024-12-03 20:30:00,1610612742,1610612763,Regular Season,2024,1,Dallas Mavericks,Memphis Grizzlies,0,0
22400057,2024-12-03 21:00:00,1610612756,1610612759,Regular Season,2024,1,Phoenix Suns,San Antonio Spurs,0,0
22400058,2024-12-03 22:00:00,1610612743,1610612744,Regular Season,2024,1,Denver Nuggets,Golden State Warriors,0,0
22400059,2024-12-03 22:00:00,1610612758,1610612745,Regular Season,2024,1,Sacramento Kings,Houston Rockets,0,0
22400060,2024-12-03 22:30:00,1610612746,1610612757,Regular Season,2024,1,Los Angeles Clippers,Portland Trail Blazers,0,0
22400322,2024-12-04 19:30:00,1610612755,1610612753,Regular Season,2024,0,Philadelphia 76ers,Orlando Magic,0,0
22400321,2024-12-04 19:30:00,1610612748,1610612747,Regular Season,2024,1,Miami Heat,Los Angeles Lakers,0,0
22400320,2024-12-04 19:30:00,1610612751,1610612754,Regular Season,2024,1,Brooklyn Nets,Indiana Pacers,0,0
22400319,2024-12-04 19:30:00,1610612738,1610612765,Regular Season,2024,1,Boston Celtics,Detroit Pistons,0,0
22400323,2024-12-04 20:00:00,1610612749,1610612737,Regular Season,2024,0,Milwaukee Bucks,Atlanta Hawks,0,0
22400324,2024-12-04 22:30:00,1610612746,1610612750,Regular Season,2024,0,Los Angeles Clippers,Minnesota Timberwolves,0,0
22400326,2024-12-05 19:00:00,1610612764,1610612742,Regular Season,2024,0,Washington Wizards,Dallas Mavericks,0,0
22400325,2024-12-05 19:00:00,1610612739,1610612743,Regular Season,2024,1,Cleveland Cavaliers,Denver Nuggets,0,0
22400328,2024-12-05 19:30:00,1610612761,1610612760,Regular Season,2024,0,Toronto Raptors,Oklahoma City Thunder,0,0
22400327,2024-12-05 19:30:00,1610612752,1610612766,Regular Season,2024,1,New York Knicks,Charlotte Hornets,0,0
22400329,2024-12-05 20:00:00,1610612763,1610612758,Regular Season,2024,1,Memphis Grizzlies,Sacramento Kings,0,0
22400331,2024-12-05 20:00:00,1610612759,1610612741,Regular Season,2024,0,San Antonio Spurs,Chicago Bulls,0,0
22400330,2024-12-05 20:00:00,1610612740,1610612756,Regular Season,2024,1,New Orleans Pelicans,Phoenix Suns,0,0
22400332,2024-12-05 22:00:00,1610612744,1610612745,Regular Season,2024,1,Golden State Warriors,Houston Rockets,0,0
22400333,2024-12-06 19:00:00,1610612755,1610612753,Regular Season,2024,1,Philadelphia 76ers,Orlando Magic,0,0
22400335,2024-12-06 19:30:00,1610612738,1610612749,Regular Season,2024,1,Boston Celtics,Milwaukee Bucks,0,0
22400334,2024-12-06 19:30:00,1610612737,1610612747,Regular Season,2024,1,Atlanta Hawks,Los Angeles Lakers,0,0
22400337,2024-12-06 20:00:00,1610612759,1610612758,Regular Season,2024,0,San Antonio Spurs,Sacramento Kings,0,0
22400336,2024-12-06 20:00:00,1610612741,1610612754,Regular Season,2024,0,Chicago Bulls,Indiana Pacers,0,0
22400339,2024-12-06 22:00:00,1610612757,1610612762,Regular Season,2024,0,Portland Trail Blazers,Utah Jazz,0,0
22400338,2024-12-06 22:00:00,1610612744,1610612750,Regular Season,2024,0,Golden State Warriors,Minnesota Timberwolves,0,0
22400340,2024-12-07 13:00:00,1610612766,1610612739,Regular Season,2024,0,Charlotte Hornets,Cleveland Cavaliers,0,0
22400342,2024-12-07 19:00:00,1610612740,1610612760,Regular Season,2024,0,New Orleans Pelicans,Oklahoma City Thunder,0,0
22400341,2024-12-07 19:00:00,1610612764,1610612743,Regular Season,2024,1,Washington Wizards,Denver Nuggets,0,0
22400343,2024-12-07 19:30:00,1610612752,1610612765,Regular Season,2024,0,New York Knicks,Detroit Pistons,0,0
22400344,2024-12-07 19:30:00,1610612761,1610612742,Regular Season,2024,0,Toronto Raptors,Dallas Mavericks,0,0
22400346,2024-12-07 20:00:00,1610612748,1610612756,Regular Season,2024,1,Miami Heat,Phoenix Suns,0,0
22400345,2024-12-07 20:00:00,1610612738,1610612763,Regular Season,2024,0,Boston Celtics,Memphis Grizzlies,0,0
22400347,2024-12-08 13:00:00,1610612741,1610612755,Regular Season,2024,0,Chicago Bulls,Philadelphia 76ers,0,0
22400348,2024-12-08 15:30:00,1610612751,1610612749,Regular Season,2024,0,Brooklyn Nets,Milwaukee Bucks,0,0
22400349,2024-12-08 17:00:00,1610612754,1610612766,Regular Season,2024,0,Indiana Pacers,Charlotte Hornets,0,0
22400351,2024-12-08 18:00:00,1610612748,1610612739,Regular Season,2024,1,Miami Heat,Cleveland Cavaliers,0,0
22400350,2024-12-08 18:00:00,1610612737,1610612743,Regular Season,2024,0,Atlanta Hawks,Denver Nuggets,0,0
22400352,2024-12-08 18:30:00,1610612753,1610612756,Regular Season,2024,1,Orlando Magic,Phoenix Suns,0,0
22400354,2024-12-08 19:00:00,1610612759,1610612740,Regular Season,2024,1,San Antonio Spurs,New Orleans Pelicans,0,0
22400353,2024-12-08 19:00:00,1610612764,1610612763,Regular Season,2024,0,Washington Wizards,Memphis Grizzlies,0,0
22400355,2024-12-08 20:30:00,1610612744,1610612750,Regular Season,2024,1,Golden State Warriors,Minnesota Timberwolves,0,0
22400357,2024-12-08 21:00:00,1610612758,1610612762,Regular Season,2024,1,Sacramento Kings,Utah Jazz,0,0
22400356,2024-12-08 21:00:00,1610612746,1610612745,Regular Season,2024,0,Los Angeles Clippers,Houston Rockets,0,0
22400358,2024-12-08 21:30:00,1610612747,1610612757,Regular Season,2024,1,Los Angeles Lakers,Portland Trail Blazers,0,0
22400359,2024-12-09 19:30:00,1610612761,1610612752,Regular Season,2024,0,Toronto Raptors,New York Knicks,0,0
22401201,2024-12-10 19:00:00,1610612749,1610612753,Regular Season,2024,1,Milwaukee Bucks,Orlando Magic,0,0
22401203,2024-12-10 21:30:00,1610612760,1610612742,Regular Season,2024,1,Oklahoma City Thunder,Dallas Mavericks,0,0
22401202,2024-12-11 19:00:00,1610612752,1610612737,Regular Season,2024,0,New York Knicks,Atlanta Hawks,0,0
22401204,2024-12-11 21:30:00,1610612745,1610612744,Regular Season,2024,1,Houston Rockets,Golden State Warriors,0,0
22401206,2024-12-12 19:30:00,1610612748,1610612761,Regular Season,2024,1,Miami Heat,Toronto Raptors,0,0
22401205,2024-12-12 19:30:00,1610612738,1610612765,Regular Season,2024,1,Boston Celtics,Detroit Pistons,0,0
22401207,2024-12-12 20:00:00,1610612740,1610612758,Regular Season,2024,0,New Orleans Pelicans,Sacramento Kings,0,0
22401209,2024-12-13 19:00:00,1610612755,1610612754,Regular Season,2024,0,Philadelphia 76ers,Indiana Pacers,0,0
22401208,2024-12-13 19:00:00,1610612739,1610612764,Regular Season,2024,1,Cleveland Cavaliers,Washington Wizards,0,0
22401212,2024-12-13 20:00:00,1610612741,1610612766,Regular Season,2024,1,Chicago Bulls,Charlotte Hornets,0,0
22401211,2024-12-13 20:00:00,1610612763,1610612751,Regular Season,2024,1,Memphis Grizzlies,Brooklyn Nets,0,0
22401210,2024-12-13 20:00:00,1610612750,1610612747,Regular Season,2024,1,Minnesota Timberwolves,Los Angeles Lakers,0,0
22401213,2024-12-13 21:00:00,1610612743,1610612746,Regular Season,2024,1,Denver Nuggets,Los Angeles Clippers,0,0
22401214,2024-12-13 21:30:00,1610612762,1610612756,Regular Season,2024,0,Utah Jazz,Phoenix Suns,0,0
22401215,2024-12-13 22:00:00,1610612757,1610612759,Regular Season,2024,0,Portland Trail Blazers,San Antonio Spurs,0,0
22401229,2024-12-14 16:30:00,1610612749,1610612737,Regular Season,2024,1,Milwaukee Bucks,Atlanta Hawks,0,0
22401230,2024-12-14 20:30:00,1610612760,1610612745,Regular Season,2024,1,Oklahoma City Thunder,Houston Rockets,0,0
22401216,2024-12-15 17:00:00,1610612754,1610612740,Regular Season,2024,1,Indiana Pacers,New Orleans Pelicans,0,0
22401227,2024-12-15 18:00:00,1610612753,1610612752,Regular Season,2024,0,Orlando Magic,New York Knicks,0,0
22401217,2024-12-15 18:00:00,1610612764,1610612738,Regular Season,2024,0,Washington Wizards,Boston Celtics,0,0
22401218,2024-12-15 19:00:00,1610612759,1610612750,Regular Season,2024,0,San Antonio Spurs,Minnesota Timberwolves,0,0
22401219,2024-12-15 20:00:00,1610612756,1610612757,Regular Season,2024,1,Phoenix Suns,Portland Trail Blazers,0,0
22401228,2024-12-15 20:30:00,1610612744,1610612742,Regular Season,2024,0,Golden State Warriors,Dallas Mavericks,0,0
22401220,2024-12-15 21:30:00,1610612747,1610612763,Regular Season,2024,1,Los Angeles Lakers,Memphis Grizzlies,0,0
22401222,2024-12-16 19:00:00,1610612766,1610612755,Regular Season,2024,0,Charlotte Hornets,Philadelphia 76ers,0,0
22401221,2024-12-16 19:00:00,1610612765,1610612748,Regular Season,2024,1,Detroit Pistons,Miami Heat,0,0
22401224,2024-12-16 19:30:00,1610612751,1610612739,Regular Season,2024,0,Brooklyn Nets,Cleveland Cavaliers,0,0
22401223,2024-12-16 19:30:00,1610612761,1610612741,Regular Season,2024,0,Toronto Raptors,Chicago Bulls,0,0
22401225,2024-12-16 22:00:00,1610612758,1610612743,Regular Season,2024,0,Sacramento Kings,Denver Nuggets,0,0
22401226,2024-12-16 22:30:00,1610612746,1610612762,Regular Season,2024,1,Los Angeles Clippers,Utah Jazz,0,0
62400001,2024-12-17 20:30:00,1610612760,1610612749,Regular Season,2024,0,Oklahoma City Thunder,Milwaukee Bucks,0,0
22400360,2024-12-19 19:00:00,1610612765,1610612762,Regular Season,2024,0,Detroit Pistons,Utah Jazz,0,0
22400362,2024-12-19 19:00:00,1610612764,1610612766,Regular Season,2024,1,Washington Wizards,Charlotte Hornets,0,0
22400361,2024-12-19 19:00:00,1610612753,1610612760,Regular Season,2024,0,Orlando Magic,Oklahoma City Thunder,0,0
22400364,2024-12-19 19:30:00,1610612761,1610612751,Regular Season,2024,0,Toronto Raptors,Brooklyn Nets,0,0
22400363,2024-12-19 19:30:00,1610612738,1610612741,Regular Season,2024,0,Boston Celtics,Chicago Bulls,0,0
22400370,2024-12-19 20:00:00,1610612759,1610612737,Regular Season,2024,1,San Antonio Spurs,Atlanta Hawks,0,0
22400366,2024-12-19 20:00:00,1610612763,1610612744,Regular Season,2024,1,Memphis Grizzlies,Golden State Warriors,0,0
22400365,2024-12-19 20:00:00,1610612745,1610612740,Regular Season,2024,1,Houston Rockets,New Orleans Pelicans,0,0
22400368,2024-12-19 20:30:00,1610612742,1610612746,Regular Season,2024,0,Dallas Mavericks,Los Angeles Clippers,0,0
22400369,2024-12-19 21:00:00,1610612756,1610612754,Regular Season,2024,0,Phoenix Suns,Indiana Pacers,0,0
22400367,2024-12-19 21:30:00,1610612750,1610612752,Regular Season,2024,0,Minnesota Timberwolves,New York Knicks,0,0
22400372,2024-12-19 22:00:00,1610612758,1610612747,Regular Season,2024,0,Sacramento Kings,Los Angeles Lakers,0,0
22400371,2024-12-19 22:00:00,1610612757,1610612743,Regular Season,2024,1,Portland Trail Blazers,Denver Nuggets,0,0
22400373,2024-12-20 19:00:00,1610612755,1610612766,Regular Season,2024,1,Philadelphia 76ers,Charlotte Hornets,0,0
22400374,2024-12-20 19:30:00,1610612739,1610612749,Regular Season,2024,1,Cleveland Cavaliers,Milwaukee Bucks,0,0
22400375,2024-12-20 20:00:00,1610612748,1610612760,Regular Season,2024,0,Miami Heat,Oklahoma City Thunder,0,0
22400376,2024-12-21 18:00:00,1610612758,1610612747,Regular Season,2024,0,Sacramento Kings,Los Angeles Lakers,0,0
22400377,2024-12-21 19:00:00,1610612753,1610612748,Regular Season,2024,1,Orlando Magic,Miami Heat,0,0
22400378,2024-12-21 19:30:00,1610612737,1610612763,Regular Season,2024,0,Atlanta Hawks,Memphis Grizzlies,0,0
22400379,2024-12-21 19:30:00,1610612751,1610612762,Regular Season,2024,0,Brooklyn Nets,Utah Jazz,0,0
22400384,2024-12-21 20:00:00,1610612740,1610612752,Regular Season,2024,0,New Orleans Pelicans,New York Knicks,0,0
22400383,2024-12-21 20:00:00,1610612750,1610612744,Regular Season,2024,0,Minnesota Timberwolves,Golden State Warriors,0,0
22400382,2024-12-21 20:00:00,1610612749,1610612764,Regular Season,2024,1,Milwaukee Bucks,Washington Wizards,0,0
22400381,2024-12-21 20:00:00,1610612741,1610612738,Regular Season,2024,0,Chicago Bulls,Boston Celtics,0,0
22400380,2024-12-21 20:00:00,1610612739,1610612755,Regular Season,2024,1,Cleveland Cavaliers,Philadelphia 76ers,0,0
22400386,2024-12-21 20:30:00,1610612759,1610612757,Regular Season,2024,1,San Antonio Spurs,Portland Trail Blazers,0,0
22400385,2024-12-21 20:30:00,1610612742,1610612746,Regular Season,2024,1,Dallas Mavericks,Los Angeles Clippers,0,0
22400387,2024-12-21 21:00:00,1610612756,1610612765,Regular Season,2024,0,Phoenix Suns,Detroit Pistons,0,0
22400389,2024-12-22 18:00:00,1610612758,1610612754,Regular Season,2024,0,Sacramento Kings,Indiana Pacers,0,0
22400388,2024-12-22 18:00:00,1610612761,1610612745,Regular Season,2024,0,Toronto Raptors,Houston Rockets,0,0
22400390,2024-12-22 19:00:00,1610612740,1610612743,Regular Season,2024,0,New Orleans Pelicans,Denver Nuggets,0,0
22400391,2024-12-23 19:00:00,1610612766,1610612745,Regular Season,2024,0,Charlotte Hornets,Houston Rockets,0,0
22400393,2024-12-23 19:00:00,1610612753,1610612738,Regular Season,2024,1,Orlando Magic,Boston Celtics,0,0
22400392,2024-12-23 19:00:00,1610612739,1610612762,Regular Season,2024,1,Cleveland Cavaliers,Utah Jazz,0,0
22400394,2024-12-23 19:00:00,1610612755,1610612759,Regular Season,2024,1,Philadelphia 76ers,San Antonio Spurs,0,0
22400397,2024-12-23 19:30:00,1610612752,1610612761,Regular Season,2024,1,New York Knicks,Toronto Raptors,0,0
22400396,2024-12-23 19:30:00,1610612748,1610612751,Regular Season,2024,1,Miami Heat,Brooklyn Nets,0,0
22400395,2024-12-23 19:30:00,1610612737,1610612750,Regular Season,2024,1,Atlanta Hawks,Minnesota Timberwolves,0,0
22400400,2024-12-23 20:00:00,1610612760,1610612764,Regular Season,2024,1,Oklahoma City Thunder,Washington Wizards,0,0
22400399,2024-12-23 20:00:00,1610612763,1610612746,Regular Season,2024,0,Memphis Grizzlies,Los Angeles Clippers,0,0
22400398,2024-12-23 20:00:00,1610612741,1610612749,Regular Season,2024,0,Chicago Bulls,Milwaukee Bucks,0,0
22400401,2024-12-23 20:30:00,1610612742,1610612757,Regular Season,2024,1,Dallas Mavericks,Portland Trail Blazers,0,0
22400403,2024-12-23 22:00:00,1610612744,1610612754,Regular Season,2024,0,Golden State Warriors,Indiana Pacers,0,0
22400402,2024-12-23 22:00:00,1610612743,1610612756,Regular Season,2024,1,Denver Nuggets,Phoenix Suns,0,0
22400404,2024-12-23 22:30:00,1610612747,1610612765,Regular Season,2024,0,Los Angeles Lakers,Detroit Pistons,0,0
22400405,2024-12-25 12:00:00,1610612752,1610612759,Regular Season,2024,1,New York Knicks,San Antonio Spurs,0,0
22400406,2024-12-25 14:30:00,1610612742,1610612750,Regular Season,2024,0,Dallas Mavericks,Minnesota Timberwolves,0,0
22400407,2024-12-25 17:00:00,1610612738,1610612755,Regular Season,2024,0,Boston Celtics,Philadelphia 76ers,0,0
22400408,2024-12-25 20:00:00,1610612744,1610612747,Regular Season,2024,0,Golden State Warriors,Los Angeles Lakers,0,0
22400409,2024-12-25 22:30:00,1610612756,1610612743,Regular Season,2024,1,Phoenix Suns,Denver Nuggets,0,0
22400411,2024-12-26 19:00:00,1610612753,1610612748,Regular Season,2024,0,Orlando Magic,Miami Heat,0,0
22400412,2024-12-26 19:00:00,1610612764,1610612766,Regular Season,2024,1,Washington Wizards,Charlotte Hornets,0,0
22400410,2024-12-26 19:00:00,1610612754,1610612760,Regular Season,2024,0,Indiana Pacers,Oklahoma City Thunder,0,0
22400413,2024-12-26 19:30:00,1610612737,1610612741,Regular Season,2024,1,Atlanta Hawks,Chicago Bulls,0,0
22400416,2024-12-26 20:00:00,1610612740,1610612745,Regular Season,2024,0,New Orleans Pelicans,Houston Rockets,0,0
22400415,2024-12-26 20:00:00,1610612749,1610612751,Regular Season,2024,0,Milwaukee Bucks,Brooklyn Nets,0,0
22400414,2024-12-26 20:00:00,1610612763,1610612761,Regular Season,2024,1,Memphis Grizzlies,Toronto Raptors,0,0
22400418,2024-12-26 22:00:00,1610612758,1610612765,Regular Season,2024,0,Sacramento Kings,Detroit Pistons,0,0
22400417,2024-12-26 22:00:00,1610612757,1610612762,Regular Season,2024,1,Portland Trail Blazers,Utah Jazz,0,0
22400419,2024-12-27 19:00:00,1610612753,1610612752,Regular Season,2024,0,Orlando Magic,New York Knicks,0,0
22400421,2024-12-27 19:30:00,1610612751,1610612759,Regular Season,2024,0,Brooklyn Nets,San Antonio Spurs,0,0
22400420,2024-12-27 19:30:00,1610612738,1610612754,Regular Season,2024,1,Boston Celtics,Indiana Pacers,0,0
22400423,2024-12-27 20:00:00,1610612740,1610612763,Regular Season,2024,0,New Orleans Pelicans,Memphis Grizzlies,0,0
22400422,2024-12-27 20:00:00,1610612745,1610612750,Regular Season,2024,0,Houston Rockets,Minnesota Timberwolves,0,0
22400424,2024-12-27 21:00:00,1610612743,1610612739,Regular Season,2024,0,Denver Nuggets,Cleveland Cavaliers,0,0
22400425,2024-12-27 21:00:00,1610612756,1610612742,Regular Season,2024,0,Phoenix Suns,Dallas Mavericks,0,0
22400426,2024-12-27 22:00:00,1610612746,1610612744,Regular Season,2024,1,Los Angeles Clippers,Golden State Warriors,0,0
22400427,2024-12-28 15:00:00,1610612737,1610612748,Regular Season,2024,1,Atlanta Hawks,Miami Heat,0,0
22400428,2024-12-28 18:00:00,1610612766,1610612760,Regular Season,2024,0,Charlotte Hornets,Oklahoma City Thunder,0,0
22400429,2024-12-28 19:00:00,1610612764,1610612752,Regular Season,2024,0,Washington Wizards,New York Knicks,0,0
22400430,2024-12-28 20:00:00,1610612741,1610612749,Regular Season,2024,1,Chicago Bulls,Milwaukee Bucks,0,0
22400431,2024-12-28 20:30:00,1610612744,1610612756,Regular Season,2024,1,Golden State Warriors,Phoenix Suns,0,0
22400432,2024-12-28 21:00:00,1610612743,1610612765,Regular Season,2024,1,Denver Nuggets,Detroit Pistons,0,0
22400433,2024-12-28 21:30:00,1610612762,1610612755,Regular Season,2024,0,Utah Jazz,Philadelphia 76ers,0,0
22400434,2024-12-28 22:00:00,1610612757,1610612742,Regular Season,2024,1,Portland Trail Blazers,Dallas Mavericks,0,0
22400435,2024-12-28 22:30:00,1610612747,1610612758,Regular Season,2024,1,Los Angeles Lakers,Sacramento Kings,0,0
22400436,2024-12-29 15:30:00,1610612753,1610612751,Regular Season,2024,1,Orlando Magic,Brooklyn Nets,0,0
22400438,2024-12-29 18:00:00,1610612761,1610612737,Regular Season,2024,0,Toronto Raptors,Atlanta Hawks,0,0
22400437,2024-12-29 18:00:00,1610612738,1610612754,Regular Season,2024,0,Boston Celtics,Indiana Pacers,0,0
22400439,2024-12-29 19:00:00,1610612745,1610612748,Regular Season,2024,0,Houston Rockets,Miami Heat,0,0
22400440,2024-12-29 19:00:00,1610612760,1610612763,Regular Season,2024,1,Oklahoma City Thunder,Memphis Grizzlies,0,0
22400441,2024-12-29 21:00:00,1610612750,1610612759,Regular Season,2024,1,Minnesota Timberwolves,San Antonio Spurs,0,0
22400442,2024-12-30 19:00:00,1610612766,1610612741,Regular Season,2024,0,Charlotte Hornets,Chicago Bulls,0,0
22400443,2024-12-30 19:00:00,1610612764,1610612752,Regular Season,2024,0,Washington Wizards,New York Knicks,0,0
22400444,2024-12-30 20:00:00,1610612740,1610612746,Regular Season,2024,0,New Orleans Pelicans,Los Angeles Clippers,0,0
22400445,2024-12-30 21:00:00,1610612762,1610612743,Regular Season,2024,0,Utah Jazz,Denver Nuggets,0,0
22400448,2024-12-30 22:00:00,1610612758,1610612742,Regular Season,2024,1,Sacramento Kings,Dallas Mavericks,0,0
22400447,2024-12-30 22:00:00,1610612757,1610612755,Regular Season,2024,0,Portland Trail Blazers,Philadelphia 76ers,0,0
22400446,2024-12-30 22:00:00,1610612744,1610612739,Regular Season,2024,0,Golden State Warriors,Cleveland Cavaliers,0,0
22400450,2024-12-31 15:00:00,1610612754,1610612749,Regular Season,2024,0,Indiana Pacers,Milwaukee Bucks,0,0
22400449,2024-12-31 15:00:00,1610612738,1610612761,Regular Season,2024,1,Boston Celtics,Toronto Raptors,0,0
22400451,2024-12-31 19:00:00,1610612759,1610612746,Regular Season,2024,1,San Antonio Spurs,Los Angeles Clippers,0,0
22400452,2024-12-31 20:00:00,1610612760,1610612750,Regular Season,2024,1,Oklahoma City Thunder,Minnesota Timberwolves,0,0
22400454,2024-12-31 21:00:00,1610612747,1610612739,Regular Season,2024,0,Los Angeles Lakers,Cleveland Cavaliers,0,0
22400453,2024-12-31 21:00:00,1610612756,1610612763,Regular Season,2024,0,Phoenix Suns,Memphis Grizzlies,0,0
22400455,2025-01-01 19:00:00,1610612765,1610612753,Regular Season,2025,1,Detroit Pistons,Orlando Magic,0,0
22400456,2025-01-01 19:00:00,1610612764,1610612741,Regular Season,2025,1,Washington Wizards,Chicago Bulls,0,0
22400459,2025-01-01 19:30:00,1610612761,1610612751,Regular Season,2025,1,Toronto Raptors,Brooklyn Nets,0,0
22400458,2025-01-01 19:30:00,1610612752,1610612762,Regular Season,2025,1,New York Knicks,Utah Jazz,0,0
22400457,2025-01-01 19:30:00,1610612748,1610612740,Regular Season,2025,1,Miami Heat,New Orleans Pelicans,0,0
22400460,2025-01-01 20:00:00,1610612745,1610612742,Regular Season,2025,1,Houston Rockets,Dallas Mavericks,0,0
22400461,2025-01-01 21:00:00,1610612743,1610612737,Regular Season,2025,1,Denver Nuggets,Atlanta Hawks,0,0
22400462,2025-01-01 22:00:00,1610612758,1610612755,Regular Season,2025,1,Sacramento Kings,Philadelphia 76ers,0,0
22400464,2025-01-02 19:30:00,1610612750,1610612738,Regular Season,2025,0,Minnesota Timberwolves,Boston Celtics,0,0
22400463,2025-01-02 19:30:00,1610612748,1610612754,Regular Season,2025,0,Miami Heat,Indiana Pacers,0,0
22400466,2025-01-02 20:00:00,1610612760,1610612746,Regular Season,2025,1,Oklahoma City Thunder,Los Angeles Clippers,0,0
22400465,2025-01-02 20:00:00,1610612749,1610612751,Regular Season,2025,0,Milwaukee Bucks,Brooklyn Nets,0,0
22400467,2025-01-02 22:00:00,1610612744,1610612755,Regular Season,2025,1,Golden State Warriors,Philadelphia 76ers,0,0
22400468,2025-01-02 22:30:00,1610612747,1610612757,Regular Season,2025,1,Los Angeles Lakers,Portland Trail Blazers,0,0
22400469,2025-01-03 19:00:00,1610612765,1610612766,Regular Season,2025,1,Detroit Pistons,Charlotte Hornets,0,0
22400470,2025-01-03 19:30:00,1610612761,1610612753,Regular Season,2025,0,Toronto Raptors,Orlando Magic,0,0
22400471,2025-01-03 20:00:00,1610612745,1610612738,Regular Season,2025,0,Houston Rockets,Boston Celtics,0,0
22400473,2025-01-03 20:00:00,1610612760,1610612752,Regular Season,2025,1,Oklahoma City Thunder,New York Knicks,0,0
22400472,2025-01-03 20:00:00,1610612740,1610612764,Regular Season,2025,1,New Orleans Pelicans,Washington Wizards,0,0
22400474,2025-01-03 20:30:00,1610612742,1610612739,Regular Season,2025,0,Dallas Mavericks,Cleveland Cavaliers,0,0
22400475,2025-01-03 21:00:00,1610612743,1610612759,Regular Season,2025,0,Denver Nuggets,San Antonio Spurs,0,0
22400476,2025-01-03 22:00:00,1610612758,1610612763,Regular Season,2025,1,Sacramento Kings,Memphis Grizzlies,0,0
22400477,2025-01-03 22:30:00,1610612747,1610612737,Regular Season,2025,1,Los Angeles Lakers,Atlanta Hawks,0,0
22400478,2025-01-04 18:00:00,1610612751,1610612755,Regular Season,2025,0,Brooklyn Nets,Philadelphia 76ers,0,0
22400480,2025-01-04 19:00:00,1610612754,1610612756,Regular Season,2025,1,Indiana Pacers,Phoenix Suns,0,0
22400479,2025-01-04 19:00:00,1610612765,1610612750,Regular Season,2025,1,Detroit Pistons,Minnesota Timberwolves,0,0
22400484,2025-01-04 20:00:00,1610612759,1610612743,Regular Season,2025,0,San Antonio Spurs,Denver Nuggets,0,0
22400483,2025-01-04 20:00:00,1610612749,1610612757,Regular Season,2025,0,Milwaukee Bucks,Portland Trail Blazers,0,0
22400482,2025-01-04 20:00:00,1610612741,1610612752,Regular Season,2025,1,Chicago Bulls,New York Knicks,0,0
22400481,2025-01-04 20:00:00,1610612748,1610612762,Regular Season,2025,0,Miami Heat,Utah Jazz,0,0
22400485,2025-01-04 20:30:00,1610612744,1610612763,Regular Season,2025,1,Golden State Warriors,Memphis Grizzlies,0,0
22400486,2025-01-04 22:30:00,1610612746,1610612737,Regular Season,2025,1,Los Angeles Clippers,Atlanta Hawks,0,0
22400487,2025-01-05 15:30:00,1610612760,1610612738,Regular Season,2025,1,Oklahoma City Thunder,Boston Celtics,0,0
22400488,2025-01-05 18:00:00,1610612739,1610612766,Regular Season,2025,1,Cleveland Cavaliers,Charlotte Hornets,0,0
22400489,2025-01-05 18:00:00,1610612764,1610612740,Regular Season,2025,0,Washington Wizards,New Orleans Pelicans,0,0
22400490,2025-01-05 18:30:00,1610612753,1610612762,Regular Season,2025,0,Orlando Magic,Utah Jazz,0,0
22400491,2025-01-05 19:00:00,1610612745,1610612747,Regular Season,2025,1,Houston Rockets,Los Angeles Lakers,0,0
22400492,2025-01-05 20:30:00,1610612744,1610612758,Regular Season,2025,0,Golden State Warriors,Sacramento Kings,0,0
22400494,2025-01-06 19:00:00,1610612755,1610612756,Regular Season,2025,0,Philadelphia 76ers,Phoenix Suns,0,0
22400493,2025-01-06 19:00:00,1610612765,1610612757,Regular Season,2025,1,Detroit Pistons,Portland Trail Blazers,0,0
22400497,2025-01-06 19:30:00,1610612761,1610612749,Regular Season,2025,0,Toronto Raptors,Milwaukee Bucks,0,0
22400496,2025-01-06 19:30:00,1610612752,1610612753,Regular Season,2025,0,New York Knicks,Orlando Magic,0,0
22400495,2025-01-06 19:30:00,1610612751,1610612754,Regular Season,2025,0,Brooklyn Nets,Indiana Pacers,0,0
22400500,2025-01-06 20:00:00,1610612750,1610612746,Regular Season,2025,1,Minnesota Timberwolves,Los Angeles Clippers,0,0
22400499,2025-01-06 20:00:00,1610612763,1610612742,Regular Season,2025,1,Memphis Grizzlies,Dallas Mavericks,0,0
22400498,2025-01-06 20:00:00,1610612741,1610612759,Regular Season,2025,1,Chicago Bulls,San Antonio Spurs,0,0
22400501,2025-01-06 22:00:00,1610612758,1610612748,Regular Season,2025,1,Sacramento Kings,Miami Heat,0,0
22400502,2025-01-07 19:00:00,1610612766,1610612756,Regular Season,2025,1,Charlotte Hornets,Phoenix Suns,0,0
22400503,2025-01-07 19:00:00,1610612764,1610612745,Regular Season,2025,0,Washington Wizards,Houston Rockets,0,0
22400504,2025-01-07 19:30:00,1610612742,1610612747,Regular Season,2025,1,Dallas Mavericks,Los Angeles Lakers,0,0
22400505,2025-01-07 20:00:00,1610612740,1610612750,Regular Season,2025,0,New Orleans Pelicans,Minnesota Timberwolves,0,0
22400506,2025-01-07 21:00:00,1610612762,1610612737,Regular Season,2025,0,Utah Jazz,Atlanta Hawks,0,0
22400508,2025-01-07 22:00:00,1610612744,1610612748,Regular Season,2025,0,Golden State Warriors,Miami Heat,0,0
22400507,2025-01-07 22:00:00,1610612743,1610612738,Regular Season,2025,0,Denver Nuggets,Boston Celtics,0,0
22400512,2025-01-08 19:00:00,1610612755,1610612764,Regular Season,2025,1,Philadelphia 76ers,Washington Wizards,0,0
22400510,2025-01-08 19:00:00,1610612754,1610612741,Regular Season,2025,1,Indiana Pacers,Chicago Bulls,0,0
22400509,2025-01-08 19:00:00,1610612739,1610612760,Regular Season,2025,1,Cleveland Cavaliers,Oklahoma City Thunder,0,0
22400513,2025-01-08 19:30:00,1610612751,1610612765,Regular Season,2025,0,Brooklyn Nets,Detroit Pistons,0,0
22400511,2025-01-08 19:30:00,1610612752,1610612761,Regular Season,2025,1,New York Knicks,Toronto Raptors,0,0
22400514,2025-01-08 20:00:00,1610612740,1610612757,Regular Season,2025,0,New Orleans Pelicans,Portland Trail Blazers,0,0
22400515,2025-01-08 21:00:00,1610612743,1610612746,Regular Season,2025,1,Denver Nuggets,Los Angeles Clippers,0,0
22400516,2025-01-08 21:30:00,1610612749,1610612759,Regular Season,2025,1,Milwaukee Bucks,San Antonio Spurs,0,0
22400517,2025-01-09 19:00:00,1610612739,1610612761,Regular Season,2025,1,Cleveland Cavaliers,Toronto Raptors,0,0
22400518,2025-01-09 19:00:00,1610612765,1610612744,Regular Season,2025,0,Detroit Pistons,Golden State Warriors,0,0
22400519,2025-01-09 19:00:00,1610612753,1610612750,Regular Season,2025,0,Orlando Magic,Minnesota Timberwolves,0,0
22400521,2025-01-09 19:30:00,1610612742,1610612757,Regular Season,2025,1,Dallas Mavericks,Portland Trail Blazers,0,0
22400520,2025-01-09 20:00:00,1610612763,1610612745,Regular Season,2025,0,Memphis Grizzlies,Houston Rockets,0,0
22400523,2025-01-09 21:00:00,1610612762,1610612748,Regular Season,2025,0,Utah Jazz,Miami Heat,0,0
22400522,2025-01-09 21:00:00,1610612756,1610612737,Regular Season,2025,1,Phoenix Suns,Atlanta Hawks,0,0
22400527,2025-01-10 19:00:00,1610612755,1610612740,Regular Season,2025,0,Philadelphia 76ers,New Orleans Pelicans,0,0
22400526,2025-01-10 19:00:00,1610612753,1610612749,Regular Season,2025,0,Orlando Magic,Milwaukee Bucks,0,0
22400525,2025-01-10 19:00:00,1610612754,1610612744,Regular Season,2025,1,Indiana Pacers,Golden State Warriors,0,0
22400529,2025-01-10 19:30:00,1610612752,1610612760,Regular Season,2025,0,New York Knicks,Oklahoma City Thunder,0,0
22400528,2025-01-10 19:30:00,1610612738,1610612758,Regular Season,2025,0,Boston Celtics,Sacramento Kings,0,0
22400530,2025-01-10 20:00:00,1610612741,1610612764,Regular Season,2025,1,Chicago Bulls,Washington Wizards,0,0
22400531,2025-01-10 21:00:00,1610612743,1610612751,Regular Season,2025,1,Denver Nuggets,Brooklyn Nets,0,0
22400533,2025-01-11 17:00:00,1610612756,1610612762,Regular Season,2025,1,Phoenix Suns,Utah Jazz,0,0
22400534,2025-01-11 19:00:00,1610612765,1610612761,Regular Season,2025,1,Detroit Pistons,Toronto Raptors,0,0
22400535,2025-01-11 20:00:00,1610612750,1610612763,Regular Season,2025,0,Minnesota Timberwolves,Memphis Grizzlies,0,0
22400536,2025-01-11 22:00:00,1610612757,1610612748,Regular Season,2025,0,Portland Trail Blazers,Miami Heat,0,0
22400540,2025-01-12 15:00:00,1610612742,1610612743,Regular Season,2025,0,Dallas Mavericks,Denver Nuggets,0,0
22400539,2025-01-12 15:00:00,1610612752,1610612749,Regular Season,2025,1,New York Knicks,Milwaukee Bucks,0,0
22400541,2025-01-12 15:30:00,1610612741,1610612758,Regular Season,2025,0,Chicago Bulls,Sacramento Kings,0,0
22400545,2025-01-12 18:00:00,1610612764,1610612760,Regular Season,2025,0,Washington Wizards,Oklahoma City Thunder,0,0
22400544,2025-01-12 18:00:00,1610612753,1610612755,Regular Season,2025,1,Orlando Magic,Philadelphia 76ers,0,0
22400543,2025-01-12 18:00:00,1610612739,1610612754,Regular Season,2025,0,Cleveland Cavaliers,Indiana Pacers,0,0
22400542,2025-01-12 18:00:00,1610612738,1610612740,Regular Season,2025,1,Boston Celtics,New Orleans Pelicans,0,0
22400546,2025-01-12 20:00:00,1610612762,1610612751,Regular Season,2025,1,Utah Jazz,Brooklyn Nets,0,0
22400547,2025-01-12 21:00:00,1610612756,1610612766,Regular Season,2025,1,Phoenix Suns,Charlotte Hornets,0,0
22400548,2025-01-13 19:00:00,1610612764,1610612750,Regular Season,2025,0,Washington Wizards,Minnesota Timberwolves,0,0
22400550,2025-01-13 19:30:00,1610612761,1610612744,Regular Season,2025,1,Toronto Raptors,Golden State Warriors,0,0
22400549,2025-01-13 19:30:00,1610612752,1610612765,Regular Season,2025,0,New York Knicks,Detroit Pistons,0,0
22400551,2025-01-13 20:00:00,1610612745,1610612763,Regular Season,2025,1,Houston Rockets,Memphis Grizzlies,0,0
22400552,2025-01-13 22:30:00,1610612747,1610612759,Regular Season,2025,0,Los Angeles Lakers,San Antonio Spurs,0,0
22400553,2025-01-13 22:30:00,1610612746,1610612748,Regular Season,2025,1,Los Angeles Clippers,Miami Heat,0,0
22400555,2025-01-14 19:00:00,1610612755,1610612760,Regular Season,2025,0,Philadelphia 76ers,Oklahoma City Thunder,0,0
22400554,2025-01-14 19:00:00,1610612754,1610612739,Regular Season,2025,0,Indiana Pacers,Cleveland Cavaliers,0,0
22400556,2025-01-14 19:30:00,1610612737,1610612756,Regular Season,2025,1,Atlanta Hawks,Phoenix Suns,0,0
22400558,2025-01-14 20:00:00,1610612749,1610612758,Regular Season,2025,1,Milwaukee Bucks,Sacramento Kings,0,0
22400557,2025-01-14 20:00:00,1610612741,1610612740,Regular Season,2025,0,Chicago Bulls,New Orleans Pelicans,0,0
22400559,2025-01-14 21:30:00,1610612742,1610612743,Regular Season,2025,0,Dallas Mavericks,Denver Nuggets,0,0
22400560,2025-01-14 22:00:00,1610612757,1610612751,Regular Season,2025,0,Portland Trail Blazers,Brooklyn Nets,0,0
22400561,2025-01-15 19:00:00,1610612755,1610612752,Regular Season,2025,0,Philadelphia 76ers,New York Knicks,0,0
22400562,2025-01-15 19:30:00,1610612761,1610612738,Regular Season,2025,1,Toronto Raptors,Boston Celtics,0,0
22400564,2025-01-15 20:00:00,1610612749,1610612753,Regular Season,2025,1,Milwaukee Bucks,Orlando Magic,0,0
22400563,2025-01-15 20:00:00,1610612741,1610612737,Regular Season,2025,0,Chicago Bulls,Atlanta Hawks,0,0
22400567,2025-01-15 20:00:00,1610612759,1610612763,Regular Season,2025,0,San Antonio Spurs,Memphis Grizzlies,0,0
22400566,2025-01-15 20:00:00,1610612740,1610612742,Regular Season,2025,1,New Orleans Pelicans,Dallas Mavericks,0,0
22400569,2025-01-15 21:00:00,1610612762,1610612766,Regular Season,2025,0,Utah Jazz,Charlotte Hornets,0,0
22400568,2025-01-15 21:00:00,1610612743,1610612745,Regular Season,2025,0,Denver Nuggets,Houston Rockets,0,0
22400565,2025-01-15 21:30:00,1610612750,1610612744,Regular Season,2025,0,Minnesota Timberwolves,Golden State Warriors,0,0
22400570,2025-01-15 22:00:00,1610612747,1610612748,Regular Season,2025,1,Los Angeles Lakers,Miami Heat,0,0
22400571,2025-01-15 22:30:00,1610612746,1610612751,Regular Season,2025,1,Los Angeles Clippers,Brooklyn Nets,0,0
22400573,2025-01-16 19:00:00,1610612764,1610612756,Regular Season,2025,0,Washington Wizards,Phoenix Suns,0,0
22400572,2025-01-16 19:00:00,1610612765,1610612754,Regular Season,2025,0,Detroit Pistons,Indiana Pacers,0,0
22400574,2025-01-16 19:30:00,1610612760,1610612739,Regular Season,2025,1,Oklahoma City Thunder,Cleveland Cavaliers,0,0
22400576,2025-01-16 22:00:00,1610612758,1610612745,Regular Season,2025,1,Sacramento Kings,Houston Rockets,0,0
22400575,2025-01-16 22:00:00,1610612757,1610612746,Regular Season,2025,0,Portland Trail Blazers,Los Angeles Clippers,0,0
22400577,2025-01-17 19:00:00,1610612738,1610612753,Regular Season,2025,1,Boston Celtics,Orlando Magic,0,0
22400578,2025-01-17 19:30:00,1610612752,1610612750,Regular Season,2025,0,New York Knicks,Minnesota Timberwolves,0,0
22400579,2025-01-17 20:00:00,1610612748,1610612743,Regular Season,2025,0,Miami Heat,Denver Nuggets,0,0
22400580,2025-01-17 20:00:00,1610612749,1610612761,Regular Season,2025,1,Milwaukee Bucks,Toronto Raptors,0,0
22400584,2025-01-17 20:00:00,1610612741,1610612766,Regular Season,2025,0,Chicago Bulls,Charlotte Hornets,0,0
22400581,2025-01-17 20:00:00,1610612740,1610612762,Regular Season,2025,1,New Orleans Pelicans,Utah Jazz,0,0
22400583,2025-01-17 20:30:00,1610612742,1610612760,Regular Season,2025,1,Dallas Mavericks,Oklahoma City Thunder,0,0
22400582,2025-01-17 21:30:00,1610612759,1610612763,Regular Season,2025,0,San Antonio Spurs,Memphis Grizzlies,0,0
22400585,2025-01-17 22:30:00,1610612747,1610612751,Regular Season,2025,1,Los Angeles Lakers,Brooklyn Nets,0,0
22400586,2025-01-18 16:00:00,1610612765,1610612756,Regular Season,2025,0,Detroit Pistons,Phoenix Suns,0,0
22400588,2025-01-18 19:00:00,1610612754,1610612755,Regular Season,2025,1,Indiana Pacers,Philadelphia 76ers,0,0
22400587,2025-01-18 19:00:00,1610612738,1610612737,Regular Season,2025,0,Boston Celtics,Atlanta Hawks,0,0
22400589,2025-01-18 20:30:00,1610612744,1610612764,Regular Season,2025,1,Golden State Warriors,Washington Wizards,0,0
22400590,2025-01-18 21:00:00,1610612750,1610612739,Regular Season,2025,0,Minnesota Timberwolves,Cleveland Cavaliers,0,0
22400591,2025-01-18 22:00:00,1610612757,1610612745,Regular Season,2025,0,Portland Trail Blazers,Houston Rockets,0,0
22400592,2025-01-19 15:00:00,1610612748,1610612759,Regular Season,2025,1,Miami Heat,San Antonio Spurs,0,0
22400593,2025-01-19 18:00:00,1610612753,1610612743,Regular Season,2025,0,Orlando Magic,Denver Nuggets,0,0
22400595,2025-01-19 19:00:00,1610612760,1610612751,Regular Season,2025,1,Oklahoma City Thunder,Brooklyn Nets,0,0
22400594,2025-01-19 19:00:00,1610612749,1610612755,Regular Season,2025,1,Milwaukee Bucks,Philadelphia 76ers,0,0
22400596,2025-01-19 21:00:00,1610612746,1610612747,Regular Season,2025,1,Los Angeles Clippers,Los Angeles Lakers,0,0
22400598,2025-01-19 21:00:00,1610612758,1610612764,Regular Season,2025,1,Sacramento Kings,Washington Wizards,0,0
22400597,2025-01-19 21:00:00,1610612757,1610612741,Regular Season,2025,1,Portland Trail Blazers,Chicago Bulls,0,0
22400599,2025-01-20 12:00:00,1610612766,1610612742,Regular Season,2025,1,Charlotte Hornets,Dallas Mavericks,0,0
22400600,2025-01-20 14:00:00,1610612745,1610612765,Regular Season,2025,0,Houston Rockets,Detroit Pistons,0,0
22400601,2025-01-20 14:30:00,1610612763,1610612750,Regular Season,2025,1,Memphis Grizzlies,Minnesota Timberwolves,0,0
22400602,2025-01-20 15:00:00,1610612752,1610612737,Regular Season,2025,1,New York Knicks,Atlanta Hawks,0,0
22400603,2025-01-20 15:30:00,1610612739,1610612756,Regular Season,2025,1,Cleveland Cavaliers,Phoenix Suns,0,0
22400604,2025-01-20 17:00:00,1610612744,1610612738,Regular Season,2025,0,Golden State Warriors,Boston Celtics,0,0
22400605,2025-01-20 20:00:00,1610612740,1610612762,Regular Season,2025,1,New Orleans Pelicans,Utah Jazz,0,0
22400611,2025-01-20 22:30:00,1610612746,1610612741,Regular Season,2025,0,Los Angeles Clippers,Chicago Bulls,0,0
22400608,2025-01-21 19:30:00,1610612761,1610612753,Regular Season,2025,1,Toronto Raptors,Orlando Magic,0,0
22400607,2025-01-21 19:30:00,1610612748,1610612757,Regular Season,2025,0,Miami Heat,Portland Trail Blazers,0,0
22400606,2025-01-21 19:30:00,1610612751,1610612752,Regular Season,2025,0,Brooklyn Nets,New York Knicks,0,0
22400609,2025-01-21 22:00:00,1610612743,1610612755,Regular Season,2025,1,Denver Nuggets,Philadelphia 76ers,0,0
22400610,2025-01-21 22:30:00,1610612747,1610612764,Regular Season,2025,1,Los Angeles Lakers,Washington Wizards,0,0
22400612,2025-01-22 19:30:00,1610612737,1610612765,Regular Season,2025,0,Atlanta Hawks,Detroit Pistons,0,0
22400614,2025-01-22 19:30:00,1610612742,1610612750,Regular Season,2025,0,Dallas Mavericks,Minnesota Timberwolves,0,0
22400613,2025-01-22 19:30:00,1610612751,1610612756,Regular Season,2025,0,Brooklyn Nets,Phoenix Suns,0,0
22400618,2025-01-22 20:00:00,1610612760,1610612762,Regular Season,2025,1,Oklahoma City Thunder,Utah Jazz,0,0
22400616,2025-01-22 20:00:00,1610612763,1610612766,Regular Season,2025,1,Memphis Grizzlies,Charlotte Hornets,0,0
22400615,2025-01-22 20:00:00,1610612745,1610612739,Regular Season,2025,1,Houston Rockets,Cleveland Cavaliers,0,0
22400619,2025-01-22 22:00:00,1610612758,1610612744,Regular Season,2025,1,Sacramento Kings,Golden State Warriors,0,0
22400620,2025-01-22 22:30:00,1610612746,1610612738,Regular Season,2025,0,Los Angeles Clippers,Boston Celtics,0,0
22400621,2025-01-23 14:00:00,1610612754,1610612759,Regular Season,2025,0,Indiana Pacers,San Antonio Spurs,0,0
22400622,2025-01-23 19:00:00,1610612753,1610612757,Regular Season,2025,0,Orlando Magic,Portland Trail Blazers,0,0
22400623,2025-01-23 19:30:00,1610612737,1610612761,Regular Season,2025,0,Atlanta Hawks,Toronto Raptors,0,0
22400625,2025-01-23 20:00:00,1610612760,1610612742,Regular Season,2025,0,Oklahoma City Thunder,Dallas Mavericks,0,0
22400624,2025-01-23 20:30:00,1610612749,1610612748,Regular Season,2025,1,Milwaukee Bucks,Miami Heat,0,0
22400626,2025-01-23 21:00:00,1610612743,1610612758,Regular Season,2025,1,Denver Nuggets,Sacramento Kings,0,0
22400629,2025-01-23 22:00:00,1610612747,1610612738,Regular Season,2025,1,Los Angeles Lakers,Boston Celtics,0,0
22400628,2025-01-23 22:00:00,1610612744,1610612741,Regular Season,2025,1,Golden State Warriors,Chicago Bulls,0,0
22400983,2025-01-23 22:30:00,1610612746,1610612764,Regular Season,2025,1,Los Angeles Clippers,Washington Wizards,0,0
22400630,2025-01-24 19:00:00,1610612766,1610612757,Regular Season,2025,0,Charlotte Hornets,Portland Trail Blazers,0,0
22400631,2025-01-24 19:00:00,1610612755,1610612739,Regular Season,2025,1,Philadelphia 76ers,Cleveland Cavaliers,0,0
22400632,2025-01-24 20:00:00,1610612763,1610612740,Regular Season,2025,1,Memphis Grizzlies,New Orleans Pelicans,0,0
22400633,2025-01-25 12:00:00,1610612759,1610612754,Regular Season,2025,0,San Antonio Spurs,Indiana Pacers,0,0
22400634,2025-01-25 15:00:00,1610612750,1610612743,Regular Season,2025,1,Minnesota Timberwolves,Denver Nuggets,0,0
22400635,2025-01-25 17:30:00,1610612742,1610612738,Regular Season,2025,0,Dallas Mavericks,Boston Celtics,0,0
22400636,2025-01-25 18:00:00,1610612751,1610612748,Regular Season,2025,0,Brooklyn Nets,Miami Heat,0,0
22400638,2025-01-25 19:00:00,1610612753,1610612765,Regular Season,2025,1,Orlando Magic,Detroit Pistons,0,0
22400637,2025-01-25 19:00:00,1610612766,1610612740,Regular Season,2025,1,Charlotte Hornets,New Orleans Pelicans,0,0
22400641,2025-01-25 19:30:00,1610612752,1610612758,Regular Season,2025,1,New York Knicks,Sacramento Kings,0,0
22400640,2025-01-25 19:30:00,1610612739,1610612745,Regular Season,2025,0,Cleveland Cavaliers,Houston Rockets,0,0
22400639,2025-01-25 19:30:00,1610612737,1610612761,Regular Season,2025,0,Atlanta Hawks,Toronto Raptors,0,0
22400643,2025-01-25 20:00:00,1610612763,1610612762,Regular Season,2025,1,Memphis Grizzlies,Utah Jazz,0,0
22400642,2025-01-25 20:00:00,1610612741,1610612755,Regular Season,2025,0,Chicago Bulls,Philadelphia 76ers,0,0
22400644,2025-01-25 20:30:00,1610612744,1610612747,Regular Season,2025,0,Golden State Warriors,Los Angeles Lakers,0,0
22400645,2025-01-25 21:00:00,1610612756,1610612764,Regular Season,2025,1,Phoenix Suns,Washington Wizards,0,0
22400646,2025-01-25 22:30:00,1610612746,1610612749,Regular Season,2025,1,Los Angeles Clippers,Milwaukee Bucks,0,0
22400647,2025-01-26 18:00:00,1610612757,1610612760,Regular Season,2025,0,Portland Trail Blazers,Oklahoma City Thunder,0,0
22400649,2025-01-27 19:00:00,1610612739,1610612765,Regular Season,2025,1,Cleveland Cavaliers,Detroit Pistons,0,0
22400648,2025-01-27 19:00:00,1610612766,1610612747,Regular Season,2025,0,Charlotte Hornets,Los Angeles Lakers,0,0
22400654,2025-01-27 19:30:00,1610612761,1610612740,Regular Season,2025,1,Toronto Raptors,New Orleans Pelicans,0,0
22400653,2025-01-27 19:30:00,1610612752,1610612763,Regular Season,2025,1,New York Knicks,Memphis Grizzlies,0,0
22400652,2025-01-27 19:30:00,1610612748,1610612753,Regular Season,2025,1,Miami Heat,Orlando Magic,0,0
22400651,2025-01-27 19:30:00,1610612751,1610612758,Regular Season,2025,0,Brooklyn Nets,Sacramento Kings,0,0
22400650,2025-01-27 19:30:00,1610612738,1610612745,Regular Season,2025,0,Boston Celtics,Houston Rockets,0,0
22400656,2025-01-27 20:00:00,1610612750,1610612737,Regular Season,2025,1,Minnesota Timberwolves,Atlanta Hawks,0,0
22400655,2025-01-27 20:00:00,1610612741,1610612743,Regular Season,2025,1,Chicago Bulls,Denver Nuggets,0,0
22400657,2025-01-27 20:30:00,1610612742,1610612764,Regular Season,2025,1,Dallas Mavericks,Washington Wizards,0,0
22400658,2025-01-27 21:00:00,1610612762,1610612749,Regular Season,2025,0,Utah Jazz,Milwaukee Bucks,0,0
22400659,2025-01-27 21:30:00,1610612756,1610612746,Regular Season,2025,1,Phoenix Suns,Los Angeles Clippers,0,0
22400660,2025-01-28 19:30:00,1610612755,1610612747,Regular Season,2025,1,Philadelphia 76ers,Los Angeles Lakers,0,0
22400661,2025-01-28 22:00:00,1610612744,1610612762,Regular Season,2025,1,Golden State Warriors,Utah Jazz,0,0
22400662,2025-01-28 22:00:00,1610612757,1610612749,Regular Season,2025,1,Portland Trail Blazers,Milwaukee Bucks,0,0
22400664,2025-01-29 19:00:00,1610612754,1610612765,Regular Season,2025,1,Indiana Pacers,Detroit Pistons,0,0
22400665,2025-01-29 19:00:00,1610612764,1610612761,Regular Season,2025,0,Washington Wizards,Toronto Raptors,0,0
22400663,2025-01-29 19:00:00,1610612766,1610612751,Regular Season,2025,0,Charlotte Hornets,Brooklyn Nets,0,0
22400666,2025-01-29 19:30:00,1610612738,1610612741,Regular Season,2025,1,Boston Celtics,Chicago Bulls,0,0
22400669,2025-01-29 19:30:00,1610612755,1610612758,Regular Season,2025,1,Philadelphia 76ers,Sacramento Kings,0,0
22400668,2025-01-29 19:30:00,1610612752,1610612743,Regular Season,2025,1,New York Knicks,Denver Nuggets,0,0
22400667,2025-01-29 19:30:00,1610612748,1610612739,Regular Season,2025,0,Miami Heat,Cleveland Cavaliers,0,0
22400670,2025-01-29 20:00:00,1610612740,1610612742,Regular Season,2025,0,New Orleans Pelicans,Dallas Mavericks,0,0
22400671,2025-01-29 20:00:00,1610612759,1610612746,Regular Season,2025,0,San Antonio Spurs,Los Angeles Clippers,0,0
22400672,2025-01-29 21:00:00,1610612756,1610612750,Regular Season,2025,0,Phoenix Suns,Minnesota Timberwolves,0,0
22400673,2025-01-29 22:00:00,1610612744,1610612760,Regular Season,2025,1,Golden State Warriors,Oklahoma City Thunder,0,0
22400674,2025-01-30 19:00:00,1610612764,1610612747,Regular Season,2025,0,Washington Wizards,Los Angeles Lakers,0,0
22400675,2025-01-30 19:00:00,1610612739,1610612737,Regular Season,2025,1,Cleveland Cavaliers,Atlanta Hawks,0,0
22400677,2025-01-30 21:00:00,1610612762,1610612750,Regular Season,2025,0,Utah Jazz,Minnesota Timberwolves,0,0
22400676,2025-01-30 21:30:00,1610612763,1610612745,Regular Season,2025,1,Memphis Grizzlies,Houston Rockets,0,0
22400678,2025-01-30 22:00:00,1610612757,1610612753,Regular Season,2025,1,Portland Trail Blazers,Orlando Magic,0,0
22400680,2025-01-31 19:00:00,1610612765,1610612742,Regular Season,2025,1,Detroit Pistons,Dallas Mavericks,0,0
22400679,2025-01-31 19:00:00,1610612766,1610612746,Regular Season,2025,0,Charlotte Hornets,Los Angeles Clippers,0,0
22400682,2025-01-31 19:30:00,1610612761,1610612741,Regular Season,2025,0,Toronto Raptors,Chicago Bulls,0,0
22400681,2025-01-31 19:30:00,1610612755,1610612743,Regular Season,2025,0,Philadelphia 76ers,Denver Nuggets,0,0
22400684,2025-01-31 20:00:00,1610612759,1610612749,Regular Season,2025,1,San Antonio Spurs,Milwaukee Bucks,0,0
22400683,2025-01-31 20:00:00,1610612740,1610612738,Regular Season,2025,0,New Orleans Pelicans,Boston Celtics,0,0
22400685,2025-01-31 22:00:00,1610612744,1610612756,Regular Season,2025,0,Golden State Warriors,Phoenix Suns,0,0
22400686,2025-02-01 17:00:00,1610612754,1610612737,Regular Season,2025,1,Indiana Pacers,Atlanta Hawks,0,0
22400687,2025-02-01 17:00:00,1610612762,1610612753,Regular Season,2025,1,Utah Jazz,Orlando Magic,0,0
22400688,2025-02-01 19:00:00,1610612766,1610612743,Regular Season,2025,0,Charlotte Hornets,Denver Nuggets,0,0
22400691,2025-02-01 20:00:00,1610612760,1610612758,Regular Season,2025,1,Oklahoma City Thunder,Sacramento Kings,0,0
22400690,2025-02-01 20:00:00,1610612750,1610612764,Regular Season,2025,0,Minnesota Timberwolves,Washington Wizards,0,0
22400689,2025-02-01 20:00:00,1610612745,1610612751,Regular Season,2025,0,Houston Rockets,Brooklyn Nets,0,0
22400693,2025-02-01 20:30:00,1610612759,1610612748,Regular Season,2025,0,San Antonio Spurs,Miami Heat,0,0
22400692,2025-02-01 20:30:00,1610612752,1610612747,Regular Season,2025,0,New York Knicks,Los Angeles Lakers,0,0
22400694,2025-02-01 22:00:00,1610612757,1610612756,Regular Season,2025,1,Portland Trail Blazers,Phoenix Suns,0,0
22400695,2025-02-02 15:00:00,1610612765,1610612741,Regular Season,2025,1,Detroit Pistons,Chicago Bulls,0,0
22400697,2025-02-02 15:30:00,1610612761,1610612746,Regular Season,2025,1,Toronto Raptors,Los Angeles Clippers,0,0
22400696,2025-02-02 15:30:00,1610612739,1610612742,Regular Season,2025,1,Cleveland Cavaliers,Dallas Mavericks,0,0
22400698,2025-02-02 18:00:00,1610612755,1610612738,Regular Season,2025,0,Philadelphia 76ers,Boston Celtics,0,0
22400699,2025-02-02 20:30:00,1610612749,1610612763,Regular Season,2025,0,Milwaukee Bucks,Memphis Grizzlies,0,0
22400700,2025-02-03 19:00:00,1610612766,1610612764,Regular Season,2025,0,Charlotte Hornets,Washington Wizards,0,0
22400701,2025-02-03 19:00:00,1610612765,1610612737,Regular Season,2025,0,Detroit Pistons,Atlanta Hawks,0,0
22400702,2025-02-03 19:30:00,1610612752,1610612745,Regular Season,2025,1,New York Knicks,Houston Rockets,0,0
22400705,2025-02-03 20:00:00,1610612760,1610612749,Regular Season,2025,1,Oklahoma City Thunder,Milwaukee Bucks,0,0
22400704,2025-02-03 20:00:00,1610612750,1610612758,Regular Season,2025,0,Minnesota Timberwolves,Sacramento Kings,0,0
22400703,2025-02-03 20:00:00,1610612763,1610612759,Regular Season,2025,1,Memphis Grizzlies,San Antonio Spurs,0,0
22400707,2025-02-03 21:00:00,1610612762,1610612754,Regular Season,2025,0,Utah Jazz,Indiana Pacers,0,0
22400706,2025-02-03 21:00:00,1610612743,1610612740,Regular Season,2025,1,Denver Nuggets,New Orleans Pelicans,0,0
22400709,2025-02-03 22:00:00,1610612757,1610612756,Regular Season,2025,1,Portland Trail Blazers,Phoenix Suns,0,0
22400708,2025-02-03 22:00:00,1610612744,1610612753,Regular Season,2025,1,Golden State Warriors,Orlando Magic,0,0
22400712,2025-02-04 19:00:00,1610612755,1610612742,Regular Season,2025,1,Philadelphia 76ers,Dallas Mavericks,0,0
22400713,2025-02-04 19:30:00,1610612761,1610612752,Regular Season,2025,0,Toronto Raptors,New York Knicks,0,0
22400711,2025-02-04 19:30:00,1610612751,1610612745,Regular Season,2025,1,Brooklyn Nets,Houston Rockets,0,0
22400710,2025-02-04 19:30:00,1610612739,1610612738,Regular Season,2025,0,Cleveland Cavaliers,Boston Celtics,0,0
22400714,2025-02-04 20:00:00,1610612741,1610612748,Regular Season,2025,1,Chicago Bulls,Miami Heat,0,0
22400715,2025-02-04 22:00:00,1610612746,1610612747,Regular Season,2025,0,Los Angeles Clippers,Los Angeles Lakers,0,0
22400716,2025-02-04 22:00:00,1610612757,1610612754,Regular Season,2025,1,Portland Trail Blazers,Indiana Pacers,0,0
22400719,2025-02-05 19:00:00,1610612737,1610612759,Regular Season,2025,0,Atlanta Hawks,San Antonio Spurs,0,0
22400718,2025-02-05 19:00:00,1610612765,1610612739,Regular Season,2025,0,Detroit Pistons,Cleveland Cavaliers,0,0
22400717,2025-02-05 19:00:00,1610612766,1610612749,Regular Season,2025,0,Charlotte Hornets,Milwaukee Bucks,0,0
22400722,2025-02-05 19:30:00,1610612761,1610612763,Regular Season,2025,0,Toronto Raptors,Memphis Grizzlies,0,0
22400721,2025-02-05 19:30:00,1610612755,1610612748,Regular Season,2025,0,Philadelphia 76ers,Miami Heat,0,0
22400720,2025-02-05 19:30:00,1610612751,1610612764,Regular Season,2025,0,Brooklyn Nets,Washington Wizards,0,0
22400723,2025-02-05 20:00:00,1610612750,1610612741,Regular Season,2025,1,Minnesota Timberwolves,Chicago Bulls,0,0
22400726,2025-02-05 21:00:00,1610612743,1610612740,Regular Season,2025,1,Denver Nuggets,New Orleans Pelicans,0,0
22400725,2025-02-05 21:00:00,1610612762,1610612744,Regular Season,2025,1,Utah Jazz,Golden State Warriors,0,0
22400724,2025-02-05 21:30:00,1610612760,1610612756,Regular Season,2025,1,Oklahoma City Thunder,Phoenix Suns,0,0
22400727,2025-02-05 22:00:00,1610612758,1610612753,Regular Season,2025,0,Sacramento Kings,Orlando Magic,0,0
22400728,2025-02-06 19:30:00,1610612738,1610612742,Regular Season,2025,0,Boston Celtics,Dallas Mavericks,0,0
22400729,2025-02-06 20:00:00,1610612750,1610612745,Regular Season,2025,1,Minnesota Timberwolves,Houston Rockets,0,0
22400730,2025-02-06 21:00:00,1610612743,1610612753,Regular Season,2025,1,Denver Nuggets,Orlando Magic,0,0
22400731,2025-02-06 22:00:00,1610612747,1610612744,Regular Season,2025,1,Los Angeles Lakers,Golden State Warriors,0,0
22400732,2025-02-06 22:00:00,1610612757,1610612758,Regular Season,2025,1,Portland Trail Blazers,Sacramento Kings,0,0
22400733,2025-02-06 22:30:00,1610612746,1610612754,Regular Season,2025,0,Los Angeles Clippers,Indiana Pacers,0,0
22400735,2025-02-07 19:00:00,1610612764,1610612739,Regular Season,2025,0,Washington Wizards,Cleveland Cavaliers,0,0
22400734,2025-02-07 19:00:00,1610612766,1610612759,Regular Season,2025,1,Charlotte Hornets,San Antonio Spurs,0,0
22400738,2025-02-07 19:30:00,1610612765,1610612755,Regular Season,2025,1,Detroit Pistons,Philadelphia 76ers,0,0
22400737,2025-02-07 19:30:00,1610612751,1610612748,Regular Season,2025,1,Brooklyn Nets,Miami Heat,0,0
22400736,2025-02-07 19:30:00,1610612737,1610612749,Regular Season,2025,1,Atlanta Hawks,Milwaukee Bucks,0,0
22400739,2025-02-07 20:00:00,1610612760,1610612761,Regular Season,2025,1,Oklahoma City Thunder,Toronto Raptors,0,0
22400740,2025-02-07 22:00:00,1610612756,1610612762,Regular Season,2025,1,Phoenix Suns,Utah Jazz,0,0
22400741,2025-02-08 15:00:00,1610612742,1610612745,Regular Season,2025,1,Dallas Mavericks,Houston Rockets,0,0
22400742,2025-02-08 16:00:00,1610612747,1610612754,Regular Season,2025,1,Los Angeles Lakers,Indiana Pacers,0,0
22400744,2025-02-08 19:00:00,1610612764,1610612737,Regular Season,2025,0,Washington Wizards,Atlanta Hawks,0,0
22400743,2025-02-08 19:00:00,1610612753,1610612759,Regular Season,2025,1,Orlando Magic,San Antonio Spurs,0,0
22400745,2025-02-08 20:00:00,1610612741,1610612744,Regular Season,2025,0,Chicago Bulls,Golden State Warriors,0,0
22400746,2025-02-08 20:00:00,1610612763,1610612760,Regular Season,2025,0,Memphis Grizzlies,Oklahoma City Thunder,0,0
22400747,2025-02-08 20:00:00,1610612750,1610612757,Regular Season,2025,1,Minnesota Timberwolves,Portland Trail Blazers,0,0
22400748,2025-02-08 20:30:00,1610612752,1610612738,Regular Season,2025,0,New York Knicks,Boston Celtics,0,0
22400749,2025-02-08 21:00:00,1610612756,1610612743,Regular Season,2025,0,Phoenix Suns,Denver Nuggets,0,0
22400750,2025-02-08 22:00:00,1610612758,1610612740,Regular Season,2025,1,Sacramento Kings,New Orleans Pelicans,0,0
22400751,2025-02-08 22:30:00,1610612746,1610612762,Regular Season,2025,1,Los Angeles Clippers,Utah Jazz,0,0
22400752,2025-02-09 13:00:00,1610612765,1610612766,Regular Season,2025,1,Detroit Pistons,Charlotte Hornets,0,0
22400754,2025-02-09 14:00:00,1610612749,1610612755,Regular Season,2025,1,Milwaukee Bucks,Philadelphia 76ers,0,0
22400753,2025-02-09 14:00:00,1610612745,1610612761,Regular Season,2025,1,Houston Rockets,Toronto Raptors,0,0
22400757,2025-02-10 19:00:00,1610612764,1610612759,Regular Season,2025,0,Washington Wizards,San Antonio Spurs,0,0
22400756,2025-02-10 19:00:00,1610612753,1610612737,Regular Season,2025,0,Orlando Magic,Atlanta Hawks,0,0
22400755,2025-02-10 19:00:00,1610612739,1610612750,Regular Season,2025,1,Cleveland Cavaliers,Minnesota Timberwolves,0,0
22400758,2025-02-10 19:30:00,1610612751,1610612766,Regular Season,2025,1,Brooklyn Nets,Charlotte Hornets,0,0
22400759,2025-02-10 19:30:00,1610612748,1610612738,Regular Season,2025,0,Miami Heat,Boston Celtics,0,0
22400761,2025-02-10 20:00:00,1610612760,1610612740,Regular Season,2025,1,Oklahoma City Thunder,New Orleans Pelicans,0,0
22400760,2025-02-10 20:00:00,1610612749,1610612744,Regular Season,2025,0,Milwaukee Bucks,Golden State Warriors,0,0
22400762,2025-02-10 20:30:00,1610612742,1610612758,Regular Season,2025,0,Dallas Mavericks,Sacramento Kings,0,0
22400763,2025-02-10 21:00:00,1610612743,1610612757,Regular Season,2025,1,Denver Nuggets,Portland Trail Blazers,0,0
22400768,2025-02-10 22:30:00,1610612747,1610612762,Regular Season,2025,1,Los Angeles Lakers,Utah Jazz,0,0
22400764,2025-02-11 19:00:00,1610612755,1610612761,Regular Season,2025,0,Philadelphia 76ers,Toronto Raptors,0,0
22400765,2025-02-11 19:30:00,1610612754,1610612752,Regular Season,2025,0,Indiana Pacers,New York Knicks,0,0
22400766,2025-02-11 20:00:00,1610612741,1610612765,Regular Season,2025,0,Chicago Bulls,Detroit Pistons,0,0
22400767,2025-02-11 22:00:00,1610612756,1610612763,Regular Season,2025,0,Phoenix Suns,Memphis Grizzlies,0,0
22400771,2025-02-12 19:00:00,1610612764,1610612754,Regular Season,2025,0,Washington Wizards,Indiana Pacers,0,0
22400770,2025-02-12 19:00:00,1610612753,1610612766,Regular Season,2025,1,Orlando Magic,Charlotte Hornets,0,0
22400769,2025-02-12 19:00:00,1610612738,1610612759,Regular Season,2025,1,Boston Celtics,San Antonio Spurs,0,0
22400772,2025-02-12 19:30:00,1610612751,1610612755,Regular Season,2025,1,Brooklyn Nets,Philadelphia 76ers,0,0
22400774,2025-02-12 19:30:00,1610612761,1610612739,Regular Season,2025,0,Toronto Raptors,Cleveland Cavaliers,0,0
22400773,2025-02-12 19:30:00,1610612752,1610612737,Regular Season,2025,1,New York Knicks,Atlanta Hawks,0,0
22400777,2025-02-12 20:00:00,1610612740,1610612758,Regular Season,2025,0,New Orleans Pelicans,Sacramento Kings,0,0
22400776,2025-02-12 20:00:00,1610612750,1610612749,Regular Season,2025,0,Minnesota Timberwolves,Milwaukee Bucks,0,0
22400775,2025-02-12 20:00:00,1610612741,1610612765,Regular Season,2025,0,Chicago Bulls,Detroit Pistons,0,0
22400778,2025-02-12 20:00:00,1610612760,1610612748,Regular Season,2025,1,Oklahoma City Thunder,Miami Heat,0,0
22400779,2025-02-12 20:30:00,1610612745,1610612756,Regular Season,2025,1,Houston Rockets,Phoenix Suns,0,0
22400781,2025-02-12 21:00:00,1610612762,1610612747,Regular Season,2025,1,Utah Jazz,Los Angeles Lakers,0,0
22400780,2025-02-12 21:00:00,1610612743,1610612757,Regular Season,2025,1,Denver Nuggets,Portland Trail Blazers,0,0
22400782,2025-02-12 21:30:00,1610612742,1610612744,Regular Season,2025,1,Dallas Mavericks,Golden State Warriors,0,0
22400783,2025-02-12 22:30:00,1610612746,1610612763,Regular Season,2025,1,Los Angeles Clippers,Memphis Grizzlies,0,0
22400785,2025-02-13 20:00:00,1610612740,1610612758,Regular Season,2025,1,New Orleans Pelicans,Sacramento Kings,0,0
22400784,2025-02-13 20:00:00,1610612745,1610612744,Regular Season,2025,0,Houston Rockets,Golden State Warriors,0,0
22400786,2025-02-13 20:30:00,1610612742,1610612748,Regular Season,2025,1,Dallas Mavericks,Miami Heat,0,0
22400787,2025-02-13 20:30:00,1610612750,1610612760,Regular Season,2025,1,Minnesota Timberwolves,Oklahoma City Thunder,0,0
22401004,2025-02-13 21:00:00,1610612762,1610612746,Regular Season,2025,0,Utah Jazz,Los Angeles Clippers,0,0
22400788,2025-02-20 19:00:00,1610612754,1610612763,Regular Season,2025,1,Indiana Pacers,Memphis Grizzlies,0,0
22400789,2025-02-20 19:00:00,1610612755,1610612738,Regular Season,2025,0,Philadelphia 76ers,Boston Celtics,0,0
22400791,2025-02-20 19:30:00,1610612751,1610612739,Regular Season,2025,0,Brooklyn Nets,Cleveland Cavaliers,0,0
22400792,2025-02-20 19:30:00,1610612752,1610612741,Regular Season,2025,1,New York Knicks,Chicago Bulls,0,0
22400790,2025-02-20 19:30:00,1610612737,1610612753,Regular Season,2025,0,Atlanta Hawks,Orlando Magic,0,0
22400793,2025-02-20 20:00:00,1610612749,1610612746,Regular Season,2025,1,Milwaukee Bucks,Los Angeles Clippers,0,0
22400794,2025-02-20 21:00:00,1610612743,1610612766,Regular Season,2025,1,Denver Nuggets,Charlotte Hornets,0,0
22400795,2025-02-20 21:30:00,1610612759,1610612756,Regular Season,2025,1,San Antonio Spurs,Phoenix Suns,0,0
22400796,2025-02-20 22:00:00,1610612757,1610612747,Regular Season,2025,0,Portland Trail Blazers,Los Angeles Lakers,0,0
22400799,2025-02-21 19:00:00,1610612764,1610612749,Regular Season,2025,0,Washington Wizards,Milwaukee Bucks,0,0
22400798,2025-02-21 19:00:00,1610612753,1610612763,Regular Season,2025,0,Orlando Magic,Memphis Grizzlies,0,0
22400797,2025-02-21 19:00:00,1610612739,1610612752,Regular Season,2025,1,Cleveland Cavaliers,New York Knicks,0,0
22400800,2025-02-21 19:30:00,1610612761,1610612748,Regular Season,2025,0,Toronto Raptors,Miami Heat,0,0
22400803,2025-02-21 20:30:00,1610612742,1610612740,Regular Season,2025,1,Dallas Mavericks,New Orleans Pelicans,0,0
22400802,2025-02-21 20:30:00,1610612759,1610612765,Regular Season,2025,0,San Antonio Spurs,Detroit Pistons,0,0
22400801,2025-02-21 21:30:00,1610612745,1610612750,Regular Season,2025,1,Houston Rockets,Minnesota Timberwolves,0,0
22400804,2025-02-21 21:30:00,1610612762,1610612760,Regular Season,2025,0,Utah Jazz,Oklahoma City Thunder,0,0
22400805,2025-02-21 22:00:00,1610612758,1610612744,Regular Season,2025,0,Sacramento Kings,Golden State Warriors,0,0
22400806,2025-02-22 17:00:00,1610612741,1610612756,Regular Season,2025,0,Chicago Bulls,Phoenix Suns,0,0
22400807,2025-02-22 19:30:00,1610612755,1610612751,Regular Season,2025,0,Philadelphia 76ers,Brooklyn Nets,0,0
22400808,2025-02-22 20:30:00,1610612743,1610612747,Regular Season,2025,0,Denver Nuggets,Los Angeles Lakers,0,0
22400809,2025-02-22 21:30:00,1610612762,1610612745,Regular Season,2025,1,Utah Jazz,Houston Rockets,0,0
22400810,2025-02-22 22:00:00,1610612757,1610612766,Regular Season,2025,1,Portland Trail Blazers,Charlotte Hornets,0,0
22400811,2025-02-23 13:00:00,1610612738,1610612752,Regular Season,2025,1,Boston Celtics,New York Knicks,0,0
22400812,2025-02-23 15:30:00,1610612744,1610612742,Regular Season,2025,1,Golden State Warriors,Dallas Mavericks,0,0
22400813,2025-02-23 17:00:00,1610612754,1610612746,Regular Season,2025,1,Indiana Pacers,Los Angeles Clippers,0,0
22400817,2025-02-23 18:00:00,1610612749,1610612748,Regular Season,2025,1,Milwaukee Bucks,Miami Heat,0,0
22400816,2025-02-23 18:00:00,1610612761,1610612756,Regular Season,2025,1,Toronto Raptors,Phoenix Suns,0,0
22400815,2025-02-23 18:00:00,1610612753,1610612764,Regular Season,2025,1,Orlando Magic,Washington Wizards,0,0
22400814,2025-02-23 18:00:00,1610612737,1610612765,Regular Season,2025,0,Atlanta Hawks,Detroit Pistons,0,0
22400818,2025-02-23 19:00:00,1610612740,1610612759,Regular Season,2025,1,New Orleans Pelicans,San Antonio Spurs,0,0
22400819,2025-02-23 19:00:00,1610612739,1610612763,Regular Season,2025,1,Cleveland Cavaliers,Memphis Grizzlies,0,0
22400820,2025-02-23 21:30:00,1610612750,1610612760,Regular Season,2025,0,Minnesota Timberwolves,Oklahoma City Thunder,0,0
22400823,2025-02-24 19:00:00,1610612755,1610612741,Regular Season,2025,0,Philadelphia 76ers,Chicago Bulls,0,0
22400822,2025-02-24 19:00:00,1610612754,1610612743,Regular Season,2025,0,Indiana Pacers,Denver Nuggets,0,0
22400821,2025-02-24 19:00:00,1610612765,1610612746,Regular Season,2025,1,Detroit Pistons,Los Angeles Clippers,0,0
22400824,2025-02-24 19:00:00,1610612764,1610612751,Regular Season,2025,1,Washington Wizards,Brooklyn Nets,0,0
22400825,2025-02-24 19:30:00,1610612737,1610612748,Regular Season,2025,1,Atlanta Hawks,Miami Heat,0,0
22400826,2025-02-24 20:00:00,1610612760,1610612750,Regular Season,2025,0,Oklahoma City Thunder,Minnesota Timberwolves,0,0
22400827,2025-02-24 21:00:00,1610612762,1610612757,Regular Season,2025,0,Utah Jazz,Portland Trail Blazers,0,0
22400828,2025-02-24 22:00:00,1610612758,1610612766,Regular Season,2025,1,Sacramento Kings,Charlotte Hornets,0,0
22400829,2025-02-25 19:00:00,1610612761,1610612738,Regular Season,2025,0,Toronto Raptors,Boston Celtics,0,0
22400830,2025-02-25 19:30:00,1610612753,1610612739,Regular Season,2025,0,Orlando Magic,Cleveland Cavaliers,0,0
22400833,2025-02-25 20:00:00,1610612740,1610612759,Regular Season,2025,1,New Orleans Pelicans,San Antonio Spurs,0,0
22400832,2025-02-25 20:00:00,1610612763,1610612756,Regular Season,2025,1,Memphis Grizzlies,Phoenix Suns,0,0
22400831,2025-02-25 20:00:00,1610612745,1610612749,Regular Season,2025,1,Houston Rockets,Milwaukee Bucks,0,0
22400834,2025-02-25 22:00:00,1610612744,1610612766,Regular Season,2025,1,Golden State Warriors,Charlotte Hornets,0,0
22400835,2025-02-25 22:00:00,1610612747,1610612742,Regular Season,2025,1,Los Angeles Lakers,Dallas Mavericks,0,0
22400839,2025-02-26 19:00:00,1610612764,1610612757,Regular Season,2025,0,Washington Wizards,Portland Trail Blazers,0,0
22400838,2025-02-26 19:00:00,1610612752,1610612755,Regular Season,2025,1,New York Knicks,Philadelphia 76ers,0,0
22400837,2025-02-26 19:00:00,1610612754,1610612761,Regular Season,2025,1,Indiana Pacers,Toronto Raptors,0,0
22400836,2025-02-26 19:00:00,1610612765,1610612738,Regular Season,2025,1,Detroit Pistons,Boston Celtics,0,0
22400841,2025-02-26 19:30:00,1610612748,1610612737,Regular Season,2025,1,Miami Heat,Atlanta Hawks,0,0
22400840,2025-02-26 19:30:00,1610612751,1610612760,Regular Season,2025,0,Brooklyn Nets,Oklahoma City Thunder,0,0
22400842,2025-02-26 20:00:00,1610612741,1610612746,Regular Season,2025,0,Chicago Bulls,Los Angeles Clippers,0,0
22400843,2025-02-26 21:00:00,1610612762,1610612758,Regular Season,2025,0,Utah Jazz,Sacramento Kings,0,0
22400844,2025-02-26 21:30:00,1610612745,1610612759,Regular Season,2025,1,Houston Rockets,San Antonio Spurs,0,0
22400845,2025-02-27 19:00:00,1610612753,1610612744,Regular Season,2025,0,Orlando Magic,Golden State Warriors,0,0
22400846,2025-02-27 20:00:00,1610612749,1610612743,Regular Season,2025,1,Milwaukee Bucks,Denver Nuggets,0,0
22400847,2025-02-27 20:30:00,1610612742,1610612766,Regular Season,2025,1,Dallas Mavericks,Charlotte Hornets,0,0
22400848,2025-02-27 21:00:00,1610612756,1610612740,Regular Season,2025,0,Phoenix Suns,New Orleans Pelicans,0,0
22400849,2025-02-27 22:30:00,1610612747,1610612750,Regular Season,2025,1,Los Angeles Lakers,Minnesota Timberwolves,0,0
22400850,2025-02-28 19:00:00,1610612765,1610612743,Regular Season,2025,0,Detroit Pistons,Denver Nuggets,0,0
22400851,2025-02-28 19:30:00,1610612737,1610612760,Regular Season,2025,0,Atlanta Hawks,Oklahoma City Thunder,0,0
22400853,2025-02-28 19:30:00,1610612751,1610612757,Regular Season,2025,0,Brooklyn Nets,Portland Trail Blazers,0,0
22400852,2025-02-28 19:30:00,1610612738,1610612739,Regular Season,2025,0,Boston Celtics,Cleveland Cavaliers,0,0
22400856,2025-02-28 20:00:00,1610612763,1610612752,Regular Season,2025,0,Memphis Grizzlies,New York Knicks,0,0
22400855,2025-02-28 20:00:00,1610612741,1610612761,Regular Season,2025,1,Chicago Bulls,Toronto Raptors,0,0
22400854,2025-02-28 20:00:00,1610612748,1610612754,Regular Season,2025,1,Miami Heat,Indiana Pacers,0,0
22400857,2025-02-28 21:00:00,1610612756,1610612740,Regular Season,2025,1,Phoenix Suns,New Orleans Pelicans,0,0
22400858,2025-02-28 21:30:00,1610612762,1610612750,Regular Season,2025,1,Utah Jazz,Minnesota Timberwolves,0,0
22400859,2025-02-28 22:00:00,1610612747,1610612746,Regular Season,2025,1,Los Angeles Lakers,Los Angeles Clippers,0,0
22400860,2025-03-01 18:00:00,1610612766,1610612764,Regular Season,2025,0,Charlotte Hornets,Washington Wizards,0,0
22400861,2025-03-01 19:00:00,1610612765,1610612751,Regular Season,2025,1,Detroit Pistons,Brooklyn Nets,0,0
22400863,2025-03-01 20:00:00,1610612763,1610612759,Regular Season,2025,0,Memphis Grizzlies,San Antonio Spurs,0,0
22400862,2025-03-01 20:00:00,1610612745,1610612758,Regular Season,2025,0,Houston Rockets,Sacramento Kings,0,0
22400864,2025-03-01 20:30:00,1610612755,1610612744,Regular Season,2025,1,Philadelphia 76ers,Golden State Warriors,0,0
22400865,2025-03-01 20:30:00,1610612742,1610612749,Regular Season,2025,0,Dallas Mavericks,Milwaukee Bucks,0,0
22400866,2025-03-02 13:00:00,1610612738,1610612743,Regular Season,2025,1,Boston Celtics,Denver Nuggets,0,0
22400867,2025-03-02 15:30:00,1610612739,1610612757,Regular Season,2025,1,Cleveland Cavaliers,Portland Trail Blazers,0,0
22400868,2025-03-02 17:00:00,1610612754,1610612741,Regular Season,2025,1,Indiana Pacers,Chicago Bulls,0,0
22400870,2025-03-02 18:00:00,1610612753,1610612761,Regular Season,2025,0,Orlando Magic,Toronto Raptors,0,0
22400869,2025-03-02 18:00:00,1610612748,1610612752,Regular Season,2025,0,Miami Heat,New York Knicks,0,0
22400871,2025-03-02 19:00:00,1610612759,1610612760,Regular Season,2025,0,San Antonio Spurs,Oklahoma City Thunder,0,0
22400872,2025-03-02 20:00:00,1610612762,1610612740,Regular Season,2025,0,Utah Jazz,New Orleans Pelicans,0,0
22400874,2025-03-02 21:30:00,1610612747,1610612746,Regular Season,2025,1,Los Angeles Lakers,Los Angeles Clippers,0,0
22400873,2025-03-02 21:30:00,1610612756,1610612750,Regular Season,2025,0,Phoenix Suns,Minnesota Timberwolves,0,0
22400876,2025-03-03 19:00:00,1610612755,1610612757,Regular Season,2025,0,Philadelphia 76ers,Portland Trail Blazers,0,0
22400875,2025-03-03 19:00:00,1610612766,1610612744,Regular Season,2025,0,Charlotte Hornets,Golden State Warriors,0,0
22400877,2025-03-03 19:30:00,1610612748,1610612764,Regular Season,2025,1,Miami Heat,Washington Wizards,0,0
22400879,2025-03-03 20:00:00,1610612760,1610612745,Regular Season,2025,1,Oklahoma City Thunder,Houston Rockets,0,0
22400878,2025-03-03 20:00:00,1610612763,1610612737,Regular Season,2025,0,Memphis Grizzlies,Atlanta Hawks,0,0
22400880,2025-03-03 20:30:00,1610612742,1610612758,Regular Season,2025,0,Dallas Mavericks,Sacramento Kings,0,0
22400881,2025-03-03 21:00:00,1610612762,1610612765,Regular Season,2025,0,Utah Jazz,Detroit Pistons,0,0
22400883,2025-03-04 19:00:00,1610612753,1610612761,Regular Season,2025,0,Orlando Magic,Toronto Raptors,0,0
22400882,2025-03-04 19:00:00,1610612754,1610612745,Regular Season,2025,1,Indiana Pacers,Houston Rockets,0,0
22400885,2025-03-04 19:30:00,1610612752,1610612744,Regular Season,2025,0,New York Knicks,Golden State Warriors,0,0
22400884,2025-03-04 19:30:00,1610612737,1610612749,Regular Season,2025,0,Atlanta Hawks,Milwaukee Bucks,0,0
22400887,2025-03-04 20:00:00,1610612750,1610612755,Regular Season,2025,1,Minnesota Timberwolves,Philadelphia 76ers,0,0
22400886,2025-03-04 20:00:00,1610612741,1610612739,Regular Season,2025,0,Chicago Bulls,Cleveland Cavaliers,0,0
22400888,2025-03-04 20:30:00,1610612759,1610612751,Regular Season,2025,1,San Antonio Spurs,Brooklyn Nets,0,0
22400889,2025-03-04 22:00:00,1610612756,1610612746,Regular Season,2025,1,Phoenix Suns,Los Angeles Clippers,0,0
22400890,2025-03-04 22:30:00,1610612747,1610612740,Regular Season,2025,1,Los Angeles Lakers,New Orleans Pelicans,0,0
22400894,2025-03-05 19:00:00,1610612764,1610612762,Regular Season,2025,1,Washington Wizards,Utah Jazz,0,0
22400893,2025-03-05 19:00:00,1610612739,1610612748,Regular Season,2025,1,Cleveland Cavaliers,Miami Heat,0,0
22400892,2025-03-05 19:00:00,1610612766,1610612750,Regular Season,2025,0,Charlotte Hornets,Minnesota Timberwolves,0,0
22400891,2025-03-05 19:00:00,1610612738,1610612757,Regular Season,2025,1,Boston Celtics,Portland Trail Blazers,0,0
22400897,2025-03-05 20:00:00,1610612749,1610612742,Regular Season,2025,1,Milwaukee Bucks,Dallas Mavericks,0,0
22400896,2025-03-05 21:00:00,1610612743,1610612758,Regular Season,2025,1,Denver Nuggets,Sacramento Kings,0,0
22400895,2025-03-05 21:30:00,1610612763,1610612760,Regular Season,2025,0,Memphis Grizzlies,Oklahoma City Thunder,0,0
22400898,2025-03-05 22:30:00,1610612746,1610612765,Regular Season,2025,1,Los Angeles Clippers,Detroit Pistons,0,0
22400944,2025-03-06 19:00:00,1610612753,1610612741,Regular Season,2025,0,Orlando Magic,Chicago Bulls,0,0
22400901,2025-03-06 19:30:00,1610612751,1610612744,Regular Season,2025,0,Brooklyn Nets,Golden State Warriors,0,0
22400900,2025-03-06 19:30:00,1610612738,1610612755,Regular Season,2025,1,Boston Celtics,Philadelphia 76ers,0,0
22400899,2025-03-06 19:30:00,1610612737,1610612754,Regular Season,2025,1,Atlanta Hawks,Indiana Pacers,0,0
22400902,2025-03-06 20:00:00,1610612740,1610612745,Regular Season,2025,0,New Orleans Pelicans,Houston Rockets,0,0
22400903,2025-03-06 22:00:00,1610612747,1610612752,Regular Season,2025,1,Los Angeles Lakers,New York Knicks,0,0
22400904,2025-03-07 19:00:00,1610612766,1610612739,Regular Season,2025,0,Charlotte Hornets,Cleveland Cavaliers,0,0
22400906,2025-03-07 19:30:00,1610612742,1610612763,Regular Season,2025,0,Dallas Mavericks,Memphis Grizzlies,0,0
22400905,2025-03-07 19:30:00,1610612761,1610612762,Regular Season,2025,1,Toronto Raptors,Utah Jazz,0,0
22400908,2025-03-07 20:00:00,1610612760,1610612757,Regular Season,2025,1,Oklahoma City Thunder,Portland Trail Blazers,0,0
22400907,2025-03-07 20:00:00,1610612748,1610612750,Regular Season,2025,0,Miami Heat,Minnesota Timberwolves,0,0
22400909,2025-03-07 22:00:00,1610612743,1610612756,Regular Season,2025,1,Denver Nuggets,Phoenix Suns,0,0
22400910,2025-03-07 22:00:00,1610612758,1610612759,Regular Season,2025,1,Sacramento Kings,San Antonio Spurs,0,0
22400911,2025-03-07 22:30:00,1610612746,1610612752,Regular Season,2025,1,Los Angeles Clippers,New York Knicks,0,0
22400912,2025-03-08 18:00:00,1610612766,1610612751,Regular Season,2025,1,Charlotte Hornets,Brooklyn Nets,0,0
22400913,2025-03-08 19:00:00,1610612745,1610612740,Regular Season,2025,1,Houston Rockets,New Orleans Pelicans,0,0
22400914,2025-03-08 19:30:00,1610612737,1610612754,Regular Season,2025,1,Atlanta Hawks,Indiana Pacers,0,0
22400915,2025-03-08 19:30:00,1610612761,1610612764,Regular Season,2025,0,Toronto Raptors,Washington Wizards,0,0
22400916,2025-03-08 20:00:00,1610612748,1610612741,Regular Season,2025,0,Miami Heat,Chicago Bulls,0,0
22400917,2025-03-08 20:00:00,1610612749,1610612753,Regular Season,2025,0,Milwaukee Bucks,Orlando Magic,0,0
22400918,2025-03-08 20:30:00,1610612738,1610612747,Regular Season,2025,1,Boston Celtics,Los Angeles Lakers,0,0
22400919,2025-03-08 20:30:00,1610612744,1610612765,Regular Season,2025,1,Golden State Warriors,Detroit Pistons,0,0
22400920,2025-03-09 13:00:00,1610612760,1610612743,Regular Season,2025,1,Oklahoma City Thunder,Denver Nuggets,0,0
22400921,2025-03-09 15:30:00,1610612742,1610612756,Regular Season,2025,0,Dallas Mavericks,Phoenix Suns,0,0
22400923,2025-03-09 19:00:00,1610612740,1610612763,Regular Season,2025,0,New Orleans Pelicans,Memphis Grizzlies,0,0
22400924,2025-03-09 19:30:00,1610612755,1610612762,Regular Season,2025,1,Philadelphia 76ers,Utah Jazz,0,0
22400925,2025-03-09 20:00:00,1610612750,1610612759,Regular Season,2025,1,Minnesota Timberwolves,San Antonio Spurs,0,0
22400922,2025-03-09 20:00:00,1610612749,1610612739,Regular Season,2025,0,Milwaukee Bucks,Cleveland Cavaliers,0,0
22400926,2025-03-09 21:00:00,1610612757,1610612765,Regular Season,2025,0,Portland Trail Blazers,Detroit Pistons,0,0
22400927,2025-03-09 21:30:00,1610612746,1610612758,Regular Season,2025,1,Los Angeles Clippers,Sacramento Kings,0,0
22400930,2025-03-10 19:30:00,1610612751,1610612747,Regular Season,2025,1,Brooklyn Nets,Los Angeles Lakers,0,0
22400928,2025-03-10 19:30:00,1610612737,1610612755,Regular Season,2025,1,Atlanta Hawks,Philadelphia 76ers,0,0
22400932,2025-03-10 19:30:00,1610612761,1610612764,Regular Season,2025,1,Toronto Raptors,Washington Wizards,0,0
22400931,2025-03-10 19:30:00,1610612748,1610612766,Regular Season,2025,0,Miami Heat,Charlotte Hornets,0,0
22400929,2025-03-10 19:30:00,1610612738,1610612762,Regular Season,2025,1,Boston Celtics,Utah Jazz,0,0
22400936,2025-03-10 20:00:00,1610612760,1610612743,Regular Season,2025,0,Oklahoma City Thunder,Denver Nuggets,0,0
22400935,2025-03-10 20:00:00,1610612763,1610612756,Regular Season,2025,1,Memphis Grizzlies,Phoenix Suns,0,0
22400934,2025-03-10 20:00:00,1610612745,1610612753,Regular Season,2025,1,Houston Rockets,Orlando Magic,0,0
22400933,2025-03-10 20:00:00,1610612741,1610612754,Regular Season,2025,1,Chicago Bulls,Indiana Pacers,0,0
22400937,2025-03-10 20:30:00,1610612759,1610612742,Regular Season,2025,0,San Antonio Spurs,Dallas Mavericks,0,0
22400938,2025-03-10 22:00:00,1610612744,1610612757,Regular Season,2025,1,Golden State Warriors,Portland Trail Blazers,0,0
22400939,2025-03-10 22:30:00,1610612758,1610612752,Regular Season,2025,0,Sacramento Kings,New York Knicks,0,0
22400941,2025-03-11 19:00:00,1610612765,1610612764,Regular Season,2025,1,Detroit Pistons,Washington Wizards,0,0
22400940,2025-03-11 19:00:00,1610612739,1610612751,Regular Season,2025,1,Cleveland Cavaliers,Brooklyn Nets,0,0
22400942,2025-03-11 19:30:00,1610612754,1610612749,Regular Season,2025,1,Indiana Pacers,Milwaukee Bucks,0,0
22400943,2025-03-11 20:00:00,1610612740,1610612746,Regular Season,2025,1,New Orleans Pelicans,Los Angeles Clippers,0,0
22400945,2025-03-12 19:30:00,1610612737,1610612766,Regular Season,2025,1,Atlanta Hawks,Charlotte Hornets,0,0
22400946,2025-03-12 19:30:00,1610612738,1610612760,Regular Season,2025,0,Boston Celtics,Oklahoma City Thunder,0,0
22400947,2025-03-12 19:30:00,1610612761,1610612755,Regular Season,2025,1,Toronto Raptors,Philadelphia 76ers,0,0
22400948,2025-03-12 20:00:00,1610612748,1610612746,Regular Season,2025,0,Miami Heat,Los Angeles Clippers,0,0
22400951,2025-03-12 20:00:00,1610612759,1610612742,Regular Season,2025,1,San Antonio Spurs,Dallas Mavericks,0,0
22400950,2025-03-12 20:00:00,1610612763,1610612762,Regular Season,2025,1,Memphis Grizzlies,Utah Jazz,0,0
22400949,2025-03-12 20:00:00,1610612745,1610612756,Regular Season,2025,1,Houston Rockets,Phoenix Suns,0,0
22400953,2025-03-12 22:00:00,1610612757,1610612752,Regular Season,2025,0,Portland Trail Blazers,New York Knicks,0,0
22400952,2025-03-12 22:00:00,1610612743,1610612750,Regular Season,2025,0,Denver Nuggets,Minnesota Timberwolves,0,0
22400954,2025-03-13 19:00:00,1610612765,1610612764,Regular Season,2025,0,Detroit Pistons,Washington Wizards,0,0
22400955,2025-03-13 19:30:00,1610612749,1610612747,Regular Season,2025,1,Milwaukee Bucks,Los Angeles Lakers,0,0
22401141,2025-03-13 20:00:00,1610612740,1610612753,Regular Season,2025,0,New Orleans Pelicans,Orlando Magic,0,0
22400956,2025-03-13 20:00:00,1610612741,1610612751,Regular Season,2025,1,Chicago Bulls,Brooklyn Nets,0,0
22400957,2025-03-13 22:00:00,1610612744,1610612758,Regular Season,2025,1,Golden State Warriors,Sacramento Kings,0,0
22400959,2025-03-14 19:00:00,1610612755,1610612754,Regular Season,2025,0,Philadelphia 76ers,Indiana Pacers,0,0
22400958,2025-03-14 19:00:00,1610612748,1610612738,Regular Season,2025,0,Miami Heat,Boston Celtics,0,0
22400960,2025-03-14 19:30:00,1610612737,1610612746,Regular Season,2025,0,Atlanta Hawks,Los Angeles Clippers,0,0
22400963,2025-03-14 20:00:00,1610612750,1610612753,Regular Season,2025,1,Minnesota Timberwolves,Orlando Magic,0,0
22400962,2025-03-14 20:00:00,1610612763,1610612739,Regular Season,2025,0,Memphis Grizzlies,Cleveland Cavaliers,0,0
22400961,2025-03-14 20:00:00,1610612745,1610612742,Regular Season,2025,1,Houston Rockets,Dallas Mavericks,0,0
22400964,2025-03-14 20:00:00,1610612759,1610612766,Regular Season,2025,0,San Antonio Spurs,Charlotte Hornets,0,0
22400966,2025-03-14 21:30:00,1610612762,1610612761,Regular Season,2025,0,Utah Jazz,Toronto Raptors,0,0
22400965,2025-03-14 21:30:00,1610612743,1610612747,Regular Season,2025,1,Denver Nuggets,Los Angeles Lakers,0,0
22400967,2025-03-14 22:00:00,1610612756,1610612758,Regular Season,2025,1,Phoenix Suns,Sacramento Kings,0,0
22400968,2025-03-15 18:00:00,1610612751,1610612738,Regular Season,2025,0,Brooklyn Nets,Boston Celtics,0,0
22400969,2025-03-15 19:00:00,1610612765,1610612760,Regular Season,2025,0,Detroit Pistons,Oklahoma City Thunder,0,0
22400972,2025-03-15 20:00:00,1610612749,1610612754,Regular Season,2025,1,Milwaukee Bucks,Indiana Pacers,0,0
22400971,2025-03-15 20:00:00,1610612763,1610612748,Regular Season,2025,1,Memphis Grizzlies,Miami Heat,0,0
22400970,2025-03-15 20:00:00,1610612745,1610612741,Regular Season,2025,1,Houston Rockets,Chicago Bulls,0,0
22400973,2025-03-15 20:30:00,1610612759,1610612740,Regular Season,2025,1,San Antonio Spurs,New Orleans Pelicans,0,0
22400974,2025-03-15 20:30:00,1610612744,1610612752,Regular Season,2025,1,Golden State Warriors,New York Knicks,0,0
22400975,2025-03-15 21:00:00,1610612743,1610612764,Regular Season,2025,0,Denver Nuggets,Washington Wizards,0,0
22400976,2025-03-16 13:00:00,1610612742,1610612755,Regular Season,2025,0,Dallas Mavericks,Philadelphia 76ers,0,0
22400979,2025-03-16 13:00:00,1610612739,1610612753,Regular Season,2025,0,Cleveland Cavaliers,Orlando Magic,0,0
22400977,2025-03-16 15:30:00,1610612747,1610612756,Regular Season,2025,1,Los Angeles Lakers,Phoenix Suns,0,0
22400980,2025-03-16 18:00:00,1610612757,1610612761,Regular Season,2025,1,Portland Trail Blazers,Toronto Raptors,0,0
22400978,2025-03-16 18:00:00,1610612751,1610612737,Regular Season,2025,1,Brooklyn Nets,Atlanta Hawks,0,0
22400981,2025-03-16 19:00:00,1610612750,1610612762,Regular Season,2025,1,Minnesota Timberwolves,Utah Jazz,0,0
22400982,2025-03-16 21:00:00,1610612749,1610612760,Regular Season,2025,0,Milwaukee Bucks,Oklahoma City Thunder,0,0
22400984,2025-03-17 19:30:00,1610612752,1610612748,Regular Season,2025,1,New York Knicks,Miami Heat,0,0
22400987,2025-03-17 20:00:00,1610612740,1610612765,Regular Season,2025,0,New Orleans Pelicans,Detroit Pistons,0,0
22400986,2025-03-17 20:00:00,1610612750,1610612754,Regular Season,2025,0,Minnesota Timberwolves,Indiana Pacers,0,0
22400985,2025-03-17 20:00:00,1610612745,1610612755,Regular Season,2025,1,Houston Rockets,Philadelphia 76ers,0,0
22400989,2025-03-17 21:00:00,1610612762,1610612741,Regular Season,2025,0,Utah Jazz,Chicago Bulls,0,0
22400990,2025-03-17 22:00:00,1610612744,1610612743,Regular Season,2025,0,Golden State Warriors,Denver Nuggets,0,0
22400995,2025-03-17 22:00:00,1610612757,1610612764,Regular Season,2025,1,Portland Trail Blazers,Washington Wizards,0,0
22400992,2025-03-17 22:00:00,1610612758,1610612763,Regular Season,2025,1,Sacramento Kings,Memphis Grizzlies,0,0
22400991,2025-03-17 22:00:00,1610612756,1610612761,Regular Season,2025,1,Phoenix Suns,Toronto Raptors,0,0
22400993,2025-03-18 19:00:00,1610612766,1610612737,Regular Season,2025,0,Charlotte Hornets,Atlanta Hawks,0,0
22400994,2025-03-18 19:30:00,1610612738,1610612751,Regular Season,2025,1,Boston Celtics,Brooklyn Nets,0,0
22401012,2025-03-18 22:00:00,1610612744,1610612749,Regular Season,2025,1,Golden State Warriors,Milwaukee Bucks,0,0
22400997,2025-03-18 22:30:00,1610612746,1610612739,Regular Season,2025,1,Los Angeles Clippers,Cleveland Cavaliers,0,0
22400999,2025-03-19 19:00:00,1610612753,1610612745,Regular Season,2025,0,Orlando Magic,Houston Rockets,0,0
22400998,2025-03-19 19:00:00,1610612754,1610612742,Regular Season,2025,1,Indiana Pacers,Dallas Mavericks,0,0
22401000,2025-03-19 19:30:00,1610612748,1610612765,Regular Season,2025,0,Miami Heat,Detroit Pistons,0,0
22401003,2025-03-19 20:00:00,1610612759,1610612752,Regular Season,2025,1,San Antonio Spurs,New York Knicks,0,0
22401002,2025-03-19 20:00:00,1610612760,1610612755,Regular Season,2025,1,Oklahoma City Thunder,Philadelphia 76ers,0,0
22401001,2025-03-19 20:00:00,1610612750,1610612740,Regular Season,2025,0,Minnesota Timberwolves,New Orleans Pelicans,0,0
22401006,2025-03-19 22:00:00,1610612747,1610612743,Regular Season,2025,1,Los Angeles Lakers,Denver Nuggets,0,0
22401007,2025-03-19 22:00:00,1610612756,1610612741,Regular Season,2025,1,Phoenix Suns,Chicago Bulls,0,0
22401009,2025-03-19 22:00:00,1610612758,1610612739,Regular Season,2025,1,Sacramento Kings,Cleveland Cavaliers,0,0
22401008,2025-03-19 22:00:00,1610612757,1610612763,Regular Season,2025,1,Portland Trail Blazers,Memphis Grizzlies,0,0
22401011,2025-03-20 19:00:00,1610612754,1610612751,Regular Season,2025,1,Indiana Pacers,Brooklyn Nets,0,0
22401010,2025-03-20 19:00:00,1610612766,1610612752,Regular Season,2025,1,Charlotte Hornets,New York Knicks,0,0
22401013,2025-03-20 22:00:00,1610612758,1610612741,Regular Season,2025,0,Sacramento Kings,Chicago Bulls,0,0
22401005,2025-03-20 22:00:00,1610612744,1610612761,Regular Season,2025,1,Golden State Warriors,Toronto Raptors,0,0
22400996,2025-03-20 22:30:00,1610612747,1610612749,Regular Season,2025,0,Los Angeles Lakers,Milwaukee Bucks,0,0
22401014,2025-03-21 19:00:00,1610612764,1610612753,Regular Season,2025,0,Washington Wizards,Orlando Magic,0,0
22401018,2025-03-21 20:00:00,1610612759,1610612755,Regular Season,2025,1,San Antonio Spurs,Philadelphia 76ers,0,0
22401017,2025-03-21 20:00:00,1610612760,1610612766,Regular Season,2025,1,Oklahoma City Thunder,Charlotte Hornets,0,0
22401016,2025-03-21 20:00:00,1610612750,1610612740,Regular Season,2025,1,Minnesota Timberwolves,New Orleans Pelicans,0,0
22401015,2025-03-21 20:00:00,1610612748,1610612745,Regular Season,2025,0,Miami Heat,Houston Rockets,0,0
22401019,2025-03-21 20:30:00,1610612742,1610612765,Regular Season,2025,1,Dallas Mavericks,Detroit Pistons,0,0
22401020,2025-03-21 21:30:00,1610612762,1610612738,Regular Season,2025,0,Utah Jazz,Boston Celtics,0,0
22401021,2025-03-21 22:00:00,1610612756,1610612739,Regular Season,2025,1,Phoenix Suns,Cleveland Cavaliers,0,0
22401022,2025-03-21 22:00:00,1610612757,1610612743,Regular Season,2025,1,Portland Trail Blazers,Denver Nuggets,0,0
22401023,2025-03-21 22:30:00,1610612746,1610612763,Regular Season,2025,1,Los Angeles Clippers,Memphis Grizzlies,0,0
22401024,2025-03-22 17:00:00,1610612754,1610612751,Regular Season,2025,1,Indiana Pacers,Brooklyn Nets,0,0
22401025,2025-03-22 19:00:00,1610612737,1610612744,Regular Season,2025,1,Atlanta Hawks,Golden State Warriors,0,0
22401026,2025-03-22 20:00:00,1610612752,1610612764,Regular Season,2025,1,New York Knicks,Washington Wizards,0,0
22401027,2025-03-22 22:00:00,1610612758,1610612749,Regular Season,2025,0,Sacramento Kings,Milwaukee Bucks,0,0
22401028,2025-03-22 22:30:00,1610612747,1610612741,Regular Season,2025,0,Los Angeles Lakers,Chicago Bulls,0,0
22401029,2025-03-23 15:00:00,1610612765,1610612740,Regular Season,2025,1,Detroit Pistons,New Orleans Pelicans,0,0
22401030,2025-03-23 15:30:00,1610612762,1610612739,Regular Season,2025,0,Utah Jazz,Cleveland Cavaliers,0,0
22401034,2025-03-23 18:00:00,1610612757,1610612738,Regular Season,2025,0,Portland Trail Blazers,Boston Celtics,0,0
22401033,2025-03-23 18:00:00,1610612761,1610612759,Regular Season,2025,0,Toronto Raptors,San Antonio Spurs,0,0
22401032,2025-03-23 18:00:00,1610612748,1610612766,Regular Season,2025,1,Miami Heat,Charlotte Hornets,0,0
22401031,2025-03-23 18:00:00,1610612737,1610612755,Regular Season,2025,1,Atlanta Hawks,Philadelphia 76ers,0,0
22401035,2025-03-23 19:00:00,1610612745,1610612743,Regular Season,2025,0,Houston Rockets,Denver Nuggets,0,0
22401036,2025-03-23 21:00:00,1610612746,1610612760,Regular Season,2025,0,Los Angeles Clippers,Oklahoma City Thunder,0,0
22401037,2025-03-24 19:00:00,1610612754,1610612750,Regular Season,2025,1,Indiana Pacers,Minnesota Timberwolves,0,0
22401038,2025-03-24 19:00:00,1610612753,1610612747,Regular Season,2025,1,Orlando Magic,Los Angeles Lakers,0,0
22401039,2025-03-24 19:00:00,1610612764,1610612761,Regular Season,2025,0,Washington Wizards,Toronto Raptors,0,0
22401040,2025-03-24 19:30:00,1610612751,1610612742,Regular Season,2025,0,Brooklyn Nets,Dallas Mavericks,0,0
22401041,2025-03-24 20:00:00,1610612740,1610612755,Regular Season,2025,1,New Orleans Pelicans,Philadelphia 76ers,0,0
22401042,2025-03-24 21:00:00,1610612743,1610612741,Regular Season,2025,0,Denver Nuggets,Chicago Bulls,0,0
22401043,2025-03-24 22:00:00,1610612756,1610612749,Regular Season,2025,1,Phoenix Suns,Milwaukee Bucks,0,0
22401044,2025-03-24 22:00:00,1610612758,1610612738,Regular Season,2025,0,Sacramento Kings,Boston Celtics,0,0
22401045,2025-03-25 19:00:00,1610612766,1610612753,Regular Season,2025,0,Charlotte Hornets,Orlando Magic,0,0
22401046,2025-03-25 19:00:00,1610612765,1610612759,Regular Season,2025,1,Detroit Pistons,San Antonio Spurs,0,0
22401048,2025-03-25 19:30:00,1610612752,1610612742,Regular Season,2025,1,New York Knicks,Dallas Mavericks,0,0
22401047,2025-03-25 19:30:00,1610612748,1610612744,Regular Season,2025,1,Miami Heat,Golden State Warriors,0,0
22401049,2025-03-25 20:00:00,1610612745,1610612737,Regular Season,2025,1,Houston Rockets,Atlanta Hawks,0,0
22401050,2025-03-25 21:00:00,1610612762,1610612763,Regular Season,2025,0,Utah Jazz,Memphis Grizzlies,0,0
22401052,2025-03-25 22:00:00,1610612758,1610612760,Regular Season,2025,0,Sacramento Kings,Oklahoma City Thunder,0,0
22401051,2025-03-25 22:00:00,1610612757,1610612739,Regular Season,2025,0,Portland Trail Blazers,Cleveland Cavaliers,0,0
22401053,2025-03-26 19:00:00,1610612755,1610612764,Regular Season,2025,0,Philadelphia 76ers,Washington Wizards,0,0
22401056,2025-03-26 19:30:00,1610612752,1610612746,Regular Season,2025,0,New York Knicks,Los Angeles Clippers,0,0
22401055,2025-03-26 19:30:00,1610612754,1610612747,Regular Season,2025,0,Indiana Pacers,Los Angeles Lakers,0,0
22401054,2025-03-26 19:30:00,1610612751,1610612761,Regular Season,2025,0,Brooklyn Nets,Toronto Raptors,0,0
22401057,2025-03-26 21:00:00,1610612743,1610612749,Regular Season,2025,1,Denver Nuggets,Milwaukee Bucks,0,0
22401058,2025-03-26 22:00:00,1610612756,1610612738,Regular Season,2025,0,Phoenix Suns,Boston Celtics,0,0
22401061,2025-03-27 19:00:00,1610612764,1610612754,Regular Season,2025,0,Washington Wizards,Indiana Pacers,0,0
22401060,2025-03-27 19:00:00,1610612753,1610612742,Regular Season,2025,0,Orlando Magic,Dallas Mavericks,0,0
22401059,2025-03-27 19:00:00,1610612739,1610612759,Regular Season,2025,1,Cleveland Cavaliers,San Antonio Spurs,0,0
22401062,2025-03-27 19:30:00,1610612748,1610612737,Regular Season,2025,1,Miami Heat,Atlanta Hawks,0,0
22401064,2025-03-27 20:00:00,1610612760,1610612763,Regular Season,2025,1,Oklahoma City Thunder,Memphis Grizzlies,0,0
22401063,2025-03-27 20:00:00,1610612741,1610612747,Regular Season,2025,1,Chicago Bulls,Los Angeles Lakers,0,0
22401065,2025-03-27 21:00:00,1610612762,1610612745,Regular Season,2025,0,Utah Jazz,Houston Rockets,0,0
22401066,2025-03-27 22:00:00,1610612758,1610612757,Regular Season,2025,1,Sacramento Kings,Portland Trail Blazers,0,0
22401067,2025-03-28 19:00:00,1610612765,1610612739,Regular Season,2025,1,Detroit Pistons,Cleveland Cavaliers,0,0
22401069,2025-03-28 19:30:00,1610612761,1610612766,Regular Season,2025,1,Toronto Raptors,Charlotte Hornets,0,0
22401068,2025-03-28 19:30:00,1610612751,1610612746,Regular Season,2025,0,Brooklyn Nets,Los Angeles Clippers,0,0
22401070,2025-03-28 20:00:00,1610612749,1610612752,Regular Season,2025,0,Milwaukee Bucks,New York Knicks,0,0
22401072,2025-03-28 20:00:00,1610612740,1610612744,Regular Season,2025,0,New Orleans Pelicans,Golden State Warriors,0,0
22401071,2025-03-28 20:00:00,1610612750,1610612756,Regular Season,2025,1,Minnesota Timberwolves,Phoenix Suns,0,0
22401073,2025-03-28 21:00:00,1610612743,1610612762,Regular Season,2025,1,Denver Nuggets,Utah Jazz,0,0
22401074,2025-03-29 17:00:00,1610612753,1610612758,Regular Season,2025,1,Orlando Magic,Sacramento Kings,0,0
22401075,2025-03-29 19:00:00,1610612764,1610612751,Regular Season,2025,0,Washington Wizards,Brooklyn Nets,0,0
22401076,2025-03-29 19:30:00,1610612755,1610612748,Regular Season,2025,0,Philadelphia 76ers,Miami Heat,0,0
22401080,2025-03-29 20:00:00,1610612759,1610612738,Regular Season,2025,0,San Antonio Spurs,Boston Celtics,0,0
22401079,2025-03-29 20:00:00,1610612760,1610612754,Regular Season,2025,1,Oklahoma City Thunder,Indiana Pacers,0,0
22401078,2025-03-29 20:00:00,1610612763,1610612747,Regular Season,2025,0,Memphis Grizzlies,Los Angeles Lakers,0,0
22401077,2025-03-29 20:00:00,1610612741,1610612742,Regular Season,2025,0,Chicago Bulls,Dallas Mavericks,0,0
22401081,2025-03-30 15:30:00,1610612739,1610612746,Regular Season,2025,1,Cleveland Cavaliers,Los Angeles Clippers,0,0
22401082,2025-03-30 18:00:00,1610612752,1610612757,Regular Season,2025,1,New York Knicks,Portland Trail Blazers,0,0
22401084,2025-03-30 19:00:00,1610612750,1610612765,Regular Season,2025,1,Minnesota Timberwolves,Detroit Pistons,0,0
22401083,2025-03-30 19:00:00,1610612749,1610612737,Regular Season,2025,0,Milwaukee Bucks,Atlanta Hawks,0,0
22401086,2025-03-30 19:00:00,1610612759,1610612744,Regular Season,2025,0,San Antonio Spurs,Golden State Warriors,0,0
22401085,2025-03-30 19:00:00,1610612740,1610612766,Regular Season,2025,1,New Orleans Pelicans,Charlotte Hornets,0,0
22401087,2025-03-30 19:30:00,1610612755,1610612761,Regular Season,2025,0,Philadelphia 76ers,Toronto Raptors,0,0
22401088,2025-03-30 21:00:00,1610612756,1610612745,Regular Season,2025,0,Phoenix Suns,Houston Rockets,0,0
22401092,2025-03-31 19:00:00,1610612764,1610612748,Regular Season,2025,0,Washington Wizards,Miami Heat,0,0
22401091,2025-03-31 19:00:00,1610612753,1610612746,Regular Season,2025,0,Orlando Magic,Los Angeles Clippers,0,0
22401090,2025-03-31 19:00:00,1610612754,1610612758,Regular Season,2025,1,Indiana Pacers,Sacramento Kings,0,0
22401089,2025-03-31 19:00:00,1610612766,1610612762,Regular Season,2025,1,Charlotte Hornets,Utah Jazz,0,0
22401093,2025-03-31 19:30:00,1610612763,1610612738,Regular Season,2025,0,Memphis Grizzlies,Boston Celtics,0,0
22401094,2025-03-31 20:00:00,1610612760,1610612741,Regular Season,2025,1,Oklahoma City Thunder,Chicago Bulls,0,0
22401095,2025-03-31 20:30:00,1610612742,1610612751,Regular Season,2025,0,Dallas Mavericks,Brooklyn Nets,0,0
22401096,2025-03-31 22:00:00,1610612747,1610612745,Regular Season,2025,1,Los Angeles Lakers,Houston Rockets,0,0
22401101,2025-04-01 19:30:00,1610612749,1610612756,Regular Season,2025,1,Milwaukee Bucks,Phoenix Suns,0,0
22401098,2025-04-01 19:30:00,1610612752,1610612755,Regular Season,2025,1,New York Knicks,Philadelphia 76ers,0,0
22401097,2025-04-01 19:30:00,1610612737,1610612757,Regular Season,2025,0,Atlanta Hawks,Portland Trail Blazers,0,0
22401099,2025-04-01 20:00:00,1610612741,1610612761,Regular Season,2025,1,Chicago Bulls,Toronto Raptors,0,0
22401100,2025-04-01 20:00:00,1610612763,1610612744,Regular Season,2025,0,Memphis Grizzlies,Golden State Warriors,0,0
22401102,2025-04-01 22:00:00,1610612743,1610612750,Regular Season,2025,0,Denver Nuggets,Minnesota Timberwolves,0,0
22401104,2025-04-02 19:00:00,1610612754,1610612766,Regular Season,2025,1,Indiana Pacers,Charlotte Hornets,0,0
22401105,2025-04-02 19:00:00,1610612764,1610612758,Regular Season,2025,1,Washington Wizards,Sacramento Kings,0,0
22401103,2025-04-02 19:00:00,1610612739,1610612752,Regular Season,2025,1,Cleveland Cavaliers,New York Knicks,0,0
22401106,2025-04-02 19:30:00,1610612738,1610612748,Regular Season,2025,0,Boston Celtics,Miami Heat,0,0
22401107,2025-04-02 20:00:00,1610612745,1610612762,Regular Season,2025,1,Houston Rockets,Utah Jazz,0,0
22401109,2025-04-02 20:30:00,1610612742,1610612737,Regular Season,2025,1,Dallas Mavericks,Atlanta Hawks,0,0
22401110,2025-04-02 21:00:00,1610612743,1610612759,Regular Season,2025,0,Denver Nuggets,San Antonio Spurs,0,0
22401108,2025-04-02 21:30:00,1610612760,1610612765,Regular Season,2025,1,Oklahoma City Thunder,Detroit Pistons,0,0
22401111,2025-04-02 22:30:00,1610612746,1610612740,Regular Season,2025,1,Los Angeles Clippers,New Orleans Pelicans,0,0
22401115,2025-04-03 19:00:00,1610612755,1610612749,Regular Season,2025,0,Philadelphia 76ers,Milwaukee Bucks,0,0
22401112,2025-04-03 19:00:00,1610612764,1610612753,Regular Season,2025,0,Washington Wizards,Orlando Magic,0,0
22401116,2025-04-03 19:30:00,1610612761,1610612757,Regular Season,2025,0,Toronto Raptors,Portland Trail Blazers,0,0
22401114,2025-04-03 19:30:00,1610612748,1610612763,Regular Season,2025,0,Miami Heat,Memphis Grizzlies,0,0
22401113,2025-04-03 19:30:00,1610612751,1610612750,Regular Season,2025,0,Brooklyn Nets,Minnesota Timberwolves,0,0
22401117,2025-04-03 22:00:00,1610612747,1610612744,Regular Season,2025,0,Los Angeles Lakers,Golden State Warriors,0,0
22401118,2025-04-04 19:00:00,1610612766,1610612758,Regular Season,2025,0,Charlotte Hornets,Sacramento Kings,0,0
22401119,2025-04-04 19:00:00,1610612754,1610612762,Regular Season,2025,1,Indiana Pacers,Utah Jazz,0,0
22401121,2025-04-04 19:30:00,1610612761,1610612765,Regular Season,2025,0,Toronto Raptors,Detroit Pistons,0,0
22401120,2025-04-04 19:30:00,1610612738,1610612756,Regular Season,2025,1,Boston Celtics,Phoenix Suns,0,0
22401124,2025-04-04 20:00:00,1610612759,1610612739,Regular Season,2025,0,San Antonio Spurs,Cleveland Cavaliers,0,0
22401123,2025-04-04 20:00:00,1610612745,1610612760,Regular Season,2025,1,Houston Rockets,Oklahoma City Thunder,0,0
22401122,2025-04-04 20:00:00,1610612741,1610612757,Regular Season,2025,1,Chicago Bulls,Portland Trail Blazers,0,0
22401125,2025-04-04 22:00:00,1610612744,1610612743,Regular Season,2025,1,Golden State Warriors,Denver Nuggets,0,0
22401127,2025-04-04 22:30:00,1610612746,1610612742,Regular Season,2025,1,Los Angeles Clippers,Dallas Mavericks,0,0
22401126,2025-04-04 22:30:00,1610612747,1610612740,Regular Season,2025,1,Los Angeles Lakers,New Orleans Pelicans,0,0
22401128,2025-04-05 15:00:00,1610612737,1610612752,Regular Season,2025,0,Atlanta Hawks,New York Knicks,0,0
22401130,2025-04-05 19:00:00,1610612755,1610612750,Regular Season,2025,0,Philadelphia 76ers,Minnesota Timberwolves,0,0
22401129,2025-04-05 19:00:00,1610612765,1610612763,Regular Season,2025,0,Detroit Pistons,Memphis Grizzlies,0,0
22401131,2025-04-05 20:00:00,1610612748,1610612749,Regular Season,2025,0,Miami Heat,Milwaukee Bucks,0,0
22401132,2025-04-05 22:30:00,1610612746,1610612742,Regular Season,2025,1,Los Angeles Clippers,Dallas Mavericks,0,0
22401133,2025-04-06 13:00:00,1610612766,1610612741,Regular Season,2025,0,Charlotte Hornets,Chicago Bulls,0,0
22401134,2025-04-06 15:30:00,1610612751,1610612761,Regular Season,2025,0,Brooklyn Nets,Toronto Raptors,0,0
22401135,2025-04-06 15:30:00,1610612760,1610612747,Regular Season,2025,0,Oklahoma City Thunder,Los Angeles Lakers,0,0
22401139,2025-04-06 18:00:00,1610612757,1610612759,Regular Season,2025,1,Portland Trail Blazers,San Antonio Spurs,0,0
22401138,2025-04-06 18:00:00,1610612739,1610612758,Regular Season,2025,0,Cleveland Cavaliers,Sacramento Kings,0,0
22401137,2025-04-06 18:00:00,1610612738,1610612764,Regular Season,2025,1,Boston Celtics,Washington Wizards,0,0
22401136,2025-04-06 18:00:00,1610612737,1610612762,Regular Season,2025,1,Atlanta Hawks,Utah Jazz,0,0
22401140,2025-04-06 19:00:00,1610612752,1610612756,Regular Season,2025,1,New York Knicks,Phoenix Suns,0,0
22401142,2025-04-06 20:00:00,1610612743,1610612754,Regular Season,2025,0,Denver Nuggets,Indiana Pacers,0,0
22401143,2025-04-06 20:30:00,1610612744,1610612745,Regular Season,2025,0,Golden State Warriors,Houston Rockets,0,0
22401144,2025-04-07 19:00:00,1610612765,1610612758,Regular Season,2025,0,Detroit Pistons,Sacramento Kings,0,0
22401145,2025-04-07 19:30:00,1610612748,1610612755,Regular Season,2025,1,Miami Heat,Philadelphia 76ers,0,0
22401146,2025-04-08 19:00:00,1610612766,1610612763,Regular Season,2025,0,Charlotte Hornets,Memphis Grizzlies,0,0
22401147,2025-04-08 19:00:00,1610612739,1610612741,Regular Season,2025,1,Cleveland Cavaliers,Chicago Bulls,0,0
22401149,2025-04-08 19:00:00,1610612753,1610612737,Regular Season,2025,1,Orlando Magic,Atlanta Hawks,0,0
22401148,2025-04-08 19:00:00,1610612754,1610612764,Regular Season,2025,1,Indiana Pacers,Washington Wizards,0,0
22401151,2025-04-08 19:30:00,1610612752,1610612738,Regular Season,2025,0,New York Knicks,Boston Celtics,0,0
22401150,2025-04-08 19:30:00,1610612751,1610612740,Regular Season,2025,1,Brooklyn Nets,New Orleans Pelicans,0,0
22401153,2025-04-08 20:00:00,1610612760,1610612747,Regular Season,2025,1,Oklahoma City Thunder,Los Angeles Lakers,0,0
22401152,2025-04-08 20:00:00,1610612749,1610612750,Regular Season,2025,1,Milwaukee Bucks,Minnesota Timberwolves,0,0
22401154,2025-04-08 22:00:00,1610612756,1610612744,Regular Season,2025,0,Phoenix Suns,Golden State Warriors,0,0
22401155,2025-04-08 22:30:00,1610612746,1610612759,Regular Season,2025,1,Los Angeles Clippers,San Antonio Spurs,0,0
22401157,2025-04-09 19:00:00,1610612764,1610612755,Regular Season,2025,0,Washington Wizards,Philadelphia 76ers,0,0
22401156,2025-04-09 19:00:00,1610612753,1610612738,Regular Season,2025,1,Orlando Magic,Boston Celtics,0,0
22401159,2025-04-09 19:30:00,1610612742,1610612747,Regular Season,2025,0,Dallas Mavericks,Los Angeles Lakers,0,0
22401158,2025-04-09 19:30:00,1610612761,1610612766,Regular Season,2025,1,Toronto Raptors,Charlotte Hornets,0,0
22401160,2025-04-09 20:00:00,1610612741,1610612748,Regular Season,2025,1,Chicago Bulls,Miami Heat,0,0
22401162,2025-04-09 21:00:00,1610612762,1610612757,Regular Season,2025,1,Utah Jazz,Portland Trail Blazers,0,0
22401164,2025-04-09 22:00:00,1610612756,1610612760,Regular Season,2025,0,Phoenix Suns,Oklahoma City Thunder,0,0
22401165,2025-04-09 22:00:00,1610612758,1610612743,Regular Season,2025,0,Sacramento Kings,Denver Nuggets,0,0
22401163,2025-04-09 22:00:00,1610612744,1610612759,Regular Season,2025,0,Golden State Warriors,San Antonio Spurs,0,0
22401166,2025-04-09 22:30:00,1610612746,1610612745,Regular Season,2025,1,Los Angeles Clippers,Houston Rockets,0,0
22401167,2025-04-10 19:00:00,1610612765,1610612752,Regular Season,2025,1,Detroit Pistons,New York Knicks,0,0
22401168,2025-04-10 19:00:00,1610612754,1610612739,Regular Season,2025,1,Indiana Pacers,Cleveland Cavaliers,0,0
22401169,2025-04-10 19:30:00,1610612751,1610612737,Regular Season,2025,0,Brooklyn Nets,Atlanta Hawks,0,0
22401161,2025-04-10 20:00:00,1610612749,1610612740,Regular Season,2025,1,Milwaukee Bucks,New Orleans Pelicans,0,0
22401170,2025-04-10 21:30:00,1610612763,1610612750,Regular Season,2025,0,Memphis Grizzlies,Minnesota Timberwolves,0,0
22401173,2025-04-11 19:00:00,1610612755,1610612737,Regular Season,2025,0,Philadelphia 76ers,Atlanta Hawks,0,0
22401172,2025-04-11 19:00:00,1610612754,1610612753,Regular Season,2025,0,Indiana Pacers,Orlando Magic,0,0
22401171,2025-04-11 19:00:00,1610612765,1610612749,Regular Season,2025,0,Detroit Pistons,Milwaukee Bucks,0,0
22401175,2025-04-11 19:30:00,1610612752,1610612739,Regular Season,2025,0,New York Knicks,Cleveland Cavaliers,0,0
22401174,2025-04-11 19:30:00,1610612738,1610612766,Regular Season,2025,1,Boston Celtics,Charlotte Hornets,0,0
22401177,2025-04-11 20:00:00,1610612740,1610612748,Regular Season,2025,0,New Orleans Pelicans,Miami Heat,0,0
22401176,2025-04-11 20:00:00,1610612741,1610612764,Regular Season,2025,1,Chicago Bulls,Washington Wizards,0,0
22401178,2025-04-11 20:30:00,1610612742,1610612761,Regular Season,2025,1,Dallas Mavericks,Toronto Raptors,0,0
22401180,2025-04-11 21:00:00,1610612743,1610612763,Regular Season,2025,1,Denver Nuggets,Memphis Grizzlies,0,0
22401179,2025-04-11 21:00:00,1610612750,1610612751,Regular Season,2025,1,Minnesota Timberwolves,Brooklyn Nets,0,0
22401181,2025-04-11 21:30:00,1610612762,1610612760,Regular Season,2025,0,Utah Jazz,Oklahoma City Thunder,0,0
22401182,2025-04-11 22:00:00,1610612756,1610612759,Regular Season,2025,1,Phoenix Suns,San Antonio Spurs,0,0
22401183,2025-04-11 22:00:00,1610612757,1610612744,Regular Season,2025,0,Portland Trail Blazers,Golden State Warriors,0,0
22401184,2025-04-11 22:00:00,1610612758,1610612746,Regular Season,2025,0,Sacramento Kings,Los Angeles Clippers,0,0
22401185,2025-04-11 22:30:00,1610612747,1610612745,Regular Season,2025,1,Los Angeles Lakers,Houston Rockets,0,0
22401192,2025-04-13 13:00:00,1610612749,1610612765,Regular Season,2025,1,Milwaukee Bucks,Detroit Pistons,0,0
22401191,2025-04-13 13:00:00,1610612755,1610612741,Regular Season,2025,0,Philadelphia 76ers,Chicago Bulls,0,0
22401190,2025-04-13 13:00:00,1610612748,1610612764,Regular Season,2025,0,Miami Heat,Washington Wizards,0,0
22401189,2025-04-13 13:00:00,1610612739,1610612754,Regular Season,2025,0,Cleveland Cavaliers,Indiana Pacers,0,0
22401188,2025-04-13 13:00:00,1610612751,1610612752,Regular Season,2025,0,Brooklyn Nets,New York Knicks,0,0
22401187,2025-04-13 13:00:00,1610612738,1610612766,Regular Season,2025,1,Boston Celtics,Charlotte Hornets,0,0
22401186,2025-04-13 13:00:00,1610612737,1610612753,Regular Season,2025,1,Atlanta Hawks,Orlando Magic,0,0
22401193,2025-04-13 15:30:00,1610612745,1610612743,Regular Season,2025,0,Houston Rockets,Denver Nuggets,0,0
22401196,2025-04-13 15:30:00,1610612740,1610612760,Regular Season,2025,0,New Orleans Pelicans,Oklahoma City Thunder,0,0
22401194,2025-04-13 15:30:00,1610612763,1610612742,Regular Season,2025,1,Memphis Grizzlies,Dallas Mavericks,0,0
22401198,2025-04-13 15:30:00,1610612744,1610612746,Regular Season,2025,0,Golden State Warriors,Los Angeles Clippers,0,0
22401197,2025-04-13 15:30:00,1610612759,1610612761,Regular Season,2025,1,San Antonio Spurs,Toronto Raptors,0,0
22401200,2025-04-13 15:30:00,1610612758,1610612756,Regular Season,2025,1,Sacramento Kings,Phoenix Suns,0,0
22401195,2025-04-13 15:30:00,1610612750,1610612762,Regular Season,2025,1,Minnesota Timberwolves,Utah Jazz,0,0
22401199,2025-04-13 15:30:00,1610612757,1610612747,Regular Season,2025,1,Portland Trail Blazers,Los Angeles Lakers,0,0
52400101,2025-04-15 19:30:00,1610612753,1610612737,Play-in Tournament,2025,1,Orlando Magic,Atlanta Hawks,1,0
52400121,2025-04-15 22:00:00,1610612744,1610612763,Play-in Tournament,2025,1,Golden State Warriors,Memphis Grizzlies,1,0
52400111,2025-04-16 19:30:00,1610612741,1610612748,Play-in Tournament,2025,0,Chicago Bulls,Miami Heat,1,0
52400131,2025-04-16 22:00:00,1610612758,1610612742,Play-in Tournament,2025,0,Sacramento Kings,Dallas Mavericks,1,0
52400201,2025-04-18 19:00:00,1610612737,1610612748,Play-in Tournament,2025,0,Atlanta Hawks,Miami Heat,1,0
52400211,2025-04-18 21:30:00,1610612763,1610612742,Play-in Tournament,2025,1,Memphis Grizzlies,Dallas Mavericks,1,0
42400131,2025-04-19 13:00:00,1610612754,1610612749,Playoffs,2025,1,Indiana Pacers,Milwaukee Bucks,1,0
42400171,2025-04-19 15:30:00,1610612743,1610612746,Playoffs,2025,1,Denver Nuggets,Los Angeles Clippers,1,0
42400121,2025-04-19 18:00:00,1610612752,1610612765,Playoffs,2025,1,New York Knicks,Detroit Pistons,1,0
42400161,2025-04-19 20:30:00,1610612747,1610612750,Playoffs,2025,0,Los Angeles Lakers,Minnesota Timberwolves,1,0
42400141,2025-04-20 13:00:00,1610612760,1610612763,Playoffs,2025,1,Oklahoma City Thunder,Memphis Grizzlies,1,0
42400111,2025-04-20 15:30:00,1610612738,1610612753,Playoffs,2025,1,Boston Celtics,Orlando Magic,1,0
42400101,2025-04-20 19:00:00,1610612739,1610612748,Playoffs,2025,1,Cleveland Cavaliers,Miami Heat,1,0
42400151,2025-04-20 21:30:00,1610612745,1610612744,Playoffs,2025,0,Houston Rockets,Golden State Warriors,1,0
42400122,2025-04-21 19:30:00,1610612752,1610612765,Playoffs,2025,0,New York Knicks,Detroit Pistons,1,0
42400172,2025-04-21 22:00:00,1610612743,1610612746,Playoffs,2025,0,Denver Nuggets,Los Angeles Clippers,1,0
42400132,2025-04-22 19:00:00,1610612754,1610612749,Playoffs,2025,1,Indiana Pacers,Milwaukee Bucks,1,0
42400142,2025-04-22 19:30:00,1610612760,1610612763,Playoffs,2025,1,Oklahoma City Thunder,Memphis Grizzlies,1,0
42400162,2025-04-22 22:00:00,1610612747,1610612750,Playoffs,2025,1,Los Angeles Lakers,Minnesota Timberwolves,1,0
42400112,2025-04-23 19:00:00,1610612738,1610612753,Playoffs,2025,1,Boston Celtics,Orlando Magic,1,0
42400102,2025-04-23 19:30:00,1610612739,1610612748,Playoffs,2025,1,Cleveland Cavaliers,Miami Heat,1,0
42400152,2025-04-23 21:30:00,1610612745,1610612744,Playoffs,2025,1,Houston Rockets,Golden State Warriors,1,0
42400123,2025-04-24 19:00:00,1610612765,1610612752,Playoffs,2025,0,Detroit Pistons,New York Knicks,1,0
42400143,2025-04-24 21:30:00,1610612763,1610612760,Playoffs,2025,0,Memphis Grizzlies,Oklahoma City Thunder,1,0
42400173,2025-04-24 22:00:00,1610612746,1610612743,Playoffs,2025,1,Los Angeles Clippers,Denver Nuggets,1,0
42400113,2025-04-25 19:00:00,1610612753,1610612738,Playoffs,2025,1,Orlando Magic,Boston Celtics,1,0
42400133,2025-04-25 20:00:00,1610612749,1610612754,Playoffs,2025,1,Milwaukee Bucks,Indiana Pacers,1,0
42400163,2025-04-25 21:30:00,1610612750,1610612747,Playoffs,2025,1,Minnesota Timberwolves,Los Angeles Lakers,1,0
42400103,2025-04-26 13:00:00,1610612748,1610612739,Playoffs,2025,0,Miami Heat,Cleveland Cavaliers,1,0
42400144,2025-04-26 15:30:00,1610612763,1610612760,Playoffs,2025,0,Memphis Grizzlies,Oklahoma City Thunder,1,0
42400174,2025-04-26 18:00:00,1610612746,1610612743,Playoffs,2025,0,Los Angeles Clippers,Denver Nuggets,1,0
42400153,2025-04-26 20:30:00,1610612744,1610612745,Playoffs,2025,1,Golden State Warriors,Houston Rockets,1,0
42400124,2025-04-27 13:00:00,1610612765,1610612752,Playoffs,2025,0,Detroit Pistons,New York Knicks,1,0
42400164,2025-04-27 15:30:00,1610612750,1610612747,Playoffs,2025,1,Minnesota Timberwolves,Los Angeles Lakers,1,0
42400114,2025-04-27 19:00:00,1610612753,1610612738,Playoffs,2025,0,Orlando Magic,Boston Celtics,1,0
42400134,2025-04-27 21:30:00,1610612749,1610612754,Playoffs,2025,0,Milwaukee Bucks,Indiana Pacers,1,0
42400104,2025-04-28 19:30:00,1610612748,1610612739,Playoffs,2025,0,Miami Heat,Cleveland Cavaliers,1,0
42400154,2025-04-28 22:00:00,1610612744,1610612745,Playoffs,2025,1,Golden State Warriors,Houston Rockets,1,0
42400135,2025-04-29 18:00:00,1610612754,1610612749,Playoffs,2025,1,Indiana Pacers,Milwaukee Bucks,1,0
42400125,2025-04-29 19:30:00,1610612752,1610612765,Playoffs,2025,0,New York Knicks,Detroit Pistons,1,0
42400115,2025-04-29 20:30:00,1610612738,1610612753,Playoffs,2025,1,Boston Celtics,Orlando Magic,1,0
42400175,2025-04-29 22:00:00,1610612743,1610612746,Playoffs,2025,1,Denver Nuggets,Los Angeles Clippers,1,0
42400155,2025-04-30 19:30:00,1610612745,1610612744,Playoffs,2025,1,Houston Rockets,Golden State Warriors,1,0
42400165,2025-04-30 22:00:00,1610612747,1610612750,Playoffs,2025,0,Los Angeles Lakers,Minnesota Timberwolves,1,0
42400126,2025-05-01 19:30:00,1610612765,1610612752,Playoffs,2025,0,Detroit Pistons,New York Knicks,1,0
42400176,2025-05-01 22:00:00,1610612746,1610612743,Playoffs,2025,1,Los Angeles Clippers,Denver Nuggets,1,0
42400156,2025-05-02 21:00:00,1610612744,1610612745,Playoffs,2025,0,Golden State Warriors,Houston Rockets,1,0
42400177,2025-05-03 19:30:00,1610612743,1610612746,Playoffs,2025,1,Denver Nuggets,Los Angeles Clippers,1,0
42400201,2025-05-04 18:00:00,1610612739,1610612754,Playoffs,2025,0,Cleveland Cavaliers,Indiana Pacers,1,0
42400157,2025-05-04 20:30:00,1610612745,1610612744,Playoffs,2025,0,Houston Rockets,Golden State Warriors,1,0
42400211,2025-05-05 19:00:00,1610612738,1610612752,Playoffs,2025,0,Boston Celtics,New York Knicks,1,0
42400221,2025-05-05 21:30:00,1610612760,1610612743,Playoffs,2025,0,Oklahoma City Thunder,Denver Nuggets,1,0
42400202,2025-05-06 19:00:00,1610612739,1610612754,Playoffs,2025,0,Cleveland Cavaliers,Indiana Pacers,1,0
42400231,2025-05-06 21:30:00,1610612750,1610612744,Playoffs,2025,0,Minnesota Timberwolves,Golden State Warriors,1,0
42400212,2025-05-07 19:00:00,1610612738,1610612752,Playoffs,2025,0,Boston Celtics,New York Knicks,1,0
42400222,2025-05-07 21:30:00,1610612760,1610612743,Playoffs,2025,1,Oklahoma City Thunder,Denver Nuggets,1,0
42400232,2025-05-08 20:30:00,1610612750,1610612744,Playoffs,2025,1,Minnesota Timberwolves,Golden State Warriors,1,0
42400203,2025-05-09 19:30:00,1610612754,1610612739,Playoffs,2025,0,Indiana Pacers,Cleveland Cavaliers,1,0
42400223,2025-05-09 22:00:00,1610612743,1610612760,Playoffs,2025,1,Denver Nuggets,Oklahoma City Thunder,1,0
42400213,2025-05-10 15:30:00,1610612752,1610612738,Playoffs,2025,0,New York Knicks,Boston Celtics,1,0
42400233,2025-05-10 20:30:00,1610612744,1610612750,Playoffs,2025,0,Golden State Warriors,Minnesota Timberwolves,1,0
42400224,2025-05-11 15:30:00,1610612743,1610612760,Playoffs,2025,0,Denver Nuggets,Oklahoma City Thunder,1,0
42400204,2025-05-11 20:00:00,1610612754,1610612739,Playoffs,2025,1,Indiana Pacers,Cleveland Cavaliers,1,0
42400214,2025-05-12 19:30:00,1610612752,1610612738,Playoffs,2025,1,New York Knicks,Boston Celtics,1,0
42400234,2025-05-12 22:00:00,1610612744,1610612750,Playoffs,2025,0,Golden State Warriors,Minnesota Timberwolves,1,0
42400205,2025-05-13 19:00:00,1610612739,1610612754,Playoffs,2025,0,Cleveland Cavaliers,Indiana Pacers,1,0
42400225,2025-05-13 21:30:00,1610612760,1610612743,Playoffs,2025,1,Oklahoma City Thunder,Denver Nuggets,1,0
42400215,2025-05-14 19:00:00,1610612738,1610612752,Playoffs,2025,1,Boston Celtics,New York Knicks,1,0
42400235,2025-05-14 21:30:00,1610612750,1610612744,Playoffs,2025,1,Minnesota Timberwolves,Golden State Warriors,1,0
42400226,2025-05-15 20:30:00,1610612743,1610612760,Playoffs,2025,1,Denver Nuggets,Oklahoma City Thunder,1,0
42400216,2025-05-16 20:00:00,1610612752,1610612738,Playoffs,2025,1,New York Knicks,Boston Celtics,1,0
42400227,2025-05-18 15:30:00,1610612760,1610612743,Playoffs,2025,1,Oklahoma City Thunder,Denver Nuggets,1,0
42400311,2025-05-20 20:30:00,1610612760,1610612750,Playoffs,2025,1,Oklahoma City Thunder,Minnesota Timberwolves,1,0
42400301,2025-05-21 20:00:00,1610612752,1610612754,Playoffs,2025,0,New York Knicks,Indiana Pacers,1,0
42400312,2025-05-22 20:30:00,1610612760,1610612750,Playoffs,2025,1,Oklahoma City Thunder,Minnesota Timberwolves,1,0
42400302,2025-05-23 20:00:00,1610612752,1610612754,Playoffs,2025,0,New York Knicks,Indiana Pacers,1,0
42400313,2025-05-24 20:30:00,1610612750,1610612760,Playoffs,2025,1,Minnesota Timberwolves,Oklahoma City Thunder,1,0
42400303,2025-05-25 20:00:00,1610612754,1610612752,Playoffs,2025,0,Indiana Pacers,New York Knicks,1,0
42400314,2025-05-26 20:30:00,1610612750,1610612760,Playoffs,2025,0,Minnesota Timberwolves,Oklahoma City Thunder,1,0
42400304,2025-05-27 20:00:00,1610612754,1610612752,Playoffs,2025,1,Indiana Pacers,New York Knicks,1,0
42400315,2025-05-28 20:30:00,1610612760,1610612750,Playoffs,2025,1,Oklahoma City Thunder,Minnesota Timberwolves,1,0
42400305,2025-05-29 20:00:00,1610612752,1610612754,Playoffs,2025,1,New York Knicks,Indiana Pacers,1,0
42400306,2025-05-31 20:00:00,1610612754,1610612752,Playoffs,2025,1,Indiana Pacers,New York Knicks,1,0
42400401,2025-06-05 20:30:00,1610612760,1610612754,Playoffs,2025,0,Oklahoma City Thunder,Indiana Pacers,1,0
42400402,2025-06-08 20:00:00,1610612760,1610612754,Playoffs,2025,1,Oklahoma City Thunder,Indiana Pacers,1,0
42400403,2025-06-11 20:30:00,1610612754,1610612760,Playoffs,2025,1,Indiana Pacers,Oklahoma City Thunder,1,0
42400404,2025-06-13 20:30:00,1610612754,1610612760,Playoffs,2025,0,Indiana Pacers,Oklahoma City Thunder,1,0
42400405,2025-06-16 20:30:00,1610612760,1610612754,Playoffs,2025,1,Oklahoma City Thunder,Indiana Pacers,1,0
42400406,2025-06-19 20:30:00,1610612754,1610612760,Playoffs,2025,1,Indiana Pacers,Oklahoma City Thunder,1,0
42400407,2025-06-22 20:00:00,1610612760,1610612754,Playoffs,2025,1,Oklahoma City Thunder,Indiana Pacers,1,0
12500008,2025-10-02 12:00:00,1610612752,1610612755,Preseason,2025,1,New York Knicks,Philadelphia 76ers,1,0
12500009,2025-10-03 05:30:00,1610612740,15016,Preseason,2025,1,New Orleans Pelicans,Melbourne United,1,0
12500001,2025-10-03 22:00:00,1610612747,1610612756,Preseason,2025,0,Los Angeles Lakers,Phoenix Suns,1,0
12500010,2025-10-04 11:00:00,1610612755,1610612752,Preseason,2025,0,Philadelphia 76ers,New York Knicks,1,0
12500026,2025-10-04 20:00:00,1610612751,50014,Preseason,2025,1,Brooklyn Nets,Hapoel Jerusalem B.C.,1,0
12500027,2025-10-04 20:00:00,1610612748,1610612753,Preseason,2025,0,Miami Heat,Orlando Magic,1,0
12500028,2025-10-04 21:00:00,1610612743,1610612750,Preseason,2025,0,Denver Nuggets,Minnesota Timberwolves,1,0
12500011,2025-10-04 23:00:00,1610612740,50013,Preseason,2025,1,New Orleans Pelicans,South East Melbourne Phoenix,1,0
12500029,2025-10-05 17:00:00,1610612766,1610612760,Preseason,2025,0,Charlotte Hornets,Oklahoma City Thunder,1,0
12500030,2025-10-05 20:30:00,1610612744,1610612747,Preseason,2025,1,Golden State Warriors,Los Angeles Lakers,1,0
12500002,2025-10-06 19:30:00,1610612748,1610612749,Preseason,2025,0,Miami Heat,Milwaukee Bucks,1,0
12500032,2025-10-06 20:00:00,1610612759,15018,Preseason,2025,1,San Antonio Spurs,Guangzhou Loong-Lions,1,0
12500031,2025-10-06 20:00:00,1610612763,1610612765,Preseason,2025,0,Memphis Grizzlies,Detroit Pistons,1,0
12500014,2025-10-06 20:00:00,1610612745,1610612737,Preseason,2025,1,Houston Rockets,Atlanta Hawks,1,0
12500033,2025-10-06 20:30:00,1610612742,1610612760,Preseason,2025,1,Dallas Mavericks,Oklahoma City Thunder,1,0
12500034,2025-10-06 22:00:00,1610612761,1610612743,Preseason,2025,0,Toronto Raptors,Denver Nuggets,1,0
12500035,2025-10-07 19:00:00,1610612739,1610612741,Preseason,2025,0,Cleveland Cavaliers,Chicago Bulls,1,0
12500036,2025-10-07 20:00:00,1610612750,1610612754,Preseason,2025,0,Minnesota Timberwolves,Indiana Pacers,1,0
12500003,2025-10-08 19:30:00,1610612748,1610612759,Preseason,2025,0,Miami Heat,San Antonio Spurs,1,0
12500038,2025-10-08 20:00:00,1610612763,1610612738,Preseason,2025,0,Memphis Grizzlies,Boston Celtics,1,0
12500037,2025-10-08 20:00:00,1610612745,1610612762,Preseason,2025,1,Houston Rockets,Utah Jazz,1,0
12500016,2025-10-08 22:00:00,1610612758,1610612761,Preseason,2025,0,Sacramento Kings,Toronto Raptors,1,0
12500015,2025-10-08 22:00:00,1610612744,1610612757,Preseason,2025,1,Golden State Warriors,Portland Trail Blazers,1,0
12500039,2025-10-09 19:30:00,1610612752,1610612750,Preseason,2025,1,New York Knicks,Minnesota Timberwolves,1,0
12500042,2025-10-09 20:00:00,1610612760,1610612766,Preseason,2025,1,Oklahoma City Thunder,Charlotte Hornets,1,0
12500041,2025-10-09 20:00:00,1610612749,1610612765,Preseason,2025,1,Milwaukee Bucks,Detroit Pistons,1,0
12500040,2025-10-09 20:00:00,1610612741,1610612739,Preseason,2025,1,Chicago Bulls,Cleveland Cavaliers,1,0
12500043,2025-10-09 22:30:00,1610612746,15018,Preseason,2025,1,LA Clippers,Guangzhou Loong-Lions,1,0
12500012,2025-10-10 08:00:00,1610612751,1610612756,Preseason,2025,0,Brooklyn Nets,Phoenix Suns,1,0
12500044,2025-10-10 19:00:00,1610612761,1610612738,Preseason,2025,1,Toronto Raptors,Boston Celtics,1,0
12500070,2025-10-10 19:00:00,1610612755,1610612753,Preseason,2025,0,Philadelphia 76ers,Orlando Magic,1,0
12500045,2025-10-10 20:00:00,1610612759,1610612762,Preseason,2025,1,San Antonio Spurs,Utah Jazz,1,0
12500017,2025-10-10 22:00:00,1610612757,1610612758,Preseason,2025,1,Portland Trail Blazers,Sacramento Kings,1,0
12500046,2025-10-11 19:00:00,1610612754,1610612760,Preseason,2025,1,Indiana Pacers,Oklahoma City Thunder,1,0
12500018,2025-10-11 20:00:00,1610612763,1610612737,Preseason,2025,0,Memphis Grizzlies,Atlanta Hawks,1,0
12500047,2025-10-11 20:30:00,1610612742,1610612766,Preseason,2025,0,Dallas Mavericks,Charlotte Hornets,1,0
12500013,2025-10-12 07:00:00,1610612756,1610612751,Preseason,2025,0,Phoenix Suns,Brooklyn Nets,1,0
12500048,2025-10-12 15:00:00,1610612764,1610612761,Preseason,2025,0,Washington Wizards,Toronto Raptors,1,0
12500049,2025-10-12 18:00:00,1610612753,1610612748,Preseason,2025,1,Orlando Magic,Miami Heat,1,0
12500051,2025-10-12 19:00:00,1610612741,1610612749,Preseason,2025,0,Chicago Bulls,Milwaukee Bucks,1,0
12500050,2025-10-12 19:00:00,1610612738,1610612739,Preseason,2025,1,Boston Celtics,Cleveland Cavaliers,1,0
12500052,2025-10-12 21:30:00,1610612746,1610612743,Preseason,2025,0,LA Clippers,Denver Nuggets,1,0
12500004,2025-10-12 21:30:00,1610612747,1610612744,Preseason,2025,1,Los Angeles Lakers,Golden State Warriors,1,0
12500019,2025-10-13 18:00:00,1610612737,1610612748,Preseason,2025,1,Atlanta Hawks,Miami Heat,1,0
12500053,2025-10-13 19:00:00,1610612754,1610612759,Preseason,2025,0,Indiana Pacers,San Antonio Spurs,1,0
12500054,2025-10-13 19:30:00,1610612752,1610612764,Preseason,2025,0,New York Knicks,Washington Wizards,1,0
12500055,2025-10-13 20:00:00,1610612750,15018,Preseason,2025,1,Minnesota Timberwolves,Guangzhou Loong-Lions,1,0
12500056,2025-10-13 21:00:00,1610612762,1610612742,Preseason,2025,0,Utah Jazz,Dallas Mavericks,1,0
12500057,2025-10-14 19:00:00,1610612739,1610612765,Preseason,2025,1,Cleveland Cavaliers,Detroit Pistons,1,0
12500058,2025-10-14 20:00:00,1610612749,1610612760,Preseason,2025,0,Milwaukee Bucks,Oklahoma City Thunder,1,0
12500020,2025-10-14 20:00:00,1610612740,1610612745,Preseason,2025,0,New Orleans Pelicans,Houston Rockets,1,0
12500059,2025-10-14 21:00:00,1610612743,1610612741,Preseason,2025,1,Denver Nuggets,Chicago Bulls,1,0
12500060,2025-10-14 22:00:00,1610612756,1610612747,Preseason,2025,1,Phoenix Suns,Los Angeles Lakers,1,0
12500021,2025-10-14 22:00:00,1610612757,1610612744,Preseason,2025,0,Portland Trail Blazers,Golden State Warriors,1,0
12500061,2025-10-15 19:00:00,1610612766,1610612763,Preseason,2025,1,Charlotte Hornets,Memphis Grizzlies,1,0
12500062,2025-10-15 19:30:00,1610612738,1610612761,Preseason,2025,1,Boston Celtics,Toronto Raptors,1,0
12500022,2025-10-15 22:00:00,1610612758,1610612746,Preseason,2025,0,Sacramento Kings,LA Clippers,1,0
12500005,2025-10-15 22:30:00,1610612747,1610612742,Preseason,2025,0,Los Angeles Lakers,Dallas Mavericks,1,0
12500063,2025-10-16 19:00:00,1610612765,1610612764,Preseason,2025,1,Detroit Pistons,Washington Wizards,1,0
12500023,2025-10-16 19:00:00,1610612753,1610612740,Preseason,2025,1,Orlando Magic,New Orleans Pelicans,1,0
12500024,2025-10-16 19:30:00,1610612737,1610612745,Preseason,2025,0,Atlanta Hawks,Houston Rockets,1,0
12500064,2025-10-16 20:00:00,1610612741,1610612750,Preseason,2025,1,Chicago Bulls,Minnesota Timberwolves,1,0
12500025,2025-10-16 21:00:00,1610612762,1610612757,Preseason,2025,1,Utah Jazz,Portland Trail Blazers,1,0
12500065,2025-10-17 19:00:00,1610612761,1610612751,Preseason,2025,1,Toronto Raptors,Brooklyn Nets,1,0
12500071,2025-10-17 19:00:00,1610612755,1610612750,Preseason,2025,1,Philadelphia 76ers,Minnesota Timberwolves,1,0
12500066,2025-10-17 19:30:00,1610612752,1610612766,Preseason,2025,1,New York Knicks,Charlotte Hornets,1,0
12500068,2025-10-17 20:00:00,1610612759,1610612754,Preseason,2025,1,San Antonio Spurs,Indiana Pacers,1,0
12500067,2025-10-17 20:00:00,1610612760,1610612743,Preseason,2025,1,Oklahoma City Thunder,Denver Nuggets,1,0
12500006,2025-10-17 20:00:00,1610612748,1610612763,Preseason,2025,0,Miami Heat,Memphis Grizzlies,1,0
12500069,2025-10-17 22:00:00,1610612744,1610612746,Preseason,2025,0,Golden State Warriors,LA Clippers,1,0
12500007,2025-10-17 22:30:00,1610612747,1610612758,Preseason,2025,0,Los Angeles Lakers,Sacramento Kings,1,0
22500001,2025-10-21 19:30:00,1610612760,1610612745,Regular Season,2025,1,Oklahoma City Thunder,Houston Rockets,0,0
22500002,2025-10-21 22:00:00,1610612747,1610612744,Regular Season,2025,0,Los Angeles Lakers,Golden State Warriors,0,0
22500081,2025-10-22 19:00:00,1610612753,1610612748,Regular Season,2025,1,Orlando Magic,Miami Heat,0,0
22500080,2025-10-22 19:00:00,1610612766,1610612751,Regular Season,2025,1,Charlotte Hornets,Brooklyn Nets,0,0
22500003,2025-10-22 19:00:00,1610612752,1610612739,Regular Season,2025,1,New York Knicks,Cleveland Cavaliers,0,0
22500083,2025-10-22 19:30:00,1610612738,1610612755,Regular Season,2025,0,Boston Celtics,Philadelphia 76ers,0,0
22500082,2025-10-22 19:30:00,1610612737,1610612761,Regular Season,2025,0,Atlanta Hawks,Toronto Raptors,0,0
22500084,2025-10-22 20:00:00,1610612741,1610612765,Regular Season,2025,1,Chicago Bulls,Detroit Pistons,0,0
22500085,2025-10-22 20:00:00,1610612763,1610612740,Regular Season,2025,1,Memphis Grizzlies,New Orleans Pelicans,0,0
22500086,2025-10-22 20:00:00,1610612749,1610612764,Regular Season,2025,1,Milwaukee Bucks,Washington Wizards,0,0
22500087,2025-10-22 21:00:00,1610612762,1610612746,Regular Season,2025,1,Utah Jazz,LA Clippers,0,0
22500004,2025-10-22 21:30:00,1610612742,1610612759,Regular Season,2025,0,Dallas Mavericks,San Antonio Spurs,0,0
22500089,2025-10-22 22:00:00,1610612757,1610612750,Regular Season,2025,0,Portland Trail Blazers,Minnesota Timberwolves,0,0
22500088,2025-10-22 22:00:00,1610612756,1610612758,Regular Season,2025,1,Phoenix Suns,Sacramento Kings,0,0
22500005,2025-10-23 19:30:00,1610612754,1610612760,Regular Season,2025,0,Indiana Pacers,Oklahoma City Thunder,0,0
22500006,2025-10-23 22:00:00,1610612744,1610612743,Regular Season,2025,1,Golden State Warriors,Denver Nuggets,0,0
22500092,2025-10-24 18:30:00,1610612761,1610612749,Regular Season,2025,0,Toronto Raptors,Milwaukee Bucks,0,0
22500090,2025-10-24 19:00:00,1610612753,1610612737,Regular Season,2025,0,Orlando Magic,Atlanta Hawks,0,0
22500091,2025-10-24 19:30:00,1610612751,1610612739,Regular Season,2025,0,Brooklyn Nets,Cleveland Cavaliers,0,0
22500018,2025-10-24 19:30:00,1610612752,1610612738,Regular Season,2025,1,New York Knicks,Boston Celtics,0,0
22500093,2025-10-24 20:00:00,1610612745,1610612765,Regular Season,2025,0,Houston Rockets,Detroit Pistons,0,0
22500094,2025-10-24 20:00:00,1610612763,1610612748,Regular Season,2025,0,Memphis Grizzlies,Miami Heat,0,0
22500095,2025-10-24 20:00:00,1610612740,1610612759,Regular Season,2025,0,New Orleans Pelicans,San Antonio Spurs,0,0
22500096,2025-10-24 20:30:00,1610612742,1610612764,Regular Season,2025,0,Dallas Mavericks,Washington Wizards,0,0
22500097,2025-10-24 22:00:00,1610612757,1610612744,Regular Season,2025,1,Portland Trail Blazers,Golden State Warriors,0,0
22500019,2025-10-24 22:00:00,1610612747,1610612750,Regular Season,2025,1,Los Angeles Lakers,Minnesota Timberwolves,0,0
22500098,2025-10-24 22:00:00,1610612758,1610612762,Regular Season,2025,1,Sacramento Kings,Utah Jazz,0,0
22500099,2025-10-24 22:30:00,1610612746,1610612756,Regular Season,2025,1,LA Clippers,Phoenix Suns,0,0
22500100,2025-10-25 19:00:00,1610612753,1610612741,Regular Season,2025,0,Orlando Magic,Chicago Bulls,0,0
22500102,2025-10-25 19:30:00,1610612755,1610612766,Regular Season,2025,1,Philadelphia 76ers,Charlotte Hornets,0,0
22500101,2025-10-25 19:30:00,1610612737,1610612760,Regular Season,2025,0,Atlanta Hawks,Oklahoma City Thunder,0,0
22500103,2025-10-25 20:00:00,1610612763,1610612754,Regular Season,2025,1,Memphis Grizzlies,Indiana Pacers,0,0
22500104,2025-10-25 21:00:00,1610612743,1610612756,Regular Season,2025,1,Denver Nuggets,Phoenix Suns,0,0
22500105,2025-10-26 14:00:00,1610612759,1610612751,Regular Season,2025,1,San Antonio Spurs,Brooklyn Nets,0,0
22500106,2025-10-26 15:30:00,1610612765,1610612738,Regular Season,2025,1,Detroit Pistons,Boston Celtics,0,0
22500107,2025-10-26 18:00:00,1610612739,1610612749,Regular Season,2025,1,Cleveland Cavaliers,Milwaukee Bucks,0,0
22500109,2025-10-26 18:00:00,1610612764,1610612766,Regular Season,2025,0,Washington Wizards,Charlotte Hornets,0,0
22500108,2025-10-26 18:00:00,1610612748,1610612752,Regular Season,2025,1,Miami Heat,New York Knicks,0,0
22500110,2025-10-26 19:00:00,1610612750,1610612754,Regular Season,2025,1,Minnesota Timberwolves,Indiana Pacers,0,0
22500111,2025-10-26 19:30:00,1610612742,1610612761,Regular Season,2025,1,Dallas Mavericks,Toronto Raptors,0,0
22500113,2025-10-26 21:00:00,1610612758,1610612747,Regular Season,2025,0,Sacramento Kings,Los Angeles Lakers,0,0
22500112,2025-10-26 21:00:00,1610612746,1610612757,Regular Season,2025,1,LA Clippers,Portland Trail Blazers,0,0
22500114,2025-10-27 19:00:00,1610612755,1610612753,Regular Season,2025,1,Philadelphia 76ers,Orlando Magic,0,0
22500007,2025-10-27 19:00:00,1610612765,1610612739,Regular Season,2025,0,Detroit Pistons,Cleveland Cavaliers,0,0
22500118,2025-10-27 20:00:00,1610612759,1610612761,Regular Season,2025,1,San Antonio Spurs,Toronto Raptors,0,0
22500117,2025-10-27 20:00:00,1610612740,1610612738,Regular Season,2025,0,New Orleans Pelicans,Boston Celtics,0,0
22500116,2025-10-27 20:00:00,1610612745,1610612751,Regular Season,2025,1,Houston Rockets,Brooklyn Nets,0,0
22500115,2025-10-27 20:00:00,1610612741,1610612737,Regular Season,2025,1,Chicago Bulls,Atlanta Hawks,0,0
22500119,2025-10-27 20:30:00,1610612742,1610612760,Regular Season,2025,0,Dallas Mavericks,Oklahoma City Thunder,0,0
22500120,2025-10-27 21:00:00,1610612762,1610612756,Regular Season,2025,1,Utah Jazz,Phoenix Suns,0,0
22500008,2025-10-27 21:30:00,1610612750,1610612743,Regular Season,2025,0,Minnesota Timberwolves,Denver Nuggets,0,0
22500121,2025-10-27 22:00:00,1610612744,1610612763,Regular Season,2025,1,Golden State Warriors,Memphis Grizzlies,0,0
22500122,2025-10-27 22:30:00,1610612747,1610612757,Regular Season,2025,0,Los Angeles Lakers,Portland Trail Blazers,0,0
22500123,2025-10-28 19:00:00,1610612764,1610612755,Regular Season,2025,0,Washington Wizards,Philadelphia 76ers,0,0
22500124,2025-10-28 19:30:00,1610612748,1610612766,Regular Season,2025,1,Miami Heat,Charlotte Hornets,0,0
22500125,2025-10-28 20:00:00,1610612749,1610612752,Regular Season,2025,1,Milwaukee Bucks,New York Knicks,0,0
22500126,2025-10-28 20:00:00,1610612760,1610612758,Regular Season,2025,1,Oklahoma City Thunder,Sacramento Kings,0,0
22500127,2025-10-28 23:00:00,1610612744,1610612746,Regular Season,2025,1,Golden State Warriors,LA Clippers,0,0
22500131,2025-10-29 18:30:00,1610612761,1610612745,Regular Season,2025,0,Toronto Raptors,Houston Rockets,0,0
22500128,2025-10-29 19:00:00,1610612738,1610612739,Regular Season,2025,1,Boston Celtics,Cleveland Cavaliers,0,0
22500129,2025-10-29 19:00:00,1610612765,1610612753,Regular Season,2025,1,Detroit Pistons,Orlando Magic,0,0
22500130,2025-10-29 19:30:00,1610612751,1610612737,Regular Season,2025,0,Brooklyn Nets,Atlanta Hawks,0,0
22500132,2025-10-29 20:00:00,1610612741,1610612758,Regular Season,2025,1,Chicago Bulls,Sacramento Kings,0,0
22500133,2025-10-29 20:30:00,1610612742,1610612754,Regular Season,2025,1,Dallas Mavericks,Indiana Pacers,0,0
22500135,2025-10-29 21:00:00,1610612762,1610612757,Regular Season,2025,0,Utah Jazz,Portland Trail Blazers,0,0
22500134,2025-10-29 21:00:00,1610612743,1610612740,Regular Season,2025,1,Denver Nuggets,New Orleans Pelicans,0,0
22500136,2025-10-29 21:30:00,1610612750,1610612747,Regular Season,2025,0,Minnesota Timberwolves,Los Angeles Lakers,0,0
22500137,2025-10-29 22:00:00,1610612756,1610612763,Regular Season,2025,0,Phoenix Suns,Memphis Grizzlies,0,0
22500138,2025-10-30 19:00:00,1610612766,1610612753,Regular Season,2025,0,Charlotte Hornets,Orlando Magic,0,0
22500140,2025-10-30 20:00:00,1610612760,1610612764,Regular Season,2025,1,Oklahoma City Thunder,Washington Wizards,0,0
22500139,2025-10-30 20:00:00,1610612749,1610612744,Regular Season,2025,1,Milwaukee Bucks,Golden State Warriors,0,0
22500141,2025-10-30 20:30:00,1610612759,1610612748,Regular Season,2025,1,San Antonio Spurs,Miami Heat,0,0
22500020,2025-10-31 19:00:00,1610612754,1610612737,Regular Season,2025,0,Indiana Pacers,Atlanta Hawks,0,0
22500021,2025-10-31 19:00:00,1610612755,1610612738,Regular Season,2025,0,Philadelphia 76ers,Boston Celtics,0,0
22500022,2025-10-31 19:30:00,1610612739,1610612761,Regular Season,2025,0,Cleveland Cavaliers,Toronto Raptors,0,0
22500023,2025-10-31 20:00:00,1610612741,1610612752,Regular Season,2025,1,Chicago Bulls,New York Knicks,0,0
22500024,2025-10-31 21:30:00,1610612763,1610612747,Regular Season,2025,0,Memphis Grizzlies,Los Angeles Lakers,0,0
22500026,2025-10-31 22:00:00,1610612757,1610612743,Regular Season,2025,1,Portland Trail Blazers,Denver Nuggets,0,0
22500025,2025-10-31 22:00:00,1610612756,1610612762,Regular Season,2025,1,Phoenix Suns,Utah Jazz,0,0
22500027,2025-10-31 22:30:00,1610612746,1610612740,Regular Season,2025,1,LA Clippers,New Orleans Pelicans,0,0
22500142,2025-11-01 17:00:00,1610612749,1610612758,Regular Season,2025,0,Milwaukee Bucks,Sacramento Kings,0,0
22500143,2025-11-01 18:00:00,1610612766,1610612750,Regular Season,2025,0,Charlotte Hornets,Minnesota Timberwolves,0,0
22500145,2025-11-01 19:00:00,1610612764,1610612753,Regular Season,2025,0,Washington Wizards,Orlando Magic,0,0
22500144,2025-11-01 19:00:00,1610612754,1610612744,Regular Season,2025,1,Indiana Pacers,Golden State Warriors,0,0
22500146,2025-11-01 20:00:00,1610612738,1610612745,Regular Season,2025,0,Boston Celtics,Houston Rockets,0,0
22500147,2025-11-01 22:00:00,1610612765,1610612742,Regular Season,2025,1,Detroit Pistons,Dallas Mavericks,0,0
22500148,2025-11-02 15:30:00,1610612760,1610612740,Regular Season,2025,1,Oklahoma City Thunder,New Orleans Pelicans,0,0
22500149,2025-11-02 18:00:00,1610612751,1610612755,Regular Season,2025,0,Brooklyn Nets,Philadelphia 76ers,0,0
22500152,2025-11-02 18:00:00,1610612761,1610612763,Regular Season,2025,1,Toronto Raptors,Memphis Grizzlies,0,0
22500151,2025-11-02 18:00:00,1610612739,1610612737,Regular Season,2025,1,Cleveland Cavaliers,Atlanta Hawks,0,0
22500150,2025-11-02 18:00:00,1610612766,1610612762,Regular Season,2025,1,Charlotte Hornets,Utah Jazz,0,0
22500153,2025-11-02 19:00:00,1610612752,1610612741,Regular Season,2025,1,New York Knicks,Chicago Bulls,0,0
22500154,2025-11-02 20:00:00,1610612756,1610612759,Regular Season,2025,1,Phoenix Suns,San Antonio Spurs,0,0
22500155,2025-11-02 21:30:00,1610612747,1610612748,Regular Season,2025,1,Los Angeles Lakers,Miami Heat,0,0
22500157,2025-11-03 19:00:00,1610612754,1610612749,Regular Season,2025,0,Indiana Pacers,Milwaukee Bucks,0,0
22500156,2025-11-03 19:00:00,1610612751,1610612750,Regular Season,2025,0,Brooklyn Nets,Minnesota Timberwolves,0,0
22500159,2025-11-03 19:30:00,1610612752,1610612764,Regular Season,2025,1,New York Knicks,Washington Wizards,0,0
22500158,2025-11-03 19:30:00,1610612738,1610612762,Regular Season,2025,0,Boston Celtics,Utah Jazz,0,0
22500161,2025-11-03 20:00:00,1610612763,1610612765,Regular Season,2025,0,Memphis Grizzlies,Detroit Pistons,0,0
22500160,2025-11-03 20:00:00,1610612745,1610612742,Regular Season,2025,1,Houston Rockets,Dallas Mavericks,0,0
22500162,2025-11-03 21:00:00,1610612743,1610612758,Regular Season,2025,1,Denver Nuggets,Sacramento Kings,0,0
22500163,2025-11-03 22:00:00,1610612757,1610612747,Regular Season,2025,0,Portland Trail Blazers,Los Angeles Lakers,0,0
22500164,2025-11-03 22:30:00,1610612746,1610612748,Regular Season,2025,0,LA Clippers,Miami Heat,0,0
22500165,2025-11-04 19:30:00,1610612761,1610612749,Regular Season,2025,1,Toronto Raptors,Milwaukee Bucks,0,0
22500168,2025-11-04 20:00:00,1610612740,1610612766,Regular Season,2025,1,New Orleans Pelicans,Charlotte Hornets,0,0
22500167,2025-11-04 20:00:00,1610612741,1610612755,Regular Season,2025,1,Chicago Bulls,Philadelphia 76ers,0,0
22500166,2025-11-04 20:00:00,1610612737,1610612753,Regular Season,2025,1,Atlanta Hawks,Orlando Magic,0,0
22500169,2025-11-04 22:00:00,1610612744,1610612756,Regular Season,2025,1,Golden State Warriors,Phoenix Suns,0,0
22500170,2025-11-04 23:00:00,1610612746,1610612760,Regular Season,2025,0,LA Clippers,Oklahoma City Thunder,0,0
22500173,2025-11-05 19:00:00,1610612754,1610612751,Regular Season,2025,0,Indiana Pacers,Brooklyn Nets,0,0
22500172,2025-11-05 19:00:00,1610612765,1610612762,Regular Season,2025,1,Detroit Pistons,Utah Jazz,0,0
22500171,2025-11-05 19:00:00,1610612739,1610612755,Regular Season,2025,1,Cleveland Cavaliers,Philadelphia 76ers,0,0
22500174,2025-11-05 19:30:00,1610612738,1610612764,Regular Season,2025,1,Boston Celtics,Washington Wizards,0,0
22500175,2025-11-05 19:30:00,1610612752,1610612750,Regular Season,2025,1,New York Knicks,Minnesota Timberwolves,0,0
22500176,2025-11-05 20:00:00,1610612763,1610612745,Regular Season,2025,0,Memphis Grizzlies,Houston Rockets,0,0
22500177,2025-11-05 20:30:00,1610612742,1610612740,Regular Season,2025,0,Dallas Mavericks,New Orleans Pelicans,0,0
22500178,2025-11-05 21:00:00,1610612743,1610612748,Regular Season,2025,1,Denver Nuggets,Miami Heat,0,0
22500180,2025-11-05 22:00:00,1610612757,1610612760,Regular Season,2025,1,Portland Trail Blazers,Oklahoma City Thunder,0,0
22500181,2025-11-05 22:00:00,1610612758,1610612744,Regular Season,2025,1,Sacramento Kings,Golden State Warriors,0,0
22500179,2025-11-05 22:00:00,1610612747,1610612759,Regular Season,2025,1,Los Angeles Lakers,San Antonio Spurs,0,0
22500182,2025-11-06 21:00:00,1610612756,1610612746,Regular Season,2025,1,Phoenix Suns,LA Clippers,0,0
22500029,2025-11-07 19:00:00,1610612764,1610612739,Regular Season,2025,0,Washington Wizards,Cleveland Cavaliers,0,0
22500028,2025-11-07 19:00:00,1610612753,1610612738,Regular Season,2025,1,Orlando Magic,Boston Celtics,0,0
22500032,2025-11-07 19:30:00,1610612759,1610612745,Regular Season,2025,1,San Antonio Spurs,Houston Rockets,0,0
22500031,2025-11-07 19:30:00,1610612751,1610612765,Regular Season,2025,0,Brooklyn Nets,Detroit Pistons,0,0
22500030,2025-11-07 19:30:00,1610612737,1610612761,Regular Season,2025,0,Atlanta Hawks,Toronto Raptors,0,0
22500036,2025-11-07 20:00:00,1610612750,1610612762,Regular Season,2025,1,Minnesota Timberwolves,Utah Jazz,0,0
22500035,2025-11-07 20:00:00,1610612749,1610612741,Regular Season,2025,1,Milwaukee Bucks,Chicago Bulls,0,0
22500034,2025-11-07 20:00:00,1610612763,1610612742,Regular Season,2025,1,Memphis Grizzlies,Dallas Mavericks,0,0
22500033,2025-11-07 20:00:00,1610612748,1610612766,Regular Season,2025,1,Miami Heat,Charlotte Hornets,0,0
22500037,2025-11-07 22:00:00,1610612743,1610612744,Regular Season,2025,1,Denver Nuggets,Golden State Warriors,0,0
22500038,2025-11-07 22:00:00,1610612758,1610612760,Regular Season,2025,0,Sacramento Kings,Oklahoma City Thunder,0,0
22500183,2025-11-08 19:00:00,1610612764,1610612742,Regular Season,2025,0,Washington Wizards,Dallas Mavericks,0,0
22500184,2025-11-08 19:30:00,1610612755,1610612761,Regular Season,2025,1,Philadelphia 76ers,Toronto Raptors,0,0
22500188,2025-11-08 20:00:00,1610612759,1610612740,Regular Season,2025,1,San Antonio Spurs,New Orleans Pelicans,0,0
22500187,2025-11-08 20:00:00,1610612748,1610612757,Regular Season,2025,1,Miami Heat,Portland Trail Blazers,0,0
22500186,2025-11-08 20:00:00,1610612739,1610612741,Regular Season,2025,1,Cleveland Cavaliers,Chicago Bulls,0,0
22500185,2025-11-08 20:00:00,1610612737,1610612747,Regular Season,2025,1,Atlanta Hawks,Los Angeles Lakers,0,0
22500189,2025-11-08 21:00:00,1610612743,1610612754,Regular Season,2025,1,Denver Nuggets,Indiana Pacers,0,0
22500190,2025-11-08 22:30:00,1610612746,1610612756,Regular Season,2025,0,LA Clippers,Phoenix Suns,0,0
22500191,2025-11-09 15:30:00,1610612749,1610612745,Regular Season,2025,0,Milwaukee Bucks,Houston Rockets,0,0
22500194,2025-11-09 18:00:00,1610612763,1610612760,Regular Season,2025,0,Memphis Grizzlies,Oklahoma City Thunder,0,0
22500193,2025-11-09 18:00:00,1610612753,1610612738,Regular Season,2025,0,Orlando Magic,Boston Celtics,0,0
22500192,2025-11-09 18:00:00,1610612752,1610612751,Regular Season,2025,1,New York Knicks,Brooklyn Nets,0,0
22500195,2025-11-09 19:30:00,1610612755,1610612765,Regular Season,2025,0,Philadelphia 76ers,Detroit Pistons,0,0
22500196,2025-11-09 20:30:00,1610612744,1610612754,Regular Season,2025,1,Golden State Warriors,Indiana Pacers,0,0
22500197,2025-11-09 21:00:00,1610612758,1610612750,Regular Season,2025,0,Sacramento Kings,Minnesota Timberwolves,0,0
22500198,2025-11-10 19:00:00,1610612766,1610612747,Regular Season,2025,0,Charlotte Hornets,Los Angeles Lakers,0,0
22500200,2025-11-10 19:00:00,1610612753,1610612757,Regular Season,2025,1,Orlando Magic,Portland Trail Blazers,0,0
22500199,2025-11-10 19:00:00,1610612765,1610612764,Regular Season,2025,1,Detroit Pistons,Washington Wizards,0,0
22500201,2025-11-10 19:30:00,1610612748,1610612739,Regular Season,2025,1,Miami Heat,Cleveland Cavaliers,0,0
22500202,2025-11-10 20:00:00,1610612741,1610612759,Regular Season,2025,0,Chicago Bulls,San Antonio Spurs,0,0
22500203,2025-11-10 20:30:00,1610612742,1610612749,Regular Season,2025,0,Dallas Mavericks,Milwaukee Bucks,0,0
22500205,2025-11-10 21:00:00,1610612762,1610612750,Regular Season,2025,0,Utah Jazz,Minnesota Timberwolves,0,0
22500204,2025-11-10 21:00:00,1610612756,1610612740,Regular Season,2025,1,Phoenix Suns,New Orleans Pelicans,0,0
22500206,2025-11-10 22:30:00,1610612746,1610612737,Regular Season,2025,0,LA Clippers,Atlanta Hawks,0,0
22500208,2025-11-11 19:30:00,1610612752,1610612763,Regular Season,2025,1,New York Knicks,Memphis Grizzlies,0,0
22500207,2025-11-11 19:30:00,1610612751,1610612761,Regular Season,2025,0,Brooklyn Nets,Toronto Raptors,0,0
22500210,2025-11-11 20:00:00,1610612760,1610612744,Regular Season,2025,1,Oklahoma City Thunder,Golden State Warriors,0,0
22500209,2025-11-11 20:00:00,1610612755,1610612738,Regular Season,2025,1,Philadelphia 76ers,Boston Celtics,0,0
22500211,2025-11-11 21:00:00,1610612762,1610612754,Regular Season,2025,1,Utah Jazz,Indiana Pacers,0,0
22500212,2025-11-11 23:00:00,1610612758,1610612743,Regular Season,2025,0,Sacramento Kings,Denver Nuggets,0,0
22500214,2025-11-12 19:00:00,1610612765,1610612741,Regular Season,2025,1,Detroit Pistons,Chicago Bulls,0,0
22500213,2025-11-12 19:00:00,1610612766,1610612749,Regular Season,2025,1,Charlotte Hornets,Milwaukee Bucks,0,0
22500215,2025-11-12 19:00:00,1610612752,1610612753,Regular Season,2025,0,New York Knicks,Orlando Magic,0,0
22500217,2025-11-12 19:30:00,1610612748,1610612739,Regular Season,2025,0,Miami Heat,Cleveland Cavaliers,0,0
22500216,2025-11-12 19:30:00,1610612738,1610612763,Regular Season,2025,1,Boston Celtics,Memphis Grizzlies,0,0
22500220,2025-11-12 20:00:00,1610612759,1610612744,Regular Season,2025,0,San Antonio Spurs,Golden State Warriors,0,0
22500219,2025-11-12 20:00:00,1610612740,1610612757,Regular Season,2025,0,New Orleans Pelicans,Portland Trail Blazers,0,0
22500218,2025-11-12 20:00:00,1610612745,1610612764,Regular Season,2025,1,Houston Rockets,Washington Wizards,0,0
22500221,2025-11-12 20:30:00,1610612742,1610612756,Regular Season,2025,0,Dallas Mavericks,Phoenix Suns,0,0
22500222,2025-11-12 21:30:00,1610612760,1610612747,Regular Season,2025,1,Oklahoma City Thunder,Los Angeles Lakers,0,0
22500223,2025-11-12 22:00:00,1610612758,1610612737,Regular Season,2025,0,Sacramento Kings,Atlanta Hawks,0,0
22500224,2025-11-12 22:30:00,1610612746,1610612743,Regular Season,2025,0,LA Clippers,Denver Nuggets,0,0
22500225,2025-11-13 19:00:00,1610612739,1610612761,Regular Season,2025,0,Cleveland Cavaliers,Toronto Raptors,0,0
22500226,2025-11-13 21:00:00,1610612756,1610612754,Regular Season,2025,1,Phoenix Suns,Indiana Pacers,0,0
22500227,2025-11-13 21:00:00,1610612762,1610612737,Regular Season,2025,0,Utah Jazz,Atlanta Hawks,0,0
22500040,2025-11-14 19:00:00,1610612753,1610612751,Regular Season,2025,1,Orlando Magic,Brooklyn Nets,0,0
22500039,2025-11-14 19:00:00,1610612752,1610612748,Regular Season,2025,1,New York Knicks,Miami Heat,0,0
22500041,2025-11-14 19:30:00,1610612765,1610612755,Regular Season,2025,1,Detroit Pistons,Philadelphia 76ers,0,0
22500044,2025-11-14 20:00:00,1610612750,1610612758,Regular Season,2025,1,Minnesota Timberwolves,Sacramento Kings,0,0
22500042,2025-11-14 20:00:00,1610612745,1610612757,Regular Season,2025,1,Houston Rockets,Portland Trail Blazers,0,0
22500045,2025-11-14 20:00:00,1610612740,1610612747,Regular Season,2025,0,New Orleans Pelicans,Los Angeles Lakers,0,0
22500043,2025-11-14 20:00:00,1610612749,1610612766,Regular Season,2025,1,Milwaukee Bucks,Charlotte Hornets,0,0
22500046,2025-11-14 20:30:00,1610612742,1610612746,Regular Season,2025,0,Dallas Mavericks,LA Clippers,0,0
22500047,2025-11-14 21:30:00,1610612759,1610612744,Regular Season,2025,0,San Antonio Spurs,Golden State Warriors,0,0
22500228,2025-11-15 17:00:00,1610612739,1610612763,Regular Season,2025,1,Cleveland Cavaliers,Memphis Grizzlies,0,0
22500230,2025-11-15 19:00:00,1610612754,1610612761,Regular Season,2025,0,Indiana Pacers,Toronto Raptors,0,0
22500229,2025-11-15 19:00:00,1610612766,1610612760,Regular Season,2025,0,Charlotte Hornets,Oklahoma City Thunder,0,0
22500232,2025-11-15 20:00:00,1610612750,1610612743,Regular Season,2025,0,Minnesota Timberwolves,Denver Nuggets,0,0
22500231,2025-11-15 20:00:00,1610612749,1610612747,Regular Season,2025,0,Milwaukee Bucks,Los Angeles Lakers,0,0
22500233,2025-11-16 15:30:00,1610612738,1610612746,Regular Season,2025,1,Boston Celtics,LA Clippers,0,0
22500234,2025-11-16 16:00:00,1610612759,1610612758,Regular Season,2025,1,San Antonio Spurs,Sacramento Kings,0,0
22500235,2025-11-16 18:00:00,1610612764,1610612751,Regular Season,2025,0,Washington Wizards,Brooklyn Nets,0,0
22500237,2025-11-16 19:00:00,1610612740,1610612744,Regular Season,2025,0,New Orleans Pelicans,Golden State Warriors,0,0
22500236,2025-11-16 19:00:00,1610612745,1610612753,Regular Season,2025,1,Houston Rockets,Orlando Magic,0,0
22500238,2025-11-16 19:30:00,1610612742,1610612757,Regular Season,2025,1,Dallas Mavericks,Portland Trail Blazers,0,0
22500240,2025-11-16 20:00:00,1610612762,1610612741,Regular Season,2025,1,Utah Jazz,Chicago Bulls,0,0
22500239,2025-11-16 20:00:00,1610612756,1610612737,Regular Season,2025,0,Phoenix Suns,Atlanta Hawks,0,0
22500243,2025-11-17 19:00:00,1610612755,1610612746,Regular Season,2025,1,Philadelphia 76ers,LA Clippers,0,0
22500242,2025-11-17 19:00:00,1610612765,1610612754,Regular Season,2025,1,Detroit Pistons,Indiana Pacers,0,0
22500241,2025-11-17 19:00:00,1610612739,1610612749,Regular Season,2025,1,Cleveland Cavaliers,Milwaukee Bucks,0,0
22500245,2025-11-17 19:30:00,1610612761,1610612766,Regular Season,2025,1,Toronto Raptors,Charlotte Hornets,0,0
22500244,2025-11-17 19:30:00,1610612748,1610612752,Regular Season,2025,1,Miami Heat,New York Knicks,0,0
22500247,2025-11-17 20:00:00,1610612740,1610612760,Regular Season,2025,0,New Orleans Pelicans,Oklahoma City Thunder,0,0
22500246,2025-11-17 20:00:00,1610612750,1610612742,Regular Season,2025,1,Minnesota Timberwolves,Dallas Mavericks,0,0
22500248,2025-11-17 21:00:00,1610612743,1610612741,Regular Season,2025,0,Denver Nuggets,Chicago Bulls,0,0
22500249,2025-11-18 19:00:00,1610612753,1610612744,Regular Season,2025,1,Orlando Magic,Golden State Warriors,0,0
22500250,2025-11-18 19:30:00,1610612751,1610612738,Regular Season,2025,0,Brooklyn Nets,Boston Celtics,0,0
22500251,2025-11-18 19:30:00,1610612737,1610612765,Regular Season,2025,0,Atlanta Hawks,Detroit Pistons,0,0
22500252,2025-11-18 20:00:00,1610612759,1610612763,Regular Season,2025,1,San Antonio Spurs,Memphis Grizzlies,0,0
22500253,2025-11-18 22:30:00,1610612747,1610612762,Regular Season,2025,1,Los Angeles Lakers,Utah Jazz,0,0
22500254,2025-11-18 23:00:00,1610612757,1610612756,Regular Season,2025,0,Portland Trail Blazers,Phoenix Suns,0,0
22500258,2025-11-19 19:00:00,1610612755,1610612761,Regular Season,2025,0,Philadelphia 76ers,Toronto Raptors,0,0
22500256,2025-11-19 19:00:00,1610612754,1610612766,Regular Season,2025,1,Indiana Pacers,Charlotte Hornets,0,0
22500255,2025-11-19 19:00:00,1610612739,1610612745,Regular Season,2025,0,Cleveland Cavaliers,Houston Rockets,0,0
22500257,2025-11-19 19:30:00,1610612748,1610612744,Regular Season,2025,1,Miami Heat,Golden State Warriors,0,0
22500261,2025-11-19 20:00:00,1610612760,1610612758,Regular Season,2025,1,Oklahoma City Thunder,Sacramento Kings,0,0
22500260,2025-11-19 20:00:00,1610612740,1610612743,Regular Season,2025,0,New Orleans Pelicans,Denver Nuggets,0,0
22500259,2025-11-19 20:00:00,1610612750,1610612764,Regular Season,2025,1,Minnesota Timberwolves,Washington Wizards,0,0
22500262,2025-11-19 21:30:00,1610612742,1610612752,Regular Season,2025,0,Dallas Mavericks,New York Knicks,0,0
22500263,2025-11-19 22:00:00,1610612757,1610612741,Regular Season,2025,0,Portland Trail Blazers,Chicago Bulls,0,0
22500264,2025-11-20 19:00:00,1610612753,1610612746,Regular Season,2025,1,Orlando Magic,LA Clippers,0,0
22500265,2025-11-20 20:00:00,1610612763,1610612758,Regular Season,2025,1,Memphis Grizzlies,Sacramento Kings,0,0
22500267,2025-11-20 20:00:00,1610612759,1610612737,Regular Season,2025,1,San Antonio Spurs,Atlanta Hawks,0,0
22500266,2025-11-20 20:00:00,1610612749,1610612755,Regular Season,2025,0,Milwaukee Bucks,Philadelphia 76ers,0,0
22500048,2025-11-21 19:00:00,1610612739,1610612754,Regular Season,2025,1,Cleveland Cavaliers,Indiana Pacers,0,0
22500050,2025-11-21 19:30:00,1610612761,1610612764,Regular Season,2025,1,Toronto Raptors,Washington Wizards,0,0
22500049,2025-11-21 19:30:00,1610612738,1610612751,Regular Season,2025,0,Boston Celtics,Brooklyn Nets,0,0
22500051,2025-11-21 20:00:00,1610612741,1610612748,Regular Season,2025,0,Chicago Bulls,Miami Heat,0,0
22500052,2025-11-21 20:30:00,1610612742,1610612740,Regular Season,2025,1,Dallas Mavericks,New Orleans Pelicans,0,0
22500053,2025-11-21 21:00:00,1610612756,1610612750,Regular Season,2025,1,Phoenix Suns,Minnesota Timberwolves,0,0
22500054,2025-11-21 21:30:00,1610612745,1610612743,Regular Season,2025,0,Houston Rockets,Denver Nuggets,0,0
22500056,2025-11-21 22:00:00,1610612744,1610612757,Regular Season,2025,0,Golden State Warriors,Portland Trail Blazers,0,0
22500055,2025-11-21 22:00:00,1610612762,1610612760,Regular Season,2025,0,Utah Jazz,Oklahoma City Thunder,0,0
22500268,2025-11-22 13:00:00,1610612766,1610612746,Regular Season,2025,0,Charlotte Hornets,LA Clippers,0,0
22500269,2025-11-22 17:00:00,1610612753,1610612752,Regular Season,2025,1,Orlando Magic,New York Knicks,0,0
22500270,2025-11-22 19:00:00,1610612740,1610612737,Regular Season,2025,0,New Orleans Pelicans,Atlanta Hawks,0,0
22500271,2025-11-22 20:00:00,1610612741,1610612764,Regular Season,2025,1,Chicago Bulls,Washington Wizards,0,0
22500272,2025-11-22 20:00:00,1610612749,1610612765,Regular Season,2025,0,Milwaukee Bucks,Detroit Pistons,0,0
22500273,2025-11-22 20:30:00,1610612742,1610612763,Regular Season,2025,0,Dallas Mavericks,Memphis Grizzlies,0,0
22500274,2025-11-22 22:00:00,1610612743,1610612758,Regular Season,2025,0,Denver Nuggets,Sacramento Kings,0,0
22500275,2025-11-23 13:00:00,1610612755,1610612748,Regular Season,2025,0,Philadelphia 76ers,Miami Heat,0,0
22500278,2025-11-23 18:00:00,1610612739,1610612746,Regular Season,2025,1,Cleveland Cavaliers,LA Clippers,0,0
22500277,2025-11-23 18:00:00,1610612738,1610612753,Regular Season,2025,1,Boston Celtics,Orlando Magic,0,0
22500276,2025-11-23 18:00:00,1610612737,1610612766,Regular Season,2025,1,Atlanta Hawks,Charlotte Hornets,0,0
22500279,2025-11-23 18:00:00,1610612761,1610612751,Regular Season,2025,1,Toronto Raptors,Brooklyn Nets,0,0
22500280,2025-11-23 19:00:00,1610612760,1610612757,Regular Season,2025,1,Oklahoma City Thunder,Portland Trail Blazers,0,0
22500282,2025-11-23 20:00:00,1610612762,1610612747,Regular Season,2025,0,Utah Jazz,Los Angeles Lakers,0,0
22500281,2025-11-23 20:00:00,1610612756,1610612759,Regular Season,2025,1,Phoenix Suns,San Antonio Spurs,0,0
22500284,2025-11-24 19:00:00,1610612761,1610612739,Regular Season,2025,1,Toronto Raptors,Cleveland Cavaliers,0,0
22500283,2025-11-24 19:00:00,1610612754,1610612765,Regular Season,2025,0,Indiana Pacers,Detroit Pistons,0,0
22500286,2025-11-24 19:30:00,1610612748,1610612742,Regular Season,2025,1,Miami Heat,Dallas Mavericks,0,0
22500285,2025-11-24 19:30:00,1610612751,1610612752,Regular Season,2025,0,Brooklyn Nets,New York Knicks,0,0
22500287,2025-11-24 20:00:00,1610612763,1610612743,Regular Season,2025,0,Memphis Grizzlies,Denver Nuggets,0,0
22500289,2025-11-24 20:00:00,1610612740,1610612741,Regular Season,2025,1,New Orleans Pelicans,Chicago Bulls,0,0
22500288,2025-11-24 20:00:00,1610612749,1610612757,Regular Season,2025,0,Milwaukee Bucks,Portland Trail Blazers,0,0
22500290,2025-11-24 21:30:00,1610612756,1610612745,Regular Season,2025,0,Phoenix Suns,Houston Rockets,0,0
22500292,2025-11-24 22:00:00,1610612758,1610612750,Regular Season,2025,1,Sacramento Kings,Minnesota Timberwolves,0,0
22500291,2025-11-24 22:00:00,1610612744,1610612762,Regular Season,2025,1,Golden State Warriors,Utah Jazz,0,0
22500057,2025-11-25 19:00:00,1610612764,1610612737,Regular Season,2025,1,Washington Wizards,Atlanta Hawks,0,0
22500058,2025-11-25 20:00:00,1610612755,1610612753,Regular Season,2025,0,Philadelphia 76ers,Orlando Magic,0,0
22500059,2025-11-25 23:00:00,1610612747,1610612746,Regular Season,2025,1,Los Angeles Lakers,LA Clippers,0,0
22500060,2025-11-26 17:00:00,1610612738,1610612765,Regular Season,2025,1,Boston Celtics,Detroit Pistons,0,0
22500061,2025-11-26 19:00:00,1610612766,1610612752,Regular Season,2025,0,Charlotte Hornets,New York Knicks,0,0
22500064,2025-11-26 19:30:00,1610612760,1610612750,Regular Season,2025,1,Oklahoma City Thunder,Minnesota Timberwolves,0,0
22500063,2025-11-26 19:30:00,1610612761,1610612754,Regular Season,2025,1,Toronto Raptors,Indiana Pacers,0,0
22500062,2025-11-26 19:30:00,1610612748,1610612749,Regular Season,2025,1,Miami Heat,Milwaukee Bucks,0,0
22500065,2025-11-26 20:00:00,1610612740,1610612763,Regular Season,2025,0,New Orleans Pelicans,Memphis Grizzlies,0,0
22500066,2025-11-26 22:00:00,1610612744,1610612745,Regular Season,2025,0,Golden State Warriors,Houston Rockets,0,0
22500067,2025-11-26 22:00:00,1610612757,1610612759,Regular Season,2025,0,Portland Trail Blazers,San Antonio Spurs,0,0
22500068,2025-11-26 22:00:00,1610612758,1610612756,Regular Season,2025,0,Sacramento Kings,Phoenix Suns,0,0
22500069,2025-11-28 19:30:00,1610612737,1610612739,Regular Season,2025,1,Atlanta Hawks,Cleveland Cavaliers,0,0
22500070,2025-11-28 19:30:00,1610612751,1610612755,Regular Season,2025,0,Brooklyn Nets,Philadelphia 76ers,0,0
22500074,2025-11-28 19:30:00,1610612752,1610612749,Regular Season,2025,1,New York Knicks,Milwaukee Bucks,0,0
22500072,2025-11-28 19:30:00,1610612765,1610612753,Regular Season,2025,0,Detroit Pistons,Orlando Magic,0,0
22500073,2025-11-28 19:30:00,1610612754,1610612764,Regular Season,2025,1,Indiana Pacers,Washington Wizards,0,0
22500071,2025-11-28 19:30:00,1610612766,1610612741,Regular Season,2025,1,Charlotte Hornets,Chicago Bulls,0,0
22500077,2025-11-28 21:30:00,1610612762,1610612758,Regular Season,2025,1,Utah Jazz,Sacramento Kings,0,0
22500076,2025-11-28 21:30:00,1610612743,1610612759,Regular Season,2025,0,Denver Nuggets,San Antonio Spurs,0,0
22500075,2025-11-28 21:30:00,1610612760,1610612756,Regular Season,2025,1,Oklahoma City Thunder,Phoenix Suns,0,0
22500079,2025-11-28 22:00:00,1610612746,1610612763,Regular Season,2025,0,LA Clippers,Memphis Grizzlies,0,0
22500078,2025-11-28 22:00:00,1610612747,1610612742,Regular Season,2025,1,Los Angeles Lakers,Dallas Mavericks,0,0
22500293,2025-11-29 17:00:00,1610612750,1610612738,Regular Season,2025,1,Minnesota Timberwolves,Boston Celtics,0,0
22500294,2025-11-29 18:00:00,1610612766,1610612761,Regular Season,2025,1,Charlotte Hornets,Toronto Raptors,0,0
22500295,2025-11-29 19:30:00,1610612754,1610612741,Regular Season,2025,1,Indiana Pacers,Chicago Bulls,0,0
22500297,2025-11-29 20:00:00,1610612749,1610612751,Regular Season,2025,1,Milwaukee Bucks,Brooklyn Nets,0,0
22500296,2025-11-29 20:00:00,1610612748,1610612765,Regular Season,2025,0,Miami Heat,Detroit Pistons,0,0
22500298,2025-11-29 20:30:00,1610612744,1610612740,Regular Season,2025,1,Golden State Warriors,New Orleans Pelicans,0,0
22500299,2025-11-29 21:00:00,1610612756,1610612743,Regular Season,2025,0,Phoenix Suns,Denver Nuggets,0,0
22500300,2025-11-29 22:00:00,1610612746,1610612742,Regular Season,2025,0,LA Clippers,Dallas Mavericks,0,0
22500301,2025-11-30 15:00:00,1610612762,1610612745,Regular Season,2025,0,Utah Jazz,Houston Rockets,0,0
22500305,2025-11-30 18:00:00,1610612757,1610612760,Regular Season,2025,0,Portland Trail Blazers,Oklahoma City Thunder,0,0
22500304,2025-11-30 18:00:00,1610612755,1610612737,Regular Season,2025,0,Philadelphia 76ers,Atlanta Hawks,0,0
22500303,2025-11-30 18:00:00,1610612752,1610612761,Regular Season,2025,1,New York Knicks,Toronto Raptors,0,0
22500302,2025-11-30 18:00:00,1610612739,1610612738,Regular Season,2025,0,Cleveland Cavaliers,Boston Celtics,0,0
22500306,2025-11-30 19:00:00,1610612750,1610612759,Regular Season,2025,1,Minnesota Timberwolves,San Antonio Spurs,0,0
22500307,2025-11-30 21:00:00,1610612758,1610612763,Regular Season,2025,0,Sacramento Kings,Memphis Grizzlies,0,0
22500308,2025-11-30 21:30:00,1610612747,1610612740,Regular Season,2025,1,Los Angeles Lakers,New Orleans Pelicans,0,0
22500309,2025-12-01 19:00:00,1610612765,1610612737,Regular Season,2025,1,Detroit Pistons,Atlanta Hawks,0,0
22500311,2025-12-01 19:00:00,1610612764,1610612749,Regular Season,2025,1,Washington Wizards,Milwaukee Bucks,0,0
22500310,2025-12-01 19:00:00,1610612754,1610612739,Regular Season,2025,0,Indiana Pacers,Cleveland Cavaliers,0,0
22500313,2025-12-01 19:30:00,1610612748,1610612746,Regular Season,2025,1,Miami Heat,LA Clippers,0,0
22500314,2025-12-01 19:30:00,1610612753,1610612741,Regular Season,2025,1,Orlando Magic,Chicago Bulls,0,0
22500312,2025-12-01 19:30:00,1610612751,1610612766,Regular Season,2025,1,Brooklyn Nets,Charlotte Hornets,0,0
22500316,2025-12-01 21:00:00,1610612762,1610612745,Regular Season,2025,1,Utah Jazz,Houston Rockets,0,0
22500315,2025-12-01 21:00:00,1610612743,1610612742,Regular Season,2025,0,Denver Nuggets,Dallas Mavericks,0,0
22500317,2025-12-01 22:00:00,1610612747,1610612756,Regular Season,2025,0,Los Angeles Lakers,Phoenix Suns,0,0
22500318,2025-12-02 19:00:00,1610612755,1610612764,Regular Season,2025,1,Philadelphia 76ers,Washington Wizards,0,0
22500319,2025-12-02 19:30:00,1610612761,1610612757,Regular Season,2025,1,Toronto Raptors,Portland Trail Blazers,0,0
22500321,2025-12-02 20:00:00,1610612740,1610612750,Regular Season,2025,0,New Orleans Pelicans,Minnesota Timberwolves,0,0
22500320,2025-12-02 20:00:00,1610612738,1610612752,Regular Season,2025,1,Boston Celtics,New York Knicks,0,0
22500322,2025-12-02 20:00:00,1610612759,1610612763,Regular Season,2025,1,San Antonio Spurs,Memphis Grizzlies,0,0
22500323,2025-12-02 23:00:00,1610612744,1610612760,Regular Season,2025,0,Golden State Warriors,Oklahoma City Thunder,0,0
22500326,2025-12-03 19:00:00,1610612753,1610612759,Regular Season,2025,0,Orlando Magic,San Antonio Spurs,0,0
22500325,2025-12-03 19:00:00,1610612754,1610612743,Regular Season,2025,0,Indiana Pacers,Denver Nuggets,0,0
22500324,2025-12-03 19:00:00,1610612739,1610612757,Regular Season,2025,0,Cleveland Cavaliers,Portland Trail Blazers,0,0
22500328,2025-12-03 19:30:00,1610612752,1610612766,Regular Season,2025,1,New York Knicks,Charlotte Hornets,0,0
22500327,2025-12-03 19:30:00,1610612737,1610612746,Regular Season,2025,0,Atlanta Hawks,LA Clippers,0,0
22500331,2025-12-03 20:00:00,1610612749,1610612765,Regular Season,2025,1,Milwaukee Bucks,Detroit Pistons,0,0
22500330,2025-12-03 20:00:00,1610612745,1610612758,Regular Season,2025,1,Houston Rockets,Sacramento Kings,0,0
22500329,2025-12-03 20:00:00,1610612741,1610612751,Regular Season,2025,0,Chicago Bulls,Brooklyn Nets,0,0
22500332,2025-12-03 20:30:00,1610612742,1610612748,Regular Season,2025,1,Dallas Mavericks,Miami Heat,0,0
22500333,2025-12-04 19:00:00,1610612755,1610612744,Regular Season,2025,1,Philadelphia 76ers,Golden State Warriors,0,0
22500334,2025-12-04 19:00:00,1610612764,1610612738,Regular Season,2025,0,Washington Wizards,Boston Celtics,0,0
22500336,2025-12-04 19:30:00,1610612761,1610612747,Regular Season,2025,0,Toronto Raptors,Los Angeles Lakers,0,0
22500335,2025-12-04 19:30:00,1610612751,1610612762,Regular Season,2025,0,Brooklyn Nets,Utah Jazz,0,0
22500337,2025-12-04 20:00:00,1610612740,1610612750,Regular Season,2025,0,New Orleans Pelicans,Minnesota Timberwolves,0,0
22500339,2025-12-05 19:00:00,1610612753,1610612748,Regular Season,2025,1,Orlando Magic,Miami Heat,0,0
22500338,2025-12-05 19:00:00,1610612738,1610612747,Regular Season,2025,1,Boston Celtics,Los Angeles Lakers,0,0
22500344,2025-12-05 19:30:00,1610612761,1610612766,Regular Season,2025,0,Toronto Raptors,Charlotte Hornets,0,0
22500343,2025-12-05 19:30:00,1610612752,1610612762,Regular Season,2025,1,New York Knicks,Utah Jazz,0,0
22500342,2025-12-05 19:30:00,1610612765,1610612757,Regular Season,2025,1,Detroit Pistons,Portland Trail Blazers,0,0
22500341,2025-12-05 19:30:00,1610612739,1610612759,Regular Season,2025,1,Cleveland Cavaliers,San Antonio Spurs,0,0
22500340,2025-12-05 19:30:00,1610612737,1610612743,Regular Season,2025,0,Atlanta Hawks,Denver Nuggets,0,0
22500345,2025-12-05 20:00:00,1610612741,1610612754,Regular Season,2025,0,Chicago Bulls,Indiana Pacers,0,0
22500346,2025-12-05 20:00:00,1610612745,1610612756,Regular Season,2025,1,Houston Rockets,Phoenix Suns,0,0
22500348,2025-12-05 20:00:00,1610612749,1610612755,Regular Season,2025,0,Milwaukee Bucks,Philadelphia 76ers,0,0
22500347,2025-12-05 20:00:00,1610612763,1610612746,Regular Season,2025,1,Memphis Grizzlies,LA Clippers,0,0
22500349,2025-12-05 21:30:00,1610612760,1610612742,Regular Season,2025,1,Oklahoma City Thunder,Dallas Mavericks,0,0
22500350,2025-12-06 17:00:00,1610612751,1610612740,Regular Season,2025,1,Brooklyn Nets,New Orleans Pelicans,0,0
22500351,2025-12-06 19:00:00,1610612764,1610612737,Regular Season,2025,0,Washington Wizards,Atlanta Hawks,0,0
22500353,2025-12-06 19:30:00,1610612765,1610612749,Regular Season,2025,1,Detroit Pistons,Milwaukee Bucks,0,0
22500352,2025-12-06 19:30:00,1610612739,1610612744,Regular Season,2025,0,Cleveland Cavaliers,Golden State Warriors,0,0
22500355,2025-12-06 20:00:00,1610612750,1610612746,Regular Season,2025,1,Minnesota Timberwolves,LA Clippers,0,0
22500354,2025-12-06 20:00:00,1610612748,1610612758,Regular Season,2025,0,Miami Heat,Sacramento Kings,0,0
22500356,2025-12-06 20:30:00,1610612742,1610612745,Regular Season,2025,1,Dallas Mavericks,Houston Rockets,0,0
22500357,2025-12-07 12:00:00,1610612752,1610612753,Regular Season,2025,1,New York Knicks,Orlando Magic,0,0
22500358,2025-12-07 15:30:00,1610612761,1610612738,Regular Season,2025,0,Toronto Raptors,Boston Celtics,0,0
22500360,2025-12-07 18:00:00,1610612763,1610612757,Regular Season,2025,1,Memphis Grizzlies,Portland Trail Blazers,0,0
22500359,2025-12-07 18:00:00,1610612766,1610612743,Regular Season,2025,0,Charlotte Hornets,Denver Nuggets,0,0
22500361,2025-12-07 19:00:00,1610612741,1610612744,Regular Season,2025,0,Chicago Bulls,Golden State Warriors,0,0
22500362,2025-12-07 19:30:00,1610612755,1610612747,Regular Season,2025,0,Philadelphia 76ers,Los Angeles Lakers,0,0
22500363,2025-12-07 20:00:00,1610612762,1610612760,Regular Season,2025,0,Utah Jazz,Oklahoma City Thunder,0,0
22500364,2025-12-08 19:00:00,1610612754,1610612758,Regular Season,2025,1,Indiana Pacers,Sacramento Kings,0,0
22500365,2025-12-08 19:30:00,1610612750,1610612756,Regular Season,2025,0,Minnesota Timberwolves,Phoenix Suns,0,0
22500366,2025-12-08 20:00:00,1610612740,1610612759,Regular Season,2025,0,New Orleans Pelicans,San Antonio Spurs,0,0
22501201,2025-12-09 18:00:00,1610612753,1610612748,Regular Season,2025,1,Orlando Magic,Miami Heat,0,0
22501202,2025-12-09 20:30:00,1610612761,1610612752,Regular Season,2025,0,Toronto Raptors,New York Knicks,0,0
22501203,2025-12-10 19:30:00,1610612760,1610612756,Regular Season,2025,1,Oklahoma City Thunder,Phoenix Suns,0,0
22501204,2025-12-10 22:00:00,1610612747,1610612759,Regular Season,2025,0,Los Angeles Lakers,San Antonio Spurs,0,0
22501207,2025-12-11 20:00:00,1610612740,1610612757,Regular Season,2025,1,New Orleans Pelicans,Portland Trail Blazers,0,0
22501206,2025-12-11 20:00:00,1610612749,1610612738,Regular Season,2025,1,Milwaukee Bucks,Boston Celtics,0,0
22501205,2025-12-11 20:00:00,1610612745,1610612746,Regular Season,2025,1,Houston Rockets,LA Clippers,0,0
22501208,2025-12-11 22:00:00,1610612758,1610612743,Regular Season,2025,0,Sacramento Kings,Denver Nuggets,0,0
22501209,2025-12-12 19:00:00,1610612766,1610612741,Regular Season,2025,0,Charlotte Hornets,Chicago Bulls,0,0
22501210,2025-12-12 19:00:00,1610612765,1610612737,Regular Season,2025,1,Detroit Pistons,Atlanta Hawks,0,0
22501212,2025-12-12 19:00:00,1610612764,1610612739,Regular Season,2025,0,Washington Wizards,Cleveland Cavaliers,0,0
22501211,2025-12-12 19:00:00,1610612755,1610612754,Regular Season,2025,1,Philadelphia 76ers,Indiana Pacers,0,0
22501213,2025-12-12 20:00:00,1610612763,1610612762,Regular Season,2025,0,Memphis Grizzlies,Utah Jazz,0,0
22501214,2025-12-12 20:30:00,1610612742,1610612751,Regular Season,2025,1,Dallas Mavericks,Brooklyn Nets,0,0
22501215,2025-12-12 22:00:00,1610612744,1610612750,Regular Season,2025,0,Golden State Warriors,Minnesota Timberwolves,0,0
22501229,2025-12-13 17:30:00,1610612753,1610612752,Regular Season,2025,0,Orlando Magic,New York Knicks,0,0
22501230,2025-12-13 21:00:00,1610612760,1610612759,Regular Season,2025,0,Oklahoma City Thunder,San Antonio Spurs,0,0
22501216,2025-12-14 15:00:00,1610612754,1610612764,Regular Season,2025,0,Indiana Pacers,Washington Wizards,0,0
22501218,2025-12-14 15:30:00,1610612739,1610612766,Regular Season,2025,0,Cleveland Cavaliers,Charlotte Hornets,0,0
22501219,2025-12-14 18:00:00,1610612751,1610612749,Regular Season,2025,1,Brooklyn Nets,Milwaukee Bucks,0,0
22501217,2025-12-14 18:00:00,1610612737,1610612755,Regular Season,2025,1,Atlanta Hawks,Philadelphia 76ers,0,0
22501223,2025-12-14 19:00:00,1610612741,1610612740,Regular Season,2025,0,Chicago Bulls,New Orleans Pelicans,0,0
22501220,2025-12-14 19:00:00,1610612750,1610612758,Regular Season,2025,1,Minnesota Timberwolves,Sacramento Kings,0,0
22501228,2025-12-14 20:00:00,1610612756,1610612747,Regular Season,2025,0,Phoenix Suns,Los Angeles Lakers,0,0
22501221,2025-12-14 21:00:00,1610612757,1610612744,Regular Season,2025,1,Portland Trail Blazers,Golden State Warriors,0,0
22501222,2025-12-15 19:00:00,1610612738,1610612765,Regular Season,2025,0,Boston Celtics,Detroit Pistons,0,0
22501227,2025-12-15 19:30:00,1610612748,1610612761,Regular Season,2025,0,Miami Heat,Toronto Raptors,0,0
22501224,2025-12-15 21:00:00,1610612762,1610612742,Regular Season,2025,1,Utah Jazz,Dallas Mavericks,0,0
22501225,2025-12-15 21:30:00,1610612743,1610612745,Regular Season,2025,1,Denver Nuggets,Houston Rockets,0,0
22501226,2025-12-15 22:30:00,1610612746,1610612763,Regular Season,2025,0,LA Clippers,Memphis Grizzlies,0,0
62500001,2025-12-16 20:30:00,1610612752,1610612759,Emirates NBA Cup,2025,1,New York Knicks,San Antonio Spurs,1,0
22500368,2025-12-17 20:00:00,1610612750,1610612763,Regular Season,2025,0,Minnesota Timberwolves,Memphis Grizzlies,0,0
22500367,2025-12-17 20:00:00,1610612741,1610612739,Regular Season,2025,1,Chicago Bulls,Cleveland Cavaliers,0,0
22500372,2025-12-18 19:00:00,1610612754,1610612752,Regular Season,2025,0,Indiana Pacers,New York Knicks,0,0
22500371,2025-12-18 19:00:00,1610612766,1610612737,Regular Season,2025,1,Charlotte Hornets,Atlanta Hawks,0,0
22500373,2025-12-18 19:30:00,1610612751,1610612748,Regular Season,2025,0,Brooklyn Nets,Miami Heat,0,0
22500375,2025-12-18 20:00:00,1610612740,1610612745,Regular Season,2025,1,New Orleans Pelicans,Houston Rockets,0,0
22500374,2025-12-18 20:00:00,1610612749,1610612761,Regular Season,2025,0,Milwaukee Bucks,Toronto Raptors,0,0
22500370,2025-12-18 20:00:00,1610612759,1610612764,Regular Season,2025,1,San Antonio Spurs,Washington Wizards,0,0
22500369,2025-12-18 20:00:00,1610612760,1610612746,Regular Season,2025,1,Oklahoma City Thunder,LA Clippers,0,0
22500376,2025-12-18 20:30:00,1610612742,1610612765,Regular Season,2025,1,Dallas Mavericks,Detroit Pistons,0,0
22500378,2025-12-18 21:00:00,1610612756,1610612744,Regular Season,2025,1,Phoenix Suns,Golden State Warriors,0,0
22500379,2025-12-18 21:00:00,1610612762,1610612747,Regular Season,2025,0,Utah Jazz,Los Angeles Lakers,0,0
22500377,2025-12-18 21:00:00,1610612743,1610612753,Regular Season,2025,1,Denver Nuggets,Orlando Magic,0,0
22500380,2025-12-18 22:00:00,1610612757,1610612758,Regular Season,2025,1,Portland Trail Blazers,Sacramento Kings,0,0
22500382,2025-12-19 19:00:00,1610612752,1610612755,Regular Season,2025,0,New York Knicks,Philadelphia 76ers,0,0
22500381,2025-12-19 19:00:00,1610612738,1610612748,Regular Season,2025,1,Boston Celtics,Miami Heat,0,0
22500384,2025-12-19 19:30:00,1610612739,1610612741,Regular Season,2025,0,Cleveland Cavaliers,Chicago Bulls,0,0
22500383,2025-12-19 19:30:00,1610612737,1610612759,Regular Season,2025,0,Atlanta Hawks,San Antonio Spurs,0,0
22500385,2025-12-19 21:30:00,1610612750,1610612760,Regular Season,2025,1,Minnesota Timberwolves,Oklahoma City Thunder,0,0
22500386,2025-12-20 17:00:00,1610612743,1610612745,Regular Season,2025,0,Denver Nuggets,Houston Rockets,0,0
22500389,2025-12-20 19:00:00,1610612740,1610612754,Regular Season,2025,1,New Orleans Pelicans,Indiana Pacers,0,0
22500388,2025-12-20 19:00:00,1610612761,1610612738,Regular Season,2025,0,Toronto Raptors,Boston Celtics,0,0
22500387,2025-12-20 19:00:00,1610612755,1610612742,Regular Season,2025,1,Philadelphia 76ers,Dallas Mavericks,0,0
22500390,2025-12-20 19:30:00,1610612765,1610612766,Regular Season,2025,1,Detroit Pistons,Charlotte Hornets,0,0
22500391,2025-12-20 20:00:00,1610612763,1610612764,Regular Season,2025,0,Memphis Grizzlies,Washington Wizards,0,0
22500392,2025-12-20 20:30:00,1610612744,1610612756,Regular Season,2025,1,Golden State Warriors,Phoenix Suns,0,0
22500393,2025-12-20 21:30:00,1610612762,1610612753,Regular Season,2025,0,Utah Jazz,Orlando Magic,0,0
22500394,2025-12-20 22:00:00,1610612758,1610612757,Regular Season,2025,0,Sacramento Kings,Portland Trail Blazers,0,0
22500395,2025-12-20 22:30:00,1610612746,1610612747,Regular Season,2025,1,LA Clippers,Los Angeles Lakers,0,0
22500396,2025-12-21 15:30:00,1610612737,1610612741,Regular Season,2025,0,Atlanta Hawks,Chicago Bulls,0,0
22500398,2025-12-21 18:00:00,1610612752,1610612748,Regular Season,2025,1,New York Knicks,Miami Heat,0,0
22500397,2025-12-21 18:00:00,1610612751,1610612761,Regular Season,2025,1,Brooklyn Nets,Toronto Raptors,0,0
22500400,2025-12-21 19:00:00,1610612750,1610612749,Regular Season,2025,1,Minnesota Timberwolves,Milwaukee Bucks,0,0
22500399,2025-12-21 19:00:00,1610612764,1610612759,Regular Season,2025,0,Washington Wizards,San Antonio Spurs,0,0
22500401,2025-12-21 22:00:00,1610612758,1610612745,Regular Season,2025,1,Sacramento Kings,Houston Rockets,0,0
22500402,2025-12-22 19:00:00,1610612739,1610612766,Regular Season,2025,1,Cleveland Cavaliers,Charlotte Hornets,0,0
22500403,2025-12-22 19:30:00,1610612738,1610612754,Regular Season,2025,1,Boston Celtics,Indiana Pacers,0,0
22500404,2025-12-22 20:00:00,1610612740,1610612742,Regular Season,2025,1,New Orleans Pelicans,Dallas Mavericks,0,0
22500405,2025-12-22 21:00:00,1610612743,1610612762,Regular Season,2025,1,Denver Nuggets,Utah Jazz,0,0
22500406,2025-12-22 21:30:00,1610612760,1610612763,Regular Season,2025,1,Oklahoma City Thunder,Memphis Grizzlies,0,0
22500407,2025-12-22 22:00:00,1610612744,1610612753,Regular Season,2025,1,Golden State Warriors,Orlando Magic,0,0
22500408,2025-12-22 22:00:00,1610612757,1610612765,Regular Season,2025,0,Portland Trail Blazers,Detroit Pistons,0,0
22500409,2025-12-23 19:00:00,1610612766,1610612764,Regular Season,2025,1,Charlotte Hornets,Washington Wizards,0,0
22500410,2025-12-23 19:00:00,1610612755,1610612751,Regular Season,2025,0,Philadelphia 76ers,Brooklyn Nets,0,0
22500413,2025-12-23 19:30:00,1610612754,1610612749,Regular Season,2025,0,Indiana Pacers,Milwaukee Bucks,0,0
22500411,2025-12-23 19:30:00,1610612737,1610612741,Regular Season,2025,0,Atlanta Hawks,Chicago Bulls,0,0
22500414,2025-12-23 19:30:00,1610612748,1610612761,Regular Season,2025,0,Miami Heat,Toronto Raptors,0,0
22500412,2025-12-23 19:30:00,1610612739,1610612740,Regular Season,2025,1,Cleveland Cavaliers,New Orleans Pelicans,0,0
22500416,2025-12-23 20:00:00,1610612750,1610612752,Regular Season,2025,1,Minnesota Timberwolves,New York Knicks,0,0
22500415,2025-12-23 20:00:00,1610612742,1610612743,Regular Season,2025,1,Dallas Mavericks,Denver Nuggets,0,0
22500417,2025-12-23 20:30:00,1610612759,1610612760,Regular Season,2025,1,San Antonio Spurs,Oklahoma City Thunder,0,0
22500419,2025-12-23 21:00:00,1610612762,1610612763,Regular Season,2025,0,Utah Jazz,Memphis Grizzlies,0,0
22500418,2025-12-23 21:00:00,1610612756,1610612747,Regular Season,2025,1,Phoenix Suns,Los Angeles Lakers,0,0
22500421,2025-12-23 22:00:00,1610612758,1610612765,Regular Season,2025,0,Sacramento Kings,Detroit Pistons,0,0
22500420,2025-12-23 22:00:00,1610612757,1610612753,Regular Season,2025,0,Portland Trail Blazers,Orlando Magic,0,0
22500422,2025-12-23 22:30:00,1610612746,1610612745,Regular Season,2025,1,LA Clippers,Houston Rockets,0,0
22500009,2025-12-25 12:00:00,1610612752,1610612739,Regular Season,2025,1,New York Knicks,Cleveland Cavaliers,0,0
22500010,2025-12-25 14:30:00,1610612760,1610612759,Regular Season,2025,0,Oklahoma City Thunder,San Antonio Spurs,0,0
22500011,2025-12-25 17:00:00,1610612744,1610612742,Regular Season,2025,1,Golden State Warriors,Dallas Mavericks,0,0
22500012,2025-12-25 20:00:00,1610612747,1610612745,Regular Season,2025,0,Los Angeles Lakers,Houston Rockets,0,0
22500013,2025-12-25 22:30:00,1610612743,1610612750,Regular Season,2025,1,Denver Nuggets,Minnesota Timberwolves,0,0
22500426,2025-12-26 19:00:00,1610612754,1610612738,Regular Season,2025,0,Indiana Pacers,Boston Celtics,0,0
22500425,2025-12-26 19:00:00,1610612764,1610612761,Regular Season,2025,1,Washington Wizards,Toronto Raptors,0,0
22500424,2025-12-26 19:00:00,1610612753,1610612766,Regular Season,2025,0,Orlando Magic,Charlotte Hornets,0,0
22500423,2025-12-26 19:00:00,1610612737,1610612748,Regular Season,2025,0,Atlanta Hawks,Miami Heat,0,0
22500427,2025-12-26 19:30:00,1610612741,1610612755,Regular Season,2025,1,Chicago Bulls,Philadelphia 76ers,0,0
22500429,2025-12-26 20:00:00,1610612740,1610612756,Regular Season,2025,0,New Orleans Pelicans,Phoenix Suns,0,0
22500428,2025-12-26 20:00:00,1610612763,1610612749,Regular Season,2025,1,Memphis Grizzlies,Milwaukee Bucks,0,0
22500430,2025-12-26 21:30:00,1610612762,1610612765,Regular Season,2025,1,Utah Jazz,Detroit Pistons,0,0
22500431,2025-12-26 22:00:00,1610612757,1610612746,Regular Season,2025,0,Portland Trail Blazers,LA Clippers,0,0
22500432,2025-12-27 17:00:00,1610612758,1610612742,Regular Season,2025,1,Sacramento Kings,Dallas Mavericks,0,0
22500433,2025-12-27 19:00:00,1610612753,1610612743,Regular Season,2025,1,Orlando Magic,Denver Nuggets,0,0
22500434,2025-12-27 19:00:00,1610612740,1610612756,Regular Season,2025,0,New Orleans Pelicans,Phoenix Suns,0,0
22500435,2025-12-27 20:00:00,1610612737,1610612752,Regular Season,2025,0,Atlanta Hawks,New York Knicks,0,0
22500436,2025-12-27 20:00:00,1610612748,1610612754,Regular Season,2025,1,Miami Heat,Indiana Pacers,0,0
22500440,2025-12-27 20:00:00,1610612759,1610612762,Regular Season,2025,0,San Antonio Spurs,Utah Jazz,0,0
22500438,2025-12-27 20:00:00,1610612745,1610612739,Regular Season,2025,1,Houston Rockets,Cleveland Cavaliers,0,0
22500439,2025-12-27 20:00:00,1610612750,1610612751,Regular Season,2025,0,Minnesota Timberwolves,Brooklyn Nets,0,0
22500437,2025-12-27 20:00:00,1610612741,1610612749,Regular Season,2025,0,Chicago Bulls,Milwaukee Bucks,0,0
22500442,2025-12-28 15:30:00,1610612760,1610612755,Regular Season,2025,1,Oklahoma City Thunder,Philadelphia 76ers,0,0
22500441,2025-12-28 15:30:00,1610612761,1610612744,Regular Season,2025,1,Toronto Raptors,Golden State Warriors,0,0
22500444,2025-12-28 18:00:00,1610612757,1610612738,Regular Season,2025,1,Portland Trail Blazers,Boston Celtics,0,0
22500443,2025-12-28 18:00:00,1610612764,1610612763,Regular Season,2025,1,Washington Wizards,Memphis Grizzlies,0,0
22500445,2025-12-28 21:00:00,1610612746,1610612765,Regular Season,2025,1,LA Clippers,Detroit Pistons,0,0
22500446,2025-12-28 21:30:00,1610612747,1610612758,Regular Season,2025,1,Los Angeles Lakers,Sacramento Kings,0,0
22500448,2025-12-29 19:00:00,1610612764,1610612756,Regular Season,2025,0,Washington Wizards,Phoenix Suns,0,0
22500447,2025-12-29 19:00:00,1610612766,1610612749,Regular Season,2025,0,Charlotte Hornets,Milwaukee Bucks,0,0
22500449,2025-12-29 19:30:00,1610612751,1610612744,Regular Season,2025,0,Brooklyn Nets,Golden State Warriors,0,0
22500450,2025-12-29 19:30:00,1610612748,1610612743,Regular Season,2025,1,Miami Heat,Denver Nuggets,0,0
22500451,2025-12-29 19:30:00,1610612761,1610612753,Regular Season,2025,1,Toronto Raptors,Orlando Magic,0,0
22500456,2025-12-29 20:00:00,1610612759,1610612739,Regular Season,2025,0,San Antonio Spurs,Cleveland Cavaliers,0,0
22500455,2025-12-29 20:00:00,1610612760,1610612737,Regular Season,2025,1,Oklahoma City Thunder,Atlanta Hawks,0,0
22500454,2025-12-29 20:00:00,1610612740,1610612752,Regular Season,2025,0,New Orleans Pelicans,New York Knicks,0,0
22500453,2025-12-29 20:00:00,1610612745,1610612754,Regular Season,2025,1,Houston Rockets,Indiana Pacers,0,0
22500452,2025-12-29 20:00:00,1610612741,1610612750,Regular Season,2025,0,Chicago Bulls,Minnesota Timberwolves,0,0
22500457,2025-12-29 22:30:00,1610612757,1610612742,Regular Season,2025,1,Portland Trail Blazers,Dallas Mavericks,0,0
22500458,2025-12-30 20:00:00,1610612763,1610612755,Regular Season,2025,0,Memphis Grizzlies,Philadelphia 76ers,0,0
22500459,2025-12-30 21:00:00,1610612762,1610612738,Regular Season,2025,0,Utah Jazz,Boston Celtics,0,0
22500460,2025-12-30 22:30:00,1610612747,1610612765,Regular Season,2025,0,Los Angeles Lakers,Detroit Pistons,0,0
22500461,2025-12-30 23:00:00,1610612746,1610612758,Regular Season,2025,1,LA Clippers,Sacramento Kings,0,0
22500462,2025-12-31 13:00:00,1610612766,1610612744,Regular Season,2025,0,Charlotte Hornets,Golden State Warriors,0,0
22500463,2025-12-31 15:00:00,1610612737,1610612750,Regular Season,2025,1,Atlanta Hawks,Minnesota Timberwolves,0,0
22500464,2025-12-31 15:00:00,1610612754,1610612753,Regular Season,2025,0,Indiana Pacers,Orlando Magic,0,0
22500465,2025-12-31 15:30:00,1610612739,1610612756,Regular Season,2025,1,Cleveland Cavaliers,Phoenix Suns,0,0
22500466,2025-12-31 19:00:00,1610612741,1610612740,Regular Season,2025,1,Chicago Bulls,New Orleans Pelicans,0,0
22500467,2025-12-31 19:00:00,1610612759,1610612752,Regular Season,2025,1,San Antonio Spurs,New York Knicks,0,0
22500468,2025-12-31 19:30:00,1610612761,1610612743,Regular Season,2025,0,Toronto Raptors,Denver Nuggets,0,0
22500470,2025-12-31 20:00:00,1610612760,1610612757,Regular Season,2025,1,Oklahoma City Thunder,Portland Trail Blazers,0,0
22500469,2025-12-31 20:00:00,1610612749,1610612764,Regular Season,2025,0,Milwaukee Bucks,Washington Wizards,0,0
22500471,2026-01-01 18:00:00,1610612751,1610612745,Regular Season,2026,0,Brooklyn Nets,Houston Rockets,0,0
22500472,2026-01-01 19:00:00,1610612765,1610612748,Regular Season,2026,0,Detroit Pistons,Miami Heat,0,0
22500473,2026-01-01 20:30:00,1610612742,1610612755,Regular Season,2026,0,Dallas Mavericks,Philadelphia 76ers,0,0
22500474,2026-01-01 22:00:00,1610612758,1610612738,Regular Season,2026,0,Sacramento Kings,Boston Celtics,0,0
22500475,2026-01-01 22:30:00,1610612746,1610612762,Regular Season,2026,1,LA Clippers,Utah Jazz,0,0
22500477,2026-01-02 19:00:00,1610612764,1610612751,Regular Season,2026,1,Washington Wizards,Brooklyn Nets,0,0
22500476,2026-01-02 19:00:00,1610612754,1610612759,Regular Season,2026,0,Indiana Pacers,San Antonio Spurs,0,0
22500479,2026-01-02 19:30:00,1610612752,1610612737,Regular Season,2026,0,New York Knicks,Atlanta Hawks,0,0
22500478,2026-01-02 19:30:00,1610612739,1610612743,Regular Season,2026,1,Cleveland Cavaliers,Denver Nuggets,0,0
22500480,2026-01-02 20:00:00,1610612741,1610612753,Regular Season,2026,1,Chicago Bulls,Orlando Magic,0,0
22500482,2026-01-02 20:00:00,1610612740,1610612757,Regular Season,2026,0,New Orleans Pelicans,Portland Trail Blazers,0,0
22500481,2026-01-02 20:00:00,1610612749,1610612766,Regular Season,2026,1,Milwaukee Bucks,Charlotte Hornets,0,0
22500483,2026-01-02 21:00:00,1610612756,1610612758,Regular Season,2026,1,Phoenix Suns,Sacramento Kings,0,0
22500484,2026-01-02 22:00:00,1610612744,1610612760,Regular Season,2026,0,Golden State Warriors,Oklahoma City Thunder,0,0
22500485,2026-01-02 22:30:00,1610612747,1610612763,Regular Season,2026,1,Los Angeles Lakers,Memphis Grizzlies,0,0
22500486,2026-01-03 17:00:00,1610612748,1610612750,Regular Season,2026,0,Miami Heat,Minnesota Timberwolves,0,0
22500488,2026-01-03 19:30:00,1610612761,1610612737,Regular Season,2026,1,Toronto Raptors,Atlanta Hawks,0,0
22500487,2026-01-03 19:30:00,1610612752,1610612755,Regular Season,2026,0,New York Knicks,Philadelphia 76ers,0,0
22500490,2026-01-03 20:00:00,1610612759,1610612757,Regular Season,2026,0,San Antonio Spurs,Portland Trail Blazers,0,0
22500489,2026-01-03 20:00:00,1610612741,1610612766,Regular Season,2026,0,Chicago Bulls,Charlotte Hornets,0,0
22500491,2026-01-03 20:30:00,1610612742,1610612745,Regular Season,2026,1,Dallas Mavericks,Houston Rockets,0,0
22500492,2026-01-03 22:00:00,1610612744,1610612762,Regular Season,2026,1,Golden State Warriors,Utah Jazz,0,0
22500493,2026-01-03 22:30:00,1610612746,1610612738,Regular Season,2026,0,LA Clippers,Boston Celtics,0,0
22500494,2026-01-04 14:00:00,1610612739,1610612765,Regular Season,2026,0,Cleveland Cavaliers,Detroit Pistons,0,0
22500495,2026-01-04 15:00:00,1610612753,1610612754,Regular Season,2026,1,Orlando Magic,Indiana Pacers,0,0
22500496,2026-01-04 15:30:00,1610612751,1610612743,Regular Season,2026,1,Brooklyn Nets,Denver Nuggets,0,0
22500498,2026-01-04 18:00:00,1610612764,1610612750,Regular Season,2026,0,Washington Wizards,Minnesota Timberwolves,0,0
22500497,2026-01-04 18:00:00,1610612748,1610612740,Regular Season,2026,1,Miami Heat,New Orleans Pelicans,0,0
22500499,2026-01-04 20:00:00,1610612756,1610612760,Regular Season,2026,1,Phoenix Suns,Oklahoma City Thunder,0,0
22500500,2026-01-04 21:00:00,1610612758,1610612749,Regular Season,2026,0,Sacramento Kings,Milwaukee Bucks,0,0
22500501,2026-01-04 21:30:00,1610612747,1610612763,Regular Season,2026,1,Los Angeles Lakers,Memphis Grizzlies,0,0
22500502,2026-01-05 19:00:00,1610612765,1610612752,Regular Season,2026,1,Detroit Pistons,New York Knicks,0,0
22500504,2026-01-05 19:30:00,1610612761,1610612737,Regular Season,2026,1,Toronto Raptors,Atlanta Hawks,0,0
22500503,2026-01-05 19:30:00,1610612738,1610612741,Regular Season,2026,1,Boston Celtics,Chicago Bulls,0,0
22500506,2026-01-05 20:00:00,1610612760,1610612766,Regular Season,2026,0,Oklahoma City Thunder,Charlotte Hornets,0,0
22500505,2026-01-05 20:00:00,1610612745,1610612756,Regular Season,2026,1,Houston Rockets,Phoenix Suns,0,0
22500507,2026-01-05 20:30:00,1610612755,1610612743,Regular Season,2026,0,Philadelphia 76ers,Denver Nuggets,0,0
22500509,2026-01-05 22:00:00,1610612757,1610612762,Regular Season,2026,1,Portland Trail Blazers,Utah Jazz,0,0
22500508,2026-01-05 22:00:00,1610612746,1610612744,Regular Season,2026,1,LA Clippers,Golden State Warriors,0,0
22500510,2026-01-06 19:00:00,1610612754,1610612739,Regular Season,2026,0,Indiana Pacers,Cleveland Cavaliers,0,0
22500511,2026-01-06 19:00:00,1610612764,1610612753,Regular Season,2026,1,Washington Wizards,Orlando Magic,0,0
22500513,2026-01-06 20:00:00,1610612750,1610612748,Regular Season,2026,1,Minnesota Timberwolves,Miami Heat,0,0
22500512,2026-01-06 20:00:00,1610612763,1610612759,Regular Season,2026,1,Memphis Grizzlies,San Antonio Spurs,0,0
22500514,2026-01-06 20:00:00,1610612740,1610612747,Regular Season,2026,0,New Orleans Pelicans,Los Angeles Lakers,0,0
22500515,2026-01-06 23:00:00,1610612758,1610612742,Regular Season,2026,0,Sacramento Kings,Dallas Mavericks,0,0
22500520,2026-01-07 19:00:00,1610612738,1610612743,Regular Season,2026,0,Boston Celtics,Denver Nuggets,0,0
22500518,2026-01-07 19:00:00,1610612755,1610612764,Regular Season,2026,1,Philadelphia 76ers,Washington Wizards,0,0
22500517,2026-01-07 19:00:00,1610612765,1610612741,Regular Season,2026,1,Detroit Pistons,Chicago Bulls,0,0
22500516,2026-01-07 19:00:00,1610612766,1610612761,Regular Season,2026,0,Charlotte Hornets,Toronto Raptors,0,0
22500522,2026-01-07 19:30:00,1610612752,1610612746,Regular Season,2026,1,New York Knicks,LA Clippers,0,0
22500521,2026-01-07 19:30:00,1610612751,1610612753,Regular Season,2026,0,Brooklyn Nets,Orlando Magic,0,0
22500519,2026-01-07 19:30:00,1610612737,1610612740,Regular Season,2026,1,Atlanta Hawks,New Orleans Pelicans,0,0
22500525,2026-01-07 20:00:00,1610612760,1610612762,Regular Season,2026,1,Oklahoma City Thunder,Utah Jazz,0,0
22500524,2026-01-07 20:00:00,1610612763,1610612756,Regular Season,2026,0,Memphis Grizzlies,Phoenix Suns,0,0
22500523,2026-01-07 21:30:00,1610612759,1610612747,Regular Season,2026,1,San Antonio Spurs,Los Angeles Lakers,0,0
22500526,2026-01-07 22:00:00,1610612744,1610612749,Regular Season,2026,1,Golden State Warriors,Milwaukee Bucks,0,0
22500527,2026-01-07 22:00:00,1610612757,1610612745,Regular Season,2026,1,Portland Trail Blazers,Houston Rockets,0,0
22500528,2026-01-08 19:00:00,1610612766,1610612754,Regular Season,2026,0,Charlotte Hornets,Indiana Pacers,0,0
22500530,2026-01-08 20:00:00,1610612750,1610612739,Regular Season,2026,1,Minnesota Timberwolves,Cleveland Cavaliers,0,0
22500531,2026-01-08 21:00:00,1610612762,1610612742,Regular Season,2026,1,Utah Jazz,Dallas Mavericks,0,0
22500532,2026-01-09 19:00:00,1610612738,1610612761,Regular Season,2026,1,Boston Celtics,Toronto Raptors,0,0
22500534,2026-01-09 19:00:00,1610612764,1610612740,Regular Season,2026,0,Washington Wizards,New Orleans Pelicans,0,0
22500533,2026-01-09 19:00:00,1610612753,1610612755,Regular Season,2026,0,Orlando Magic,Philadelphia 76ers,0,0
22500535,2026-01-09 19:30:00,1610612751,1610612746,Regular Season,2026,0,Brooklyn Nets,LA Clippers,0,0
22500536,2026-01-09 20:00:00,1610612763,1610612760,Regular Season,2026,0,Memphis Grizzlies,Oklahoma City Thunder,0,0
22500538,2026-01-09 21:00:00,1610612756,1610612752,Regular Season,2026,1,Phoenix Suns,New York Knicks,0,0
22500537,2026-01-09 21:00:00,1610612743,1610612737,Regular Season,2026,0,Denver Nuggets,Atlanta Hawks,0,0
22500540,2026-01-09 22:00:00,1610612757,1610612745,Regular Season,2026,1,Portland Trail Blazers,Houston Rockets,0,0
22500539,2026-01-09 22:00:00,1610612744,1610612758,Regular Season,2026,1,Golden State Warriors,Sacramento Kings,0,0
22500541,2026-01-09 22:30:00,1610612747,1610612749,Regular Season,2026,0,Los Angeles Lakers,Milwaukee Bucks,0,0
22500542,2026-01-10 13:00:00,1610612739,1610612750,Regular Season,2026,1,Cleveland Cavaliers,Minnesota Timberwolves,0,0
22500543,2026-01-10 19:00:00,1610612754,1610612748,Regular Season,2026,1,Indiana Pacers,Miami Heat,0,0
22500544,2026-01-10 19:30:00,1610612765,1610612746,Regular Season,2026,0,Detroit Pistons,LA Clippers,0,0
22500546,2026-01-10 20:00:00,1610612741,1610612742,Regular Season,2026,1,Chicago Bulls,Dallas Mavericks,0,0
22500545,2026-01-10 20:00:00,1610612738,1610612759,Regular Season,2026,0,Boston Celtics,San Antonio Spurs,0,0
22500547,2026-01-10 21:30:00,1610612762,1610612766,Regular Season,2026,0,Utah Jazz,Charlotte Hornets,0,0
22500548,2026-01-11 15:00:00,1610612753,1610612740,Regular Season,2026,1,Orlando Magic,New Orleans Pelicans,0,0
22500549,2026-01-11 15:30:00,1610612763,1610612751,Regular Season,2026,1,Memphis Grizzlies,Brooklyn Nets,0,0
22500551,2026-01-11 18:00:00,1610612757,1610612752,Regular Season,2026,0,Portland Trail Blazers,New York Knicks,0,0
22500550,2026-01-11 18:00:00,1610612761,1610612755,Regular Season,2026,1,Toronto Raptors,Philadelphia 76ers,0,0
22500553,2026-01-11 19:00:00,1610612760,1610612748,Regular Season,2026,1,Oklahoma City Thunder,Miami Heat,0,0
22500552,2026-01-11 19:00:00,1610612750,1610612759,Regular Season,2026,1,Minnesota Timberwolves,San Antonio Spurs,0,0
22500555,2026-01-11 20:00:00,1610612756,1610612764,Regular Season,2026,1,Phoenix Suns,Washington Wizards,0,0
22500554,2026-01-11 20:00:00,1610612743,1610612749,Regular Season,2026,1,Denver Nuggets,Milwaukee Bucks,0,0
22500556,2026-01-11 20:30:00,1610612744,1610612737,Regular Season,2026,0,Golden State Warriors,Atlanta Hawks,0,0
22500557,2026-01-11 21:00:00,1610612758,1610612745,Regular Season,2026,1,Sacramento Kings,Houston Rockets,0,0
22500558,2026-01-12 19:00:00,1610612739,1610612762,Regular Season,2026,0,Cleveland Cavaliers,Utah Jazz,0,0
22500560,2026-01-12 19:30:00,1610612761,1610612755,Regular Season,2026,0,Toronto Raptors,Philadelphia 76ers,0,0
22500559,2026-01-12 19:30:00,1610612754,1610612738,Regular Season,2026,1,Indiana Pacers,Boston Celtics,0,0
22500561,2026-01-12 20:30:00,1610612742,1610612751,Regular Season,2026,1,Dallas Mavericks,Brooklyn Nets,0,0
22500562,2026-01-12 22:00:00,1610612758,1610612747,Regular Season,2026,1,Sacramento Kings,Los Angeles Lakers,0,0
22500563,2026-01-12 22:30:00,1610612746,1610612766,Regular Season,2026,1,LA Clippers,Charlotte Hornets,0,0
22500564,2026-01-13 19:30:00,1610612748,1610612756,Regular Season,2026,1,Miami Heat,Phoenix Suns,0,0
22500568,2026-01-13 20:00:00,1610612760,1610612759,Regular Season,2026,1,Oklahoma City Thunder,San Antonio Spurs,0,0
22500567,2026-01-13 20:00:00,1610612740,1610612743,Regular Season,2026,0,New Orleans Pelicans,Denver Nuggets,0,0
22500566,2026-01-13 20:00:00,1610612749,1610612750,Regular Season,2026,0,Milwaukee Bucks,Minnesota Timberwolves,0,0
22500565,2026-01-13 20:00:00,1610612745,1610612741,Regular Season,2026,1,Houston Rockets,Chicago Bulls,0,0
22500569,2026-01-13 22:30:00,1610612747,1610612737,Regular Season,2026,1,Los Angeles Lakers,Atlanta Hawks,0,0
22500570,2026-01-13 23:00:00,1610612744,1610612757,Regular Season,2026,1,Golden State Warriors,Portland Trail Blazers,0,0
22500572,2026-01-14 19:00:00,1610612755,1610612739,Regular Season,2026,0,Philadelphia 76ers,Cleveland Cavaliers,0,0
22500571,2026-01-14 19:00:00,1610612754,1610612761,Regular Season,2026,0,Indiana Pacers,Toronto Raptors,0,0
22500574,2026-01-14 20:00:00,1610612740,1610612751,Regular Season,2026,1,New Orleans Pelicans,Brooklyn Nets,0,0
22500573,2026-01-14 20:00:00,1610612741,1610612762,Regular Season,2026,1,Chicago Bulls,Utah Jazz,0,0
22500575,2026-01-14 21:30:00,1610612742,1610612743,Regular Season,2026,0,Dallas Mavericks,Denver Nuggets,0,0
22500576,2026-01-14 22:00:00,1610612758,1610612752,Regular Season,2026,1,Sacramento Kings,New York Knicks,0,0
22500577,2026-01-14 22:30:00,1610612746,1610612764,Regular Season,2026,1,LA Clippers,Washington Wizards,0,0
22500578,2026-01-15 14:00:00,1610612753,1610612763,Regular Season,2026,1,Orlando Magic,Memphis Grizzlies,0,0
22500579,2026-01-15 19:00:00,1610612765,1610612756,Regular Season,2026,1,Detroit Pistons,Phoenix Suns,0,0
22500581,2026-01-15 19:30:00,1610612745,1610612760,Regular Season,2026,0,Houston Rockets,Oklahoma City Thunder,0,0
22500580,2026-01-15 19:30:00,1610612748,1610612738,Regular Season,2026,0,Miami Heat,Boston Celtics,0,0
22500582,2026-01-15 20:00:00,1610612759,1610612749,Regular Season,2026,1,San Antonio Spurs,Milwaukee Bucks,0,0
22500583,2026-01-15 20:30:00,1610612742,1610612762,Regular Season,2026,1,Dallas Mavericks,Utah Jazz,0,0
22500585,2026-01-15 22:00:00,1610612757,1610612737,Regular Season,2026,1,Portland Trail Blazers,Atlanta Hawks,0,0
22500584,2026-01-15 22:00:00,1610612744,1610612752,Regular Season,2026,1,Golden State Warriors,New York Knicks,0,0
22500586,2026-01-15 22:30:00,1610612747,1610612766,Regular Season,2026,0,Los Angeles Lakers,Charlotte Hornets,0,0
22500589,2026-01-16 19:00:00,1610612755,1610612739,Regular Season,2026,0,Philadelphia 76ers,Cleveland Cavaliers,0,0
22500588,2026-01-16 19:00:00,1610612754,1610612740,Regular Season,2026,1,Indiana Pacers,New Orleans Pelicans,0,0
22500590,2026-01-16 19:30:00,1610612761,1610612746,Regular Season,2026,0,Toronto Raptors,LA Clippers,0,0
22500587,2026-01-16 19:30:00,1610612751,1610612741,Regular Season,2026,1,Brooklyn Nets,Chicago Bulls,0,0
22500591,2026-01-16 21:30:00,1610612745,1610612750,Regular Season,2026,1,Houston Rockets,Minnesota Timberwolves,0,0
22500592,2026-01-16 22:00:00,1610612758,1610612764,Regular Season,2026,1,Sacramento Kings,Washington Wizards,0,0
22500593,2026-01-17 17:00:00,1610612742,1610612762,Regular Season,2026,1,Dallas Mavericks,Utah Jazz,0,0
22500595,2026-01-17 19:30:00,1610612765,1610612754,Regular Season,2026,1,Detroit Pistons,Indiana Pacers,0,0
22500596,2026-01-17 19:30:00,1610612752,1610612756,Regular Season,2026,0,New York Knicks,Phoenix Suns,0,0
22500594,2026-01-17 19:30:00,1610612737,1610612738,Regular Season,2026,0,Atlanta Hawks,Boston Celtics,0,0
22500598,2026-01-17 20:00:00,1610612759,1610612750,Regular Season,2026,1,San Antonio Spurs,Minnesota Timberwolves,0,0
22500597,2026-01-17 20:00:00,1610612748,1610612760,Regular Season,2026,1,Miami Heat,Oklahoma City Thunder,0,0
22500599,2026-01-17 20:30:00,1610612744,1610612766,Regular Season,2026,1,Golden State Warriors,Charlotte Hornets,0,0
22500600,2026-01-17 21:00:00,1610612743,1610612764,Regular Season,2026,1,Denver Nuggets,Washington Wizards,0,0
22500601,2026-01-17 22:00:00,1610612757,1610612747,Regular Season,2026,1,Portland Trail Blazers,Los Angeles Lakers,0,0
22500602,2026-01-18 12:00:00,1610612763,1610612753,Regular Season,2026,1,Memphis Grizzlies,Orlando Magic,0,0
22500604,2026-01-18 19:00:00,1610612745,1610612740,Regular Season,2026,1,Houston Rockets,New Orleans Pelicans,0,0
22500603,2026-01-18 19:00:00,1610612741,1610612751,Regular Season,2026,1,Chicago Bulls,Brooklyn Nets,0,0
22500605,2026-01-18 20:00:00,1610612743,1610612766,Regular Season,2026,0,Denver Nuggets,Charlotte Hornets,0,0
22500606,2026-01-18 21:00:00,1610612758,1610612757,Regular Season,2026,0,Sacramento Kings,Portland Trail Blazers,0,0
22500607,2026-01-18 21:30:00,1610612747,1610612761,Regular Season,2026,1,Los Angeles Lakers,Toronto Raptors,0,0
22500014,2026-01-19 13:00:00,1610612737,1610612749,Regular Season,2026,0,Atlanta Hawks,Milwaukee Bucks,0,0
22500015,2026-01-19 14:30:00,1610612739,1610612760,Regular Season,2026,0,Cleveland Cavaliers,Oklahoma City Thunder,0,0
22500608,2026-01-19 15:00:00,1610612764,1610612746,Regular Season,2026,0,Washington Wizards,LA Clippers,0,0
22500611,2026-01-19 17:00:00,1610612759,1610612762,Regular Season,2026,1,San Antonio Spurs,Utah Jazz,0,0
22500016,2026-01-19 17:00:00,1610612752,1610612742,Regular Season,2026,0,New York Knicks,Dallas Mavericks,0,0
22500609,2026-01-19 19:00:00,1610612755,1610612754,Regular Season,2026,1,Philadelphia 76ers,Indiana Pacers,0,0
22500610,2026-01-19 19:30:00,1610612751,1610612756,Regular Season,2026,0,Brooklyn Nets,Phoenix Suns,0,0
22500017,2026-01-19 20:00:00,1610612765,1610612738,Regular Season,2026,1,Detroit Pistons,Boston Celtics,0,0
22500612,2026-01-19 22:00:00,1610612744,1610612748,Regular Season,2026,1,Golden State Warriors,Miami Heat,0,0
22500613,2026-01-20 19:00:00,1610612755,1610612756,Regular Season,2026,0,Philadelphia 76ers,Phoenix Suns,0,0
22500615,2026-01-20 20:00:00,1610612745,1610612759,Regular Season,2026,1,Houston Rockets,San Antonio Spurs,0,0
22500614,2026-01-20 20:00:00,1610612741,1610612746,Regular Season,2026,1,Chicago Bulls,LA Clippers,0,0
22500616,2026-01-20 21:00:00,1610612762,1610612750,Regular Season,2026,1,Utah Jazz,Minnesota Timberwolves,0,0
22500617,2026-01-20 22:00:00,1610612743,1610612747,Regular Season,2026,0,Denver Nuggets,Los Angeles Lakers,0,0
22500619,2026-01-20 22:00:00,1610612758,1610612748,Regular Season,2026,0,Sacramento Kings,Miami Heat,0,0
22500618,2026-01-20 22:00:00,1610612744,1610612761,Regular Season,2026,0,Golden State Warriors,Toronto Raptors,0,0
22500620,2026-01-21 19:00:00,1610612766,1610612739,Regular Season,2026,0,Charlotte Hornets,Cleveland Cavaliers,0,0
22500622,2026-01-21 19:30:00,1610612752,1610612751,Regular Season,2026,1,New York Knicks,Brooklyn Nets,0,0
22500621,2026-01-21 19:30:00,1610612738,1610612754,Regular Season,2026,1,Boston Celtics,Indiana Pacers,0,0
22500624,2026-01-21 20:00:00,1610612740,1610612765,Regular Season,2026,0,New Orleans Pelicans,Detroit Pistons,0,0
22500623,2026-01-21 20:00:00,1610612763,1610612737,Regular Season,2026,0,Memphis Grizzlies,Atlanta Hawks,0,0
22500625,2026-01-21 21:30:00,1610612749,1610612760,Regular Season,2026,0,Milwaukee Bucks,Oklahoma City Thunder,0,0
22500626,2026-01-21 22:00:00,1610612758,1610612761,Regular Season,2026,0,Sacramento Kings,Toronto Raptors,0,0
22500629,2026-01-22 19:00:00,1610612764,1610612743,Regular Season,2026,0,Washington Wizards,Denver Nuggets,0,0
22500628,2026-01-22 19:00:00,1610612755,1610612745,Regular Season,2026,1,Philadelphia 76ers,Houston Rockets,0,0
22500627,2026-01-22 19:00:00,1610612753,1610612766,Regular Season,2026,0,Orlando Magic,Charlotte Hornets,0,0
22500630,2026-01-22 19:30:00,1610612742,1610612744,Regular Season,2026,1,Dallas Mavericks,Golden State Warriors,0,0
22500631,2026-01-22 20:00:00,1610612750,1610612741,Regular Season,2026,0,Minnesota Timberwolves,Chicago Bulls,0,0
22500632,2026-01-22 21:00:00,1610612762,1610612759,Regular Season,2026,0,Utah Jazz,San Antonio Spurs,0,0
22500633,2026-01-22 22:00:00,1610612746,1610612747,Regular Season,2026,1,LA Clippers,Los Angeles Lakers,0,0
22500634,2026-01-22 22:00:00,1610612757,1610612748,Regular Season,2026,1,Portland Trail Blazers,Miami Heat,0,0
22500635,2026-01-23 19:00:00,1610612765,1610612745,Regular Season,2026,0,Detroit Pistons,Houston Rockets,0,0
22500638,2026-01-23 19:30:00,1610612739,1610612758,Regular Season,2026,1,Cleveland Cavaliers,Sacramento Kings,0,0
22500637,2026-01-23 19:30:00,1610612751,1610612738,Regular Season,2026,0,Brooklyn Nets,Boston Celtics,0,0
22500636,2026-01-23 19:30:00,1610612737,1610612756,Regular Season,2026,1,Atlanta Hawks,Phoenix Suns,0,0
22500641,2026-01-23 20:00:00,1610612760,1610612754,Regular Season,2026,0,Oklahoma City Thunder,Indiana Pacers,0,0
22500639,2026-01-23 20:00:00,1610612763,1610612740,Regular Season,2026,0,Memphis Grizzlies,New Orleans Pelicans,0,0
22500640,2026-01-23 21:30:00,1610612749,1610612743,Regular Season,2026,0,Milwaukee Bucks,Denver Nuggets,0,0
22500642,2026-01-23 22:00:00,1610612757,1610612761,Regular Season,2026,0,Portland Trail Blazers,Toronto Raptors,0,0
22500645,2026-01-24 12:00:00,1610612766,1610612764,Regular Season,2026,1,Charlotte Hornets,Washington Wizards,0,0
22500643,2026-01-24 15:00:00,1610612755,1610612752,Regular Season,2026,0,Philadelphia 76ers,New York Knicks,0,0
22500646,2026-01-24 19:00:00,1610612753,1610612739,Regular Season,2026,0,Orlando Magic,Cleveland Cavaliers,0,0
22500647,2026-01-24 20:00:00,1610612741,1610612738,Regular Season,2026,1,Chicago Bulls,Boston Celtics,0,0
22500648,2026-01-24 20:30:00,1610612742,1610612747,Regular Season,2026,0,Dallas Mavericks,Los Angeles Lakers,0,0
22500649,2026-01-24 21:30:00,1610612762,1610612748,Regular Season,2026,0,Utah Jazz,Miami Heat,0,0
22500650,2026-01-25 15:00:00,1610612765,1610612758,Regular Season,2026,1,Detroit Pistons,Sacramento Kings,0,0
22500644,2026-01-25 17:30:00,1610612750,1610612744,Regular Season,2026,0,Minnesota Timberwolves,Golden State Warriors,0,0
22500653,2026-01-25 19:00:00,1610612760,1610612761,Regular Season,2026,0,Oklahoma City Thunder,Toronto Raptors,0,0
22500654,2026-01-25 19:00:00,1610612759,1610612740,Regular Season,2026,0,San Antonio Spurs,New Orleans Pelicans,0,0
22500655,2026-01-25 20:00:00,1610612756,1610612748,Regular Season,2026,0,Phoenix Suns,Miami Heat,0,0
22500656,2026-01-25 21:00:00,1610612746,1610612751,Regular Season,2026,1,LA Clippers,Brooklyn Nets,0,0
22500659,2026-01-26 13:30:00,1610612737,1610612754,Regular Season,2026,1,Atlanta Hawks,Indiana Pacers,0,0
22500657,2026-01-26 15:00:00,1610612766,1610612755,Regular Season,2026,1,Charlotte Hornets,Philadelphia 76ers,0,0
22500658,2026-01-26 19:00:00,1610612739,1610612753,Regular Season,2026,1,Cleveland Cavaliers,Orlando Magic,0,0
22500662,2026-01-26 20:00:00,1610612745,1610612763,Regular Season,2026,1,Houston Rockets,Memphis Grizzlies,0,0
22500661,2026-01-26 20:00:00,1610612741,1610612747,Regular Season,2026,0,Chicago Bulls,Los Angeles Lakers,0,0
22500660,2026-01-26 20:00:00,1610612738,1610612757,Regular Season,2026,1,Boston Celtics,Portland Trail Blazers,0,0
22500663,2026-01-26 21:30:00,1610612750,1610612744,Regular Season,2026,1,Minnesota Timberwolves,Golden State Warriors,0,0
22500664,2026-01-27 19:00:00,1610612764,1610612757,Regular Season,2026,1,Washington Wizards,Portland Trail Blazers,0,0
22500665,2026-01-27 19:30:00,1610612752,1610612758,Regular Season,2026,1,New York Knicks,Sacramento Kings,0,0
22500667,2026-01-27 20:00:00,1610612760,1610612740,Regular Season,2026,1,Oklahoma City Thunder,New Orleans Pelicans,0,0
22500666,2026-01-27 20:00:00,1610612755,1610612749,Regular Season,2026,1,Philadelphia 76ers,Milwaukee Bucks,0,0
22500668,2026-01-27 21:00:00,1610612743,1610612765,Regular Season,2026,0,Denver Nuggets,Detroit Pistons,0,0
22500669,2026-01-27 21:00:00,1610612756,1610612751,Regular Season,2026,1,Phoenix Suns,Brooklyn Nets,0,0
22500670,2026-01-27 22:00:00,1610612762,1610612746,Regular Season,2026,0,Utah Jazz,LA Clippers,0,0
22500672,2026-01-28 19:00:00,1610612754,1610612741,Regular Season,2026,1,Indiana Pacers,Chicago Bulls,0,0
22500671,2026-01-28 19:00:00,1610612739,1610612747,Regular Season,2026,1,Cleveland Cavaliers,Los Angeles Lakers,0,0
22500675,2026-01-28 19:30:00,1610612761,1610612752,Regular Season,2026,0,Toronto Raptors,New York Knicks,0,0
22500674,2026-01-28 19:30:00,1610612748,1610612753,Regular Season,2026,0,Miami Heat,Orlando Magic,0,0
22500673,2026-01-28 19:30:00,1610612738,1610612737,Regular Season,2026,0,Boston Celtics,Atlanta Hawks,0,0
22500676,2026-01-28 20:00:00,1610612763,1610612766,Regular Season,2026,0,Memphis Grizzlies,Charlotte Hornets,0,0
22500677,2026-01-28 20:30:00,1610612742,1610612750,Regular Season,2026,0,Dallas Mavericks,Minnesota Timberwolves,0,0
22500678,2026-01-28 21:00:00,1610612762,1610612744,Regular Season,2026,0,Utah Jazz,Golden State Warriors,0,0
22500679,2026-01-28 21:30:00,1610612745,1610612759,Regular Season,2026,0,Houston Rockets,San Antonio Spurs,0,0
22500681,2026-01-29 19:00:00,1610612764,1610612749,Regular Season,2026,1,Washington Wizards,Milwaukee Bucks,0,0
22500680,2026-01-29 19:00:00,1610612755,1610612758,Regular Season,2026,1,Philadelphia 76ers,Sacramento Kings,0,0
22500529,2026-01-29 20:00:00,1610612741,1610612748,Regular Season,2026,0,Chicago Bulls,Miami Heat,0,0
22500682,2026-01-29 20:00:00,1610612737,1610612745,Regular Season,2026,0,Atlanta Hawks,Houston Rockets,0,0
22500683,2026-01-29 20:30:00,1610612742,1610612766,Regular Season,2026,0,Dallas Mavericks,Charlotte Hornets,0,0
22500684,2026-01-29 21:00:00,1610612743,1610612751,Regular Season,2026,1,Denver Nuggets,Brooklyn Nets,0,0
22500685,2026-01-29 21:00:00,1610612756,1610612765,Regular Season,2026,1,Phoenix Suns,Detroit Pistons,0,0
22500686,2026-01-29 21:30:00,1610612750,1610612760,Regular Season,2026,1,Minnesota Timberwolves,Oklahoma City Thunder,0,0
22500688,2026-01-30 19:00:00,1610612764,1610612747,Regular Season,2026,0,Washington Wizards,Los Angeles Lakers,0,0
22500691,2026-01-30 19:30:00,1610612740,1610612763,Regular Season,2026,1,New Orleans Pelicans,Memphis Grizzlies,0,0
22500690,2026-01-30 19:30:00,1610612752,1610612757,Regular Season,2026,1,New York Knicks,Portland Trail Blazers,0,0
22500689,2026-01-30 19:30:00,1610612738,1610612758,Regular Season,2026,1,Boston Celtics,Sacramento Kings,0,0
22500687,2026-01-30 19:30:00,1610612753,1610612761,Regular Season,2026,1,Orlando Magic,Toronto Raptors,0,0
22500695,2026-01-30 21:00:00,1610612743,1610612746,Regular Season,2026,1,Denver Nuggets,LA Clippers,0,0
22500693,2026-01-30 21:00:00,1610612756,1610612739,Regular Season,2026,1,Phoenix Suns,Cleveland Cavaliers,0,0
22500694,2026-01-30 21:30:00,1610612762,1610612751,Regular Season,2026,0,Utah Jazz,Brooklyn Nets,0,0
22500696,2026-01-30 22:00:00,1610612744,1610612765,Regular Season,2026,0,Golden State Warriors,Detroit Pistons,0,0
22500697,2026-01-31 12:00:00,1610612766,1610612759,Regular Season,2026,1,Charlotte Hornets,San Antonio Spurs,0,0
22500698,2026-01-31 19:00:00,1610612754,1610612737,Regular Season,2026,1,Indiana Pacers,Atlanta Hawks,0,0
22500699,2026-01-31 19:30:00,1610612755,1610612740,Regular Season,2026,1,Philadelphia 76ers,New Orleans Pelicans,0,0
22500700,2026-01-31 20:00:00,1610612763,1610612750,Regular Season,2026,0,Memphis Grizzlies,Minnesota Timberwolves,0,0
22500692,2026-01-31 20:00:00,1610612748,1610612741,Regular Season,2026,0,Miami Heat,Chicago Bulls,0,0
22500701,2026-01-31 20:30:00,1610612745,1610612742,Regular Season,2026,1,Houston Rockets,Dallas Mavericks,0,0
22500702,2026-02-01 15:30:00,1610612738,1610612749,Regular Season,2026,1,Boston Celtics,Milwaukee Bucks,0,0
22500707,2026-02-01 18:00:00,1610612764,1610612758,Regular Season,2026,1,Washington Wizards,Sacramento Kings,0,0
22500706,2026-02-01 18:00:00,1610612761,1610612762,Regular Season,2026,1,Toronto Raptors,Utah Jazz,0,0
22500705,2026-02-01 18:00:00,1610612748,1610612741,Regular Season,2026,1,Miami Heat,Chicago Bulls,0,0
22500704,2026-02-01 18:00:00,1610612765,1610612751,Regular Season,2026,1,Detroit Pistons,Brooklyn Nets,0,0
22500708,2026-02-01 19:00:00,1610612752,1610612747,Regular Season,2026,1,New York Knicks,Los Angeles Lakers,0,0
22500709,2026-02-01 20:00:00,1610612756,1610612746,Regular Season,2026,0,Phoenix Suns,LA Clippers,0,0
22500710,2026-02-01 21:00:00,1610612757,1610612739,Regular Season,2026,0,Portland Trail Blazers,Cleveland Cavaliers,0,0
22500703,2026-02-01 21:00:00,1610612759,1610612753,Regular Season,2026,1,San Antonio Spurs,Orlando Magic,0,0
22500711,2026-02-01 21:30:00,1610612743,1610612760,Regular Season,2026,0,Denver Nuggets,Oklahoma City Thunder,0,0
22500712,2026-02-02 15:00:00,1610612766,1610612740,Regular Season,2026,1,Charlotte Hornets,New Orleans Pelicans,0,0
22500713,2026-02-02 19:00:00,1610612754,1610612745,Regular Season,2026,0,Indiana Pacers,Houston Rockets,0,0
22500714,2026-02-02 19:30:00,1610612763,1610612750,Regular Season,2026,1,Memphis Grizzlies,Minnesota Timberwolves,0,0
22500715,2026-02-02 22:00:00,1610612746,1610612755,Regular Season,2026,0,LA Clippers,Philadelphia 76ers,0,0
22500716,2026-02-03 19:00:00,1610612765,1610612743,Regular Season,2026,1,Detroit Pistons,Denver Nuggets,0,0
22500718,2026-02-03 19:00:00,1610612764,1610612752,Regular Season,2026,0,Washington Wizards,New York Knicks,0,0
22500717,2026-02-03 19:00:00,1610612754,1610612762,Regular Season,2026,0,Indiana Pacers,Utah Jazz,0,0
22500720,2026-02-03 19:30:00,1610612748,1610612737,Regular Season,2026,0,Miami Heat,Atlanta Hawks,0,0
22500719,2026-02-03 19:30:00,1610612751,1610612747,Regular Season,2026,0,Brooklyn Nets,Los Angeles Lakers,0,0
22500723,2026-02-03 20:00:00,1610612760,1610612753,Regular Season,2026,1,Oklahoma City Thunder,Orlando Magic,0,0
22500722,2026-02-03 20:00:00,1610612749,1610612741,Regular Season,2026,1,Milwaukee Bucks,Chicago Bulls,0,0
22500721,2026-02-03 20:00:00,1610612742,1610612738,Regular Season,2026,0,Dallas Mavericks,Boston Celtics,0,0
22500724,2026-02-03 22:00:00,1610612744,1610612755,Regular Season,2026,0,Golden State Warriors,Philadelphia 76ers,0,0
22500725,2026-02-03 23:00:00,1610612757,1610612756,Regular Season,2026,0,Portland Trail Blazers,Phoenix Suns,0,0
22500726,2026-02-04 19:00:00,1610612752,1610612743,Regular Season,2026,1,New York Knicks,Denver Nuggets,0,0
22500727,2026-02-04 19:30:00,1610612761,1610612750,Regular Season,2026,0,Toronto Raptors,Minnesota Timberwolves,0,0
22500728,2026-02-04 20:00:00,1610612745,1610612738,Regular Season,2026,0,Houston Rockets,Boston Celtics,0,0
22500729,2026-02-04 20:00:00,1610612749,1610612740,Regular Season,2026,1,Milwaukee Bucks,New Orleans Pelicans,0,0
22500730,2026-02-04 21:30:00,1610612759,1610612760,Regular Season,2026,1,San Antonio Spurs,Oklahoma City Thunder,0,0
22500731,2026-02-04 22:00:00,1610612758,1610612763,Regular Season,2026,0,Sacramento Kings,Memphis Grizzlies,0,0
22500732,2026-02-04 22:30:00,1610612746,1610612739,Regular Season,2026,0,LA Clippers,Cleveland Cavaliers,0,0
22500734,2026-02-05 19:00:00,1610612753,1610612751,Regular Season,2026,1,Orlando Magic,Brooklyn Nets,0,0
22500733,2026-02-05 19:00:00,1610612765,1610612764,Regular Season,2026,0,Detroit Pistons,Washington Wizards,0,0
22500736,2026-02-05 19:30:00,1610612761,1610612741,Regular Season,2026,1,Toronto Raptors,Chicago Bulls,0,0
22500735,2026-02-05 19:30:00,1610612737,1610612762,Regular Season,2026,1,Atlanta Hawks,Utah Jazz,0,0
22500737,2026-02-05 20:00:00,1610612745,1610612766,Regular Season,2026,0,Houston Rockets,Charlotte Hornets,0,0
22500738,2026-02-05 20:30:00,1610612742,1610612759,Regular Season,2026,0,Dallas Mavericks,San Antonio Spurs,0,0
22500740,2026-02-05 22:00:00,1610612747,1610612755,Regular Season,2026,1,Los Angeles Lakers,Philadelphia 76ers,0,0
22500739,2026-02-05 22:00:00,1610612756,1610612744,Regular Season,2026,0,Phoenix Suns,Golden State Warriors,0,0
22500742,2026-02-06 19:30:00,1610612765,1610612752,Regular Season,2026,1,Detroit Pistons,New York Knicks,0,0
22500741,2026-02-06 19:30:00,1610612738,1610612748,Regular Season,2026,1,Boston Celtics,Miami Heat,0,0
22500743,2026-02-06 20:00:00,1610612749,1610612754,Regular Season,2026,1,Milwaukee Bucks,Indiana Pacers,0,0
22500744,2026-02-06 20:00:00,1610612750,1610612740,Regular Season,2026,0,Minnesota Timberwolves,New Orleans Pelicans,0,0
22500746,2026-02-06 22:00:00,1610612758,1610612746,Regular Season,2026,0,Sacramento Kings,LA Clippers,0,0
22500745,2026-02-06 22:00:00,1610612757,1610612763,Regular Season,2026,1,Portland Trail Blazers,Memphis Grizzlies,0,0
22500747,2026-02-07 15:00:00,1610612751,1610612764,Regular Season,2026,1,Brooklyn Nets,Washington Wizards,0,0
22500748,2026-02-07 15:30:00,1610612760,1610612745,Regular Season,2026,0,Oklahoma City Thunder,Houston Rockets,0,0
22500749,2026-02-07 18:00:00,1610612759,1610612742,Regular Season,2026,1,San Antonio Spurs,Dallas Mavericks,0,0
22500750,2026-02-07 19:00:00,1610612753,1610612762,Regular Season,2026,1,Orlando Magic,Utah Jazz,0,0
22500751,2026-02-07 19:30:00,1610612737,1610612766,Regular Season,2026,0,Atlanta Hawks,Charlotte Hornets,0,0
22500752,2026-02-07 20:00:00,1610612741,1610612743,Regular Season,2026,0,Chicago Bulls,Denver Nuggets,0,0
22500753,2026-02-07 20:30:00,1610612747,1610612744,Regular Season,2026,1,Los Angeles Lakers,Golden State Warriors,0,0
22500754,2026-02-07 21:00:00,1610612756,1610612755,Regular Season,2026,0,Phoenix Suns,Philadelphia 76ers,0,0
22500756,2026-02-07 22:00:00,1610612758,1610612739,Regular Season,2026,0,Sacramento Kings,Cleveland Cavaliers,0,0
22500755,2026-02-07 22:00:00,1610612757,1610612763,Regular Season,2026,1,Portland Trail Blazers,Memphis Grizzlies,0,0
22500757,2026-02-08 12:30:00,1610612738,1610612752,Regular Season,2026,0,Boston Celtics,New York Knicks,0,0
22500758,2026-02-08 14:00:00,1610612764,1610612748,Regular Season,2026,0,Washington Wizards,Miami Heat,0,0
22500759,2026-02-08 15:00:00,1610612761,1610612754,Regular Season,2026,1,Toronto Raptors,Indiana Pacers,0,0
22500760,2026-02-08 15:00:00,1610612750,1610612746,Regular Season,2026,0,Minnesota Timberwolves,LA Clippers,0,0
22500761,2026-02-09 19:00:00,1610612766,1610612765,Regular Season,2026,0,Charlotte Hornets,Detroit Pistons,0,0
22500764,2026-02-09 19:30:00,1610612753,1610612749,Regular Season,2026,1,Orlando Magic,Milwaukee Bucks,0,0
22500763,2026-02-09 19:30:00,1610612748,1610612762,Regular Season,2026,0,Miami Heat,Utah Jazz,0,0
22500762,2026-02-09 19:30:00,1610612751,1610612741,Regular Season,2026,1,Brooklyn Nets,Chicago Bulls,0,0
22500766,2026-02-09 20:00:00,1610612740,1610612758,Regular Season,2026,1,New Orleans Pelicans,Sacramento Kings,0,0
22500765,2026-02-09 20:00:00,1610612750,1610612737,Regular Season,2026,1,Minnesota Timberwolves,Atlanta Hawks,0,0
22500767,2026-02-09 21:00:00,1610612743,1610612739,Regular Season,2026,0,Denver Nuggets,Cleveland Cavaliers,0,0
22500770,2026-02-09 22:00:00,1610612757,1610612755,Regular Season,2026,1,Portland Trail Blazers,Philadelphia 76ers,0,0
22500769,2026-02-09 22:00:00,1610612747,1610612760,Regular Season,2026,0,Los Angeles Lakers,Oklahoma City Thunder,0,0
22500768,2026-02-09 22:00:00,1610612744,1610612763,Regular Season,2026,1,Golden State Warriors,Memphis Grizzlies,0,0
22500771,2026-02-10 19:30:00,1610612752,1610612754,Regular Season,2026,0,New York Knicks,Indiana Pacers,0,0
22500772,2026-02-10 20:00:00,1610612745,1610612746,Regular Season,2026,1,Houston Rockets,LA Clippers,0,0
22500773,2026-02-10 21:00:00,1610612756,1610612742,Regular Season,2026,1,Phoenix Suns,Dallas Mavericks,0,0
22500774,2026-02-10 22:30:00,1610612747,1610612759,Regular Season,2026,0,Los Angeles Lakers,San Antonio Spurs,0,0
22500775,2026-02-11 19:00:00,1610612766,1610612737,Regular Season,2026,1,Charlotte Hornets,Atlanta Hawks,0,0
22500777,2026-02-11 19:00:00,1610612753,1610612749,Regular Season,2026,0,Orlando Magic,Milwaukee Bucks,0,0
22500776,2026-02-11 19:00:00,1610612739,1610612764,Regular Season,2026,1,Cleveland Cavaliers,Washington Wizards,0,0
22500778,2026-02-11 19:30:00,1610612738,1610612741,Regular Season,2026,1,Boston Celtics,Chicago Bulls,0,0
22500781,2026-02-11 19:30:00,1610612761,1610612765,Regular Season,2026,0,Toronto Raptors,Detroit Pistons,0,0
22500780,2026-02-11 19:30:00,1610612755,1610612752,Regular Season,2026,0,Philadelphia 76ers,New York Knicks,0,0
22500779,2026-02-11 19:30:00,1610612751,1610612754,Regular Season,2026,0,Brooklyn Nets,Indiana Pacers,0,0
22500783,2026-02-11 20:00:00,1610612750,1610612757,Regular Season,2026,1,Minnesota Timberwolves,Portland Trail Blazers,0,0
22500784,2026-02-11 20:00:00,1610612740,1610612748,Regular Season,2026,0,New Orleans Pelicans,Miami Heat,0,0
22500782,2026-02-11 20:00:00,1610612745,1610612746,Regular Season,2026,0,Houston Rockets,LA Clippers,0,0
22500787,2026-02-11 21:00:00,1610612743,1610612763,Regular Season,2026,1,Denver Nuggets,Memphis Grizzlies,0,0
22500786,2026-02-11 21:00:00,1610612762,1610612758,Regular Season,2026,1,Utah Jazz,Sacramento Kings,0,0
22500785,2026-02-11 21:00:00,1610612756,1610612760,Regular Season,2026,0,Phoenix Suns,Oklahoma City Thunder,0,0
22500788,2026-02-11 22:00:00,1610612744,1610612759,Regular Season,2026,0,Golden State Warriors,San Antonio Spurs,0,0
22500789,2026-02-12 19:30:00,1610612760,1610612749,Regular Season,2026,0,Oklahoma City Thunder,Milwaukee Bucks,0,0
22500790,2026-02-12 21:00:00,1610612762,1610612757,Regular Season,2026,0,Utah Jazz,Portland Trail Blazers,0,0
22500791,2026-02-12 22:00:00,1610612747,1610612742,Regular Season,2026,1,Los Angeles Lakers,Dallas Mavericks,0,0
22500795,2026-02-19 19:00:00,1610612764,1610612754,Regular Season,2026,1,Washington Wizards,Indiana Pacers,0,0
22500794,2026-02-19 19:00:00,1610612755,1610612737,Regular Season,2026,0,Philadelphia 76ers,Atlanta Hawks,0,0
22500793,2026-02-19 19:00:00,1610612739,1610612751,Regular Season,2026,1,Cleveland Cavaliers,Brooklyn Nets,0,0
22500792,2026-02-19 19:00:00,1610612766,1610612745,Regular Season,2026,0,Charlotte Hornets,Houston Rockets,0,0
22500796,2026-02-19 19:30:00,1610612752,1610612765,Regular Season,2026,0,New York Knicks,Detroit Pistons,0,0
22500797,2026-02-19 20:00:00,1610612741,1610612761,Regular Season,2026,0,Chicago Bulls,Toronto Raptors,0,0
22500798,2026-02-19 20:30:00,1610612759,1610612756,Regular Season,2026,1,San Antonio Spurs,Phoenix Suns,0,0
22500800,2026-02-19 22:00:00,1610612758,1610612753,Regular Season,2026,0,Sacramento Kings,Orlando Magic,0,0
22500799,2026-02-19 22:00:00,1610612744,1610612738,Regular Season,2026,0,Golden State Warriors,Boston Celtics,0,0
22500801,2026-02-19 22:30:00,1610612746,1610612743,Regular Season,2026,1,LA Clippers,Denver Nuggets,0,0
22500802,2026-02-20 19:00:00,1610612766,1610612739,Regular Season,2026,0,Charlotte Hornets,Cleveland Cavaliers,0,0
22500803,2026-02-20 19:00:00,1610612764,1610612754,Regular Season,2026,1,Washington Wizards,Indiana Pacers,0,0
22500804,2026-02-20 19:00:00,1610612763,1610612762,Regular Season,2026,1,Memphis Grizzlies,Utah Jazz,0,0
22500806,2026-02-20 19:30:00,1610612750,1610612742,Regular Season,2026,1,Minnesota Timberwolves,Dallas Mavericks,0,0
22500805,2026-02-20 19:30:00,1610612737,1610612748,Regular Season,2026,0,Atlanta Hawks,Miami Heat,0,0
22500808,2026-02-20 20:00:00,1610612760,1610612751,Regular Season,2026,1,Oklahoma City Thunder,Brooklyn Nets,0,0
22500807,2026-02-20 20:00:00,1610612740,1610612749,Regular Season,2026,0,New Orleans Pelicans,Milwaukee Bucks,0,0
22500810,2026-02-20 22:00:00,1610612757,1610612743,Regular Season,2026,0,Portland Trail Blazers,Denver Nuggets,0,0
22500809,2026-02-20 22:00:00,1610612747,1610612746,Regular Season,2026,1,Los Angeles Lakers,LA Clippers,0,0
22500811,2026-02-21 17:00:00,1610612756,1610612753,Regular Season,2026,1,Phoenix Suns,Orlando Magic,0,0
22500812,2026-02-21 19:00:00,1610612740,1610612755,Regular Season,2026,1,New Orleans Pelicans,Philadelphia 76ers,0,0
22500815,2026-02-21 20:00:00,1610612759,1610612758,Regular Season,2026,1,San Antonio Spurs,Sacramento Kings,0,0
22500814,2026-02-21 20:00:00,1610612741,1610612765,Regular Season,2026,0,Chicago Bulls,Detroit Pistons,0,0
22500813,2026-02-21 20:00:00,1610612748,1610612763,Regular Season,2026,1,Miami Heat,Memphis Grizzlies,0,0
22500816,2026-02-21 20:30:00,1610612752,1610612745,Regular Season,2026,1,New York Knicks,Houston Rockets,0,0
22500817,2026-02-22 13:00:00,1610612760,1610612739,Regular Season,2026,1,Oklahoma City Thunder,Cleveland Cavaliers,0,0
22500818,2026-02-22 15:30:00,1610612737,1610612751,Regular Season,2026,1,Atlanta Hawks,Brooklyn Nets,0,0
22500819,2026-02-22 15:30:00,1610612749,1610612761,Regular Season,2026,0,Milwaukee Bucks,Toronto Raptors,0,0
22500820,2026-02-22 15:30:00,1610612744,1610612743,Regular Season,2026,1,Golden State Warriors,Denver Nuggets,0,0
22500821,2026-02-22 17:00:00,1610612754,1610612742,Regular Season,2026,0,Indiana Pacers,Dallas Mavericks,0,0
22500822,2026-02-22 18:00:00,1610612764,1610612766,Regular Season,2026,0,Washington Wizards,Charlotte Hornets,0,0
22500823,2026-02-22 18:30:00,1610612747,1610612738,Regular Season,2026,0,Los Angeles Lakers,Boston Celtics,0,0
22500824,2026-02-22 19:00:00,1610612750,1610612755,Regular Season,2026,0,Minnesota Timberwolves,Philadelphia 76ers,0,0
22500826,2026-02-22 20:00:00,1610612756,1610612757,Regular Season,2026,0,Phoenix Suns,Portland Trail Blazers,0,0
22500825,2026-02-22 20:00:00,1610612741,1610612752,Regular Season,2026,0,Chicago Bulls,New York Knicks,0,0
22500827,2026-02-22 21:00:00,1610612746,1610612753,Regular Season,2026,0,LA Clippers,Orlando Magic,0,0
22500828,2026-02-23 19:00:00,1610612765,1610612759,Regular Season,2026,0,Detroit Pistons,San Antonio Spurs,0,0
22500829,2026-02-23 20:00:00,1610612763,1610612758,Regular Season,2026,0,Memphis Grizzlies,Sacramento Kings,0,0
22500830,2026-02-23 21:30:00,1610612745,1610612762,Regular Season,2026,1,Houston Rockets,Utah Jazz,0,0
22500831,2026-02-24 19:00:00,1610612754,1610612755,Regular Season,2026,0,Indiana Pacers,Philadelphia 76ers,0,0
22500834,2026-02-24 19:30:00,1610612761,1610612760,Regular Season,2026,0,Toronto Raptors,Oklahoma City Thunder,0,0
22500832,2026-02-24 19:30:00,1610612737,1610612764,Regular Season,2026,1,Atlanta Hawks,Washington Wizards,0,0
22500835,2026-02-24 19:30:00,1610612739,1610612752,Regular Season,2026,1,Cleveland Cavaliers,New York Knicks,0,0
22500833,2026-02-24 19:30:00,1610612751,1610612742,Regular Season,2026,0,Brooklyn Nets,Dallas Mavericks,0,0
22500838,2026-02-24 20:00:00,1610612740,1610612744,Regular Season,2026,1,New Orleans Pelicans,Golden State Warriors,0,0
22500837,2026-02-24 20:00:00,1610612749,1610612748,Regular Season,2026,1,Milwaukee Bucks,Miami Heat,0,0
22500836,2026-02-24 20:00:00,1610612741,1610612766,Regular Season,2026,0,Chicago Bulls,Charlotte Hornets,0,0
22500839,2026-02-24 21:00:00,1610612756,1610612738,Regular Season,2026,0,Phoenix Suns,Boston Celtics,0,0
22500841,2026-02-24 22:00:00,1610612757,1610612750,Regular Season,2026,0,Portland Trail Blazers,Minnesota Timberwolves,0,0
22500840,2026-02-24 22:30:00,1610612747,1610612753,Regular Season,2026,0,Los Angeles Lakers,Orlando Magic,0,0
22500844,2026-02-25 19:30:00,1610612763,1610612744,Regular Season,2026,0,Memphis Grizzlies,Golden State Warriors,0,0
22500843,2026-02-25 19:30:00,1610612761,1610612759,Regular Season,2026,0,Toronto Raptors,San Antonio Spurs,0,0
22500842,2026-02-25 19:30:00,1610612765,1610612760,Regular Season,2026,1,Detroit Pistons,Oklahoma City Thunder,0,0
22500846,2026-02-25 20:00:00,1610612749,1610612739,Regular Season,2026,1,Milwaukee Bucks,Cleveland Cavaliers,0,0
22500845,2026-02-25 20:00:00,1610612745,1610612758,Regular Season,2026,1,Houston Rockets,Sacramento Kings,0,0
22500847,2026-02-25 22:00:00,1610612743,1610612738,Regular Season,2026,1,Denver Nuggets,Boston Celtics,0,0
22500849,2026-02-26 19:00:00,1610612755,1610612748,Regular Season,2026,1,Philadelphia 76ers,Miami Heat,0,0
22500848,2026-02-26 19:00:00,1610612754,1610612766,Regular Season,2026,0,Indiana Pacers,Charlotte Hornets,0,0
22500852,2026-02-26 19:30:00,1610612753,1610612745,Regular Season,2026,0,Orlando Magic,Houston Rockets,0,0
22500851,2026-02-26 19:30:00,1610612751,1610612759,Regular Season,2026,0,Brooklyn Nets,San Antonio Spurs,0,0
22500850,2026-02-26 19:30:00,1610612737,1610612764,Regular Season,2026,1,Atlanta Hawks,Washington Wizards,0,0
22500853,2026-02-26 20:00:00,1610612741,1610612757,Regular Season,2026,0,Chicago Bulls,Portland Trail Blazers,0,0
22500854,2026-02-26 20:30:00,1610612742,1610612758,Regular Season,2026,0,Dallas Mavericks,Sacramento Kings,0,0
22500856,2026-02-26 21:00:00,1610612762,1610612740,Regular Season,2026,0,Utah Jazz,New Orleans Pelicans,0,0
22500855,2026-02-26 21:00:00,1610612756,1610612747,Regular Season,2026,1,Phoenix Suns,Los Angeles Lakers,0,0
22500857,2026-02-26 22:00:00,1610612746,1610612750,Regular Season,2026,0,LA Clippers,Minnesota Timberwolves,0,0
22500858,2026-02-27 19:00:00,1610612765,1610612739,Regular Season,2026,1,Detroit Pistons,Cleveland Cavaliers,0,0
22500859,2026-02-27 19:30:00,1610612738,1610612751,Regular Season,2026,1,Boston Celtics,Brooklyn Nets,0,0
22500860,2026-02-27 20:00:00,1610612749,1610612752,Regular Season,2026,0,Milwaukee Bucks,New York Knicks,0,0
22500861,2026-02-27 20:30:00,1610612742,1610612763,Regular Season,2026,0,Dallas Mavericks,Memphis Grizzlies,0,0
22500862,2026-02-27 21:30:00,1610612760,1610612743,Regular Season,2026,1,Oklahoma City Thunder,Denver Nuggets,0,0
22500863,2026-02-28 13:00:00,1610612766,1610612757,Regular Season,2026,1,Charlotte Hornets,Portland Trail Blazers,0,0
22500864,2026-02-28 15:30:00,1610612748,1610612745,Regular Season,2026,1,Miami Heat,Houston Rockets,0,0
22500865,2026-02-28 19:00:00,1610612764,1610612761,Regular Season,2026,0,Washington Wizards,Toronto Raptors,0,0
22500866,2026-02-28 20:30:00,1610612744,1610612747,Regular Season,2026,0,Golden State Warriors,Los Angeles Lakers,0,0
22500867,2026-02-28 21:30:00,1610612762,1610612740,Regular Season,2026,0,Utah Jazz,New Orleans Pelicans,0,0
22500868,2026-03-01 13:00:00,1610612752,1610612759,Regular Season,2026,1,New York Knicks,San Antonio Spurs,0,0
22500871,2026-03-01 15:30:00,1610612743,1610612750,Regular Season,2026,0,Denver Nuggets,Minnesota Timberwolves,0,0
22500870,2026-03-01 15:30:00,1610612741,1610612749,Regular Season,2026,1,Chicago Bulls,Milwaukee Bucks,0,0
22500869,2026-03-01 15:30:00,1610612751,1610612739,Regular Season,2026,0,Brooklyn Nets,Cleveland Cavaliers,0,0
22500872,2026-03-01 17:00:00,1610612754,1610612763,Regular Season,2026,0,Indiana Pacers,Memphis Grizzlies,0,0
22500875,2026-03-01 18:00:00,1610612753,1610612765,Regular Season,2026,0,Orlando Magic,Detroit Pistons,0,0
22500873,2026-03-01 18:00:00,1610612737,1610612757,Regular Season,2026,1,Atlanta Hawks,Portland Trail Blazers,0,0
22500876,2026-03-01 20:00:00,1610612742,1610612760,Regular Season,2026,0,Dallas Mavericks,Oklahoma City Thunder,0,0
22500874,2026-03-01 20:00:00,1610612738,1610612755,Regular Season,2026,1,Boston Celtics,Philadelphia 76ers,0,0
22500877,2026-03-01 21:00:00,1610612746,1610612740,Regular Season,2026,1,LA Clippers,New Orleans Pelicans,0,0
22500878,2026-03-01 21:30:00,1610612747,1610612758,Regular Season,2026,1,Los Angeles Lakers,Sacramento Kings,0,0
22500879,2026-03-02 19:00:00,1610612764,1610612745,Regular Season,2026,0,Washington Wizards,Houston Rockets,0,0
22500880,2026-03-02 19:30:00,1610612749,1610612738,Regular Season,2026,0,Milwaukee Bucks,Boston Celtics,0,0
22500881,2026-03-02 21:00:00,1610612762,1610612743,Regular Season,2026,0,Utah Jazz,Denver Nuggets,0,0
22500882,2026-03-02 22:00:00,1610612744,1610612746,Regular Season,2026,0,Golden State Warriors,LA Clippers,0,0
22500885,2026-03-03 19:00:00,1610612753,1610612764,Regular Season,2026,1,Orlando Magic,Washington Wizards,0,0
22500884,2026-03-03 19:00:00,1610612739,1610612765,Regular Season,2026,1,Cleveland Cavaliers,Detroit Pistons,0,0
22500883,2026-03-03 19:00:00,1610612766,1610612742,Regular Season,2026,1,Charlotte Hornets,Dallas Mavericks,0,0
22500887,2026-03-03 19:30:00,1610612761,1610612752,Regular Season,2026,0,Toronto Raptors,New York Knicks,0,0
22500886,2026-03-03 19:30:00,1610612748,1610612751,Regular Season,2026,1,Miami Heat,Brooklyn Nets,0,0
22500890,2026-03-03 20:00:00,1610612750,1610612763,Regular Season,2026,1,Minnesota Timberwolves,Memphis Grizzlies,0,0
22500889,2026-03-03 20:00:00,1610612741,1610612760,Regular Season,2026,0,Chicago Bulls,Oklahoma City Thunder,0,0
22500888,2026-03-03 20:00:00,1610612755,1610612759,Regular Season,2026,0,Philadelphia 76ers,San Antonio Spurs,0,0
22500891,2026-03-03 22:30:00,1610612747,1610612740,Regular Season,2026,1,Los Angeles Lakers,New Orleans Pelicans,0,0
22500892,2026-03-03 23:00:00,1610612758,1610612756,Regular Season,2026,0,Sacramento Kings,Phoenix Suns,0,0
22500893,2026-03-04 19:00:00,1610612752,1610612760,Regular Season,2026,0,New York Knicks,Oklahoma City Thunder,0,0
22500895,2026-03-04 19:30:00,1610612755,1610612762,Regular Season,2026,1,Philadelphia 76ers,Utah Jazz,0,0
22500894,2026-03-04 19:30:00,1610612738,1610612766,Regular Season,2026,0,Boston Celtics,Charlotte Hornets,0,0
22500896,2026-03-04 20:00:00,1610612763,1610612757,Regular Season,2026,0,Memphis Grizzlies,Portland Trail Blazers,0,0
22500897,2026-03-04 21:30:00,1610612749,1610612737,Regular Season,2026,0,Milwaukee Bucks,Atlanta Hawks,0,0
22500898,2026-03-04 22:30:00,1610612746,1610612754,Regular Season,2026,1,LA Clippers,Indiana Pacers,0,0
22500900,2026-03-05 19:00:00,1610612764,1610612762,Regular Season,2026,0,Washington Wizards,Utah Jazz,0,0
22500899,2026-03-05 19:00:00,1610612753,1610612742,Regular Season,2026,1,Orlando Magic,Dallas Mavericks,0,0
22500902,2026-03-05 19:30:00,1610612745,1610612744,Regular Season,2026,0,Houston Rockets,Golden State Warriors,0,0
22500901,2026-03-05 19:30:00,1610612748,1610612751,Regular Season,2026,1,Miami Heat,Brooklyn Nets,0,0
22500904,2026-03-05 20:00:00,1610612759,1610612765,Regular Season,2026,1,San Antonio Spurs,Detroit Pistons,0,0
22500903,2026-03-05 20:00:00,1610612750,1610612761,Regular Season,2026,1,Minnesota Timberwolves,Toronto Raptors,0,0
22500905,2026-03-05 21:00:00,1610612756,1610612741,Regular Season,2026,0,Phoenix Suns,Chicago Bulls,0,0
22500907,2026-03-05 22:00:00,1610612758,1610612740,Regular Season,2026,0,Sacramento Kings,New Orleans Pelicans,0,0
22500906,2026-03-05 22:00:00,1610612743,1610612747,Regular Season,2026,1,Denver Nuggets,Los Angeles Lakers,0,0
22500908,2026-03-06 19:00:00,1610612738,1610612742,Regular Season,2026,1,Boston Celtics,Dallas Mavericks,0,0
22500909,2026-03-06 19:00:00,1610612766,1610612748,Regular Season,2026,0,Charlotte Hornets,Miami Heat,0,0
22500910,2026-03-06 20:00:00,1610612745,1610612757,Regular Season,2026,1,Houston Rockets,Portland Trail Blazers,0,0
22500912,2026-03-06 21:00:00,1610612756,1610612740,Regular Season,2026,1,Phoenix Suns,New Orleans Pelicans,0,0
22500911,2026-03-06 21:00:00,1610612743,1610612752,Regular Season,2026,0,Denver Nuggets,New York Knicks,0,0
22500913,2026-03-06 21:30:00,1610612759,1610612746,Regular Season,2026,1,San Antonio Spurs,LA Clippers,0,0
22500914,2026-03-06 22:30:00,1610612747,1610612754,Regular Season,2026,1,Los Angeles Lakers,Indiana Pacers,0,0
22500915,2026-03-07 15:00:00,1610612750,1610612753,Regular Season,2026,0,Minnesota Timberwolves,Orlando Magic,0,0
22500917,2026-03-07 18:00:00,1610612737,1610612755,Regular Season,2026,1,Atlanta Hawks,Philadelphia 76ers,0,0
22500916,2026-03-07 18:00:00,1610612765,1610612751,Regular Season,2026,0,Detroit Pistons,Brooklyn Nets,0,0
22500919,2026-03-07 20:00:00,1610612749,1610612762,Regular Season,2026,1,Milwaukee Bucks,Utah Jazz,0,0
22500918,2026-03-07 20:00:00,1610612763,1610612746,Regular Season,2026,0,Memphis Grizzlies,LA Clippers,0,0
22500920,2026-03-07 20:30:00,1610612760,1610612744,Regular Season,2026,1,Oklahoma City Thunder,Golden State Warriors,0,0
22500921,2026-03-08 13:00:00,1610612739,1610612738,Regular Season,2026,0,Cleveland Cavaliers,Boston Celtics,0,0
22500922,2026-03-08 15:30:00,1610612747,1610612752,Regular Season,2026,1,Los Angeles Lakers,New York Knicks,0,0
22500923,2026-03-08 18:00:00,1610612748,1610612765,Regular Season,2026,1,Miami Heat,Detroit Pistons,0,0
22500924,2026-03-08 18:00:00,1610612761,1610612742,Regular Season,2026,1,Toronto Raptors,Dallas Mavericks,0,0
22500925,2026-03-08 19:00:00,1610612740,1610612764,Regular Season,2026,1,New Orleans Pelicans,Washington Wizards,0,0
22500926,2026-03-08 20:00:00,1610612749,1610612753,Regular Season,2026,0,Milwaukee Bucks,Orlando Magic,0,0
22500927,2026-03-08 20:00:00,1610612759,1610612745,Regular Season,2026,1,San Antonio Spurs,Houston Rockets,0,0
22500930,2026-03-08 21:00:00,1610612758,1610612741,Regular Season,2026,1,Sacramento Kings,Chicago Bulls,0,0
22500929,2026-03-08 21:00:00,1610612757,1610612754,Regular Season,2026,1,Portland Trail Blazers,Indiana Pacers,0,0
22500928,2026-03-08 22:00:00,1610612756,1610612766,Regular Season,2026,1,Phoenix Suns,Charlotte Hornets,0,0
22500931,2026-03-09 19:00:00,1610612739,1610612755,Regular Season,2026,1,Cleveland Cavaliers,Philadelphia 76ers,0,0
22500933,2026-03-09 19:30:00,1610612760,1610612743,Regular Season,2026,1,Oklahoma City Thunder,Denver Nuggets,0,0
22500932,2026-03-09 19:30:00,1610612751,1610612763,Regular Season,2026,1,Brooklyn Nets,Memphis Grizzlies,0,0
22500934,2026-03-09 21:00:00,1610612762,1610612744,Regular Season,2026,1,Utah Jazz,Golden State Warriors,0,0
22500935,2026-03-09 22:00:00,1610612746,1610612752,Regular Season,2026,1,LA Clippers,New York Knicks,0,0
22500936,2026-03-10 19:00:00,1610612755,1610612763,Regular Season,2026,1,Philadelphia 76ers,Memphis Grizzlies,0,0
22500937,2026-03-10 19:30:00,1610612751,1610612765,Regular Season,2026,0,Brooklyn Nets,Detroit Pistons,0,0
22500939,2026-03-10 19:30:00,1610612737,1610612742,Regular Season,2026,1,Atlanta Hawks,Dallas Mavericks,0,0
22500938,2026-03-10 19:30:00,1610612748,1610612764,Regular Season,2026,1,Miami Heat,Washington Wizards,0,0
22500941,2026-03-10 20:00:00,1610612749,1610612756,Regular Season,2026,0,Milwaukee Bucks,Phoenix Suns,0,0
22500940,2026-03-10 20:00:00,1610612745,1610612761,Regular Season,2026,1,Houston Rockets,Toronto Raptors,0,0
22500942,2026-03-10 20:00:00,1610612759,1610612738,Regular Season,2026,1,San Antonio Spurs,Boston Celtics,0,0
22500945,2026-03-10 22:00:00,1610612758,1610612754,Regular Season,2026,1,Sacramento Kings,Indiana Pacers,0,0
22500944,2026-03-10 22:00:00,1610612757,1610612766,Regular Season,2026,0,Portland Trail Blazers,Charlotte Hornets,0,0
22500943,2026-03-10 22:00:00,1610612744,1610612741,Regular Season,2026,0,Golden State Warriors,Chicago Bulls,0,0
22500946,2026-03-10 23:00:00,1610612747,1610612750,Regular Season,2026,1,Los Angeles Lakers,Minnesota Timberwolves,0,0
22500947,2026-03-11 19:30:00,1610612753,1610612739,Regular Season,2026,1,Orlando Magic,Cleveland Cavaliers,0,0
22500948,2026-03-11 20:00:00,1610612740,1610612761,Regular Season,2026,1,New Orleans Pelicans,Toronto Raptors,0,0
22500949,2026-03-11 21:00:00,1610612762,1610612752,Regular Season,2026,0,Utah Jazz,New York Knicks,0,0
22500951,2026-03-11 22:00:00,1610612758,1610612766,Regular Season,2026,0,Sacramento Kings,Charlotte Hornets,0,0
22500950,2026-03-11 22:00:00,1610612743,1610612745,Regular Season,2026,1,Denver Nuggets,Houston Rockets,0,0
22500952,2026-03-11 22:30:00,1610612746,1610612750,Regular Season,2026,1,LA Clippers,Minnesota Timberwolves,0,0
22500953,2026-03-12 19:00:00,1610612765,1610612755,Regular Season,2026,1,Detroit Pistons,Philadelphia 76ers,0,0
22500955,2026-03-12 19:00:00,1610612753,1610612764,Regular Season,2026,1,Orlando Magic,Washington Wizards,0,0
22500954,2026-03-12 19:00:00,1610612754,1610612756,Regular Season,2026,0,Indiana Pacers,Phoenix Suns,0,0
22500956,2026-03-12 19:30:00,1610612737,1610612751,Regular Season,2026,1,Atlanta Hawks,Brooklyn Nets,0,0
22500957,2026-03-12 19:30:00,1610612748,1610612749,Regular Season,2026,1,Miami Heat,Milwaukee Bucks,0,0
22501111,2026-03-12 20:00:00,1610612763,1610612742,Regular Season,2026,0,Memphis Grizzlies,Dallas Mavericks,0,0
22500958,2026-03-12 21:00:00,1610612759,1610612743,Regular Season,2026,0,San Antonio Spurs,Denver Nuggets,0,0
22500959,2026-03-12 21:30:00,1610612760,1610612738,Regular Season,2026,1,Oklahoma City Thunder,Boston Celtics,0,0
22500960,2026-03-12 22:30:00,1610612747,1610612741,Regular Season,2026,1,Los Angeles Lakers,Chicago Bulls,0,0
22500965,2026-03-13 19:30:00,1610612742,1610612739,Regular Season,2026,0,Dallas Mavericks,Cleveland Cavaliers,0,0
22500963,2026-03-13 19:30:00,1610612761,1610612756,Regular Season,2026,1,Toronto Raptors,Phoenix Suns,0,0
22500962,2026-03-13 19:30:00,1610612754,1610612752,Regular Season,2026,0,Indiana Pacers,New York Knicks,0,0
22500961,2026-03-13 19:30:00,1610612765,1610612763,Regular Season,2026,1,Detroit Pistons,Memphis Grizzlies,0,0
22500964,2026-03-13 20:00:00,1610612745,1610612740,Regular Season,2026,1,Houston Rockets,New Orleans Pelicans,0,0
22500967,2026-03-13 22:00:00,1610612757,1610612762,Regular Season,2026,1,Portland Trail Blazers,Utah Jazz,0,0
22500966,2026-03-13 22:00:00,1610612744,1610612750,Regular Season,2026,0,Golden State Warriors,Minnesota Timberwolves,0,0
22500968,2026-03-13 22:30:00,1610612746,1610612741,Regular Season,2026,1,LA Clippers,Chicago Bulls,0,0
22500969,2026-03-14 13:00:00,1610612755,1610612751,Regular Season,2026,1,Philadelphia 76ers,Brooklyn Nets,0,0
22500970,2026-03-14 15:00:00,1610612737,1610612749,Regular Season,2026,1,Atlanta Hawks,Milwaukee Bucks,0,0
22500973,2026-03-14 15:30:00,1610612759,1610612766,Regular Season,2026,1,San Antonio Spurs,Charlotte Hornets,0,0
22500971,2026-03-14 18:00:00,1610612738,1610612764,Regular Season,2026,1,Boston Celtics,Washington Wizards,0,0
22500972,2026-03-14 20:00:00,1610612748,1610612753,Regular Season,2026,0,Miami Heat,Orlando Magic,0,0
22500974,2026-03-14 20:30:00,1610612747,1610612743,Regular Season,2026,1,Los Angeles Lakers,Denver Nuggets,0,0
22500975,2026-03-14 22:30:00,1610612746,1610612758,Regular Season,2026,0,LA Clippers,Sacramento Kings,0,0
22500976,2026-03-15 13:00:00,1610612760,1610612750,Regular Season,2026,1,Oklahoma City Thunder,Minnesota Timberwolves,0,0
22500979,2026-03-15 15:30:00,1610612749,1610612754,Regular Season,2026,1,Milwaukee Bucks,Indiana Pacers,0,0
22500978,2026-03-15 15:30:00,1610612761,1610612765,Regular Season,2026,1,Toronto Raptors,Detroit Pistons,0,0
22500977,2026-03-15 15:30:00,1610612739,1610612742,Regular Season,2026,0,Cleveland Cavaliers,Dallas Mavericks,0,0
22500980,2026-03-15 18:00:00,1610612755,1610612757,Regular Season,2026,1,Philadelphia 76ers,Portland Trail Blazers,0,0
22500981,2026-03-15 20:00:00,1610612752,1610612744,Regular Season,2026,1,New York Knicks,Golden State Warriors,0,0
22500982,2026-03-15 22:00:00,1610612758,1610612762,Regular Season,2026,1,Sacramento Kings,Utah Jazz,0,0
22500984,2026-03-16 19:00:00,1610612764,1610612744,Regular Season,2026,0,Washington Wizards,Golden State Warriors,0,0
22500983,2026-03-16 19:00:00,1610612737,1610612753,Regular Season,2026,1,Atlanta Hawks,Orlando Magic,0,0
22500986,2026-03-16 19:30:00,1610612738,1610612756,Regular Season,2026,1,Boston Celtics,Phoenix Suns,0,0
22500985,2026-03-16 19:30:00,1610612751,1610612757,Regular Season,2026,0,Brooklyn Nets,Portland Trail Blazers,0,0
22500988,2026-03-16 20:00:00,1610612740,1610612742,Regular Season,2026,1,New Orleans Pelicans,Dallas Mavericks,0,0
22500987,2026-03-16 20:00:00,1610612741,1610612763,Regular Season,2026,1,Chicago Bulls,Memphis Grizzlies,0,0
22500989,2026-03-16 21:30:00,1610612745,1610612747,Regular Season,2026,0,Houston Rockets,Los Angeles Lakers,0,0
22500990,2026-03-16 22:00:00,1610612746,1610612759,Regular Season,2026,0,LA Clippers,San Antonio Spurs,0,0
22500993,2026-03-17 19:00:00,1610612764,1610612765,Regular Season,2026,0,Washington Wizards,Detroit Pistons,0,0
22500992,2026-03-17 19:00:00,1610612753,1610612760,Regular Season,2026,0,Orlando Magic,Oklahoma City Thunder,0,0
22500991,2026-03-17 19:00:00,1610612766,1610612748,Regular Season,2026,1,Charlotte Hornets,Miami Heat,0,0
22500994,2026-03-17 19:30:00,1610612752,1610612754,Regular Season,2026,1,New York Knicks,Indiana Pacers,0,0
22500996,2026-03-17 20:00:00,1610612750,1610612756,Regular Season,2026,1,Minnesota Timberwolves,Phoenix Suns,0,0
22500995,2026-03-17 20:00:00,1610612749,1610612739,Regular Season,2026,0,Milwaukee Bucks,Cleveland Cavaliers,0,0
22500998,2026-03-17 22:00:00,1610612758,1610612759,Regular Season,2026,0,Sacramento Kings,San Antonio Spurs,0,0
22500997,2026-03-17 22:00:00,1610612743,1610612755,Regular Season,2026,1,Denver Nuggets,Philadelphia 76ers,0,0
22500999,2026-03-18 19:00:00,1610612738,1610612744,Regular Season,2026,1,Boston Celtics,Golden State Warriors,0,0
22501000,2026-03-18 19:30:00,1610612751,1610612760,Regular Season,2026,0,Brooklyn Nets,Oklahoma City Thunder,0,0
22501001,2026-03-18 19:30:00,1610612754,1610612757,Regular Season,2026,0,Indiana Pacers,Portland Trail Blazers,0,0
22501005,2026-03-18 20:00:00,1610612740,1610612746,Regular Season,2026,1,New Orleans Pelicans,LA Clippers,0,0
22501004,2026-03-18 20:00:00,1610612750,1610612762,Regular Season,2026,1,Minnesota Timberwolves,Utah Jazz,0,0
22501002,2026-03-18 20:00:00,1610612741,1610612761,Regular Season,2026,0,Chicago Bulls,Toronto Raptors,0,0
22501006,2026-03-18 20:30:00,1610612742,1610612737,Regular Season,2026,0,Dallas Mavericks,Atlanta Hawks,0,0
22500651,2026-03-18 20:30:00,1610612763,1610612743,Regular Season,2026,1,Memphis Grizzlies,Denver Nuggets,0,0
22501007,2026-03-18 21:30:00,1610612745,1610612747,Regular Season,2026,0,Houston Rockets,Los Angeles Lakers,0,0
22501009,2026-03-19 19:00:00,1610612764,1610612765,Regular Season,2026,0,Washington Wizards,Detroit Pistons,0,0
22501008,2026-03-19 19:00:00,1610612766,1610612753,Regular Season,2026,1,Charlotte Hornets,Orlando Magic,0,0
22501013,2026-03-19 20:00:00,1610612759,1610612756,Regular Season,2026,1,San Antonio Spurs,Phoenix Suns,0,0
22501012,2026-03-19 20:00:00,1610612740,1610612746,Regular Season,2026,1,New Orleans Pelicans,LA Clippers,0,0
22501011,2026-03-19 20:00:00,1610612741,1610612739,Regular Season,2026,0,Chicago Bulls,Cleveland Cavaliers,0,0
22501010,2026-03-19 20:00:00,1610612748,1610612747,Regular Season,2026,0,Miami Heat,Los Angeles Lakers,0,0
22501014,2026-03-19 21:00:00,1610612762,1610612749,Regular Season,2026,1,Utah Jazz,Milwaukee Bucks,0,0
22501015,2026-03-19 22:00:00,1610612758,1610612755,Regular Season,2026,0,Sacramento Kings,Philadelphia 76ers,0,0
22501017,2026-03-20 19:30:00,1610612765,1610612744,Regular Season,2026,1,Detroit Pistons,Golden State Warriors,0,0
22501016,2026-03-20 19:30:00,1610612751,1610612752,Regular Season,2026,0,Brooklyn Nets,New York Knicks,0,0
22501018,2026-03-20 20:00:00,1610612745,1610612737,Regular Season,2026,1,Houston Rockets,Atlanta Hawks,0,0
22501020,2026-03-20 20:00:00,1610612750,1610612757,Regular Season,2026,0,Minnesota Timberwolves,Portland Trail Blazers,0,0
22501019,2026-03-20 20:00:00,1610612763,1610612738,Regular Season,2026,0,Memphis Grizzlies,Boston Celtics,0,0
22501021,2026-03-20 21:00:00,1610612743,1610612761,Regular Season,2026,1,Denver Nuggets,Toronto Raptors,0,0
22501022,2026-03-21 17:00:00,1610612764,1610612760,Regular Season,2026,0,Washington Wizards,Oklahoma City Thunder,0,0
22501023,2026-03-21 19:00:00,1610612766,1610612763,Regular Season,2026,1,Charlotte Hornets,Memphis Grizzlies,0,0
22501025,2026-03-21 19:00:00,1610612740,1610612739,Regular Season,2026,0,New Orleans Pelicans,Cleveland Cavaliers,0,0
22501024,2026-03-21 19:00:00,1610612753,1610612747,Regular Season,2026,0,Orlando Magic,Los Angeles Lakers,0,0
22501028,2026-03-21 20:00:00,1610612759,1610612754,Regular Season,2026,1,San Antonio Spurs,Indiana Pacers,0,0
22501027,2026-03-21 20:00:00,1610612745,1610612748,Regular Season,2026,1,Houston Rockets,Miami Heat,0,0
22501026,2026-03-21 20:00:00,1610612737,1610612744,Regular Season,2026,1,Atlanta Hawks,Golden State Warriors,0,0
22501029,2026-03-21 20:30:00,1610612742,1610612746,Regular Season,2026,0,Dallas Mavericks,LA Clippers,0,0
22501030,2026-03-21 21:30:00,1610612762,1610612755,Regular Season,2026,0,Utah Jazz,Philadelphia 76ers,0,0
22501031,2026-03-21 22:00:00,1610612756,1610612749,Regular Season,2026,0,Phoenix Suns,Milwaukee Bucks,0,0
22501032,2026-03-22 17:00:00,1610612743,1610612757,Regular Season,2026,1,Denver Nuggets,Portland Trail Blazers,0,0
22501033,2026-03-22 18:00:00,1610612758,1610612751,Regular Season,2026,1,Sacramento Kings,Brooklyn Nets,0,0
22501034,2026-03-22 19:30:00,1610612752,1610612764,Regular Season,2026,1,New York Knicks,Washington Wizards,0,0
22501035,2026-03-22 20:00:00,1610612738,1610612750,Regular Season,2026,0,Boston Celtics,Minnesota Timberwolves,0,0
22501036,2026-03-22 21:00:00,1610612756,1610612761,Regular Season,2026,1,Phoenix Suns,Toronto Raptors,0,0
22501039,2026-03-23 19:00:00,1610612753,1610612754,Regular Season,2026,0,Orlando Magic,Indiana Pacers,0,0
22501038,2026-03-23 19:00:00,1610612765,1610612747,Regular Season,2026,1,Detroit Pistons,Los Angeles Lakers,0,0
22501041,2026-03-23 19:00:00,1610612748,1610612759,Regular Season,2026,0,Miami Heat,San Antonio Spurs,0,0
22501040,2026-03-23 19:00:00,1610612755,1610612760,Regular Season,2026,0,Philadelphia 76ers,Oklahoma City Thunder,0,0
22501037,2026-03-23 19:30:00,1610612737,1610612763,Regular Season,2026,1,Atlanta Hawks,Memphis Grizzlies,0,0
22501042,2026-03-23 20:00:00,1610612741,1610612745,Regular Season,2026,1,Chicago Bulls,Houston Rockets,0,0
22501043,2026-03-23 21:00:00,1610612762,1610612761,Regular Season,2026,0,Utah Jazz,Toronto Raptors,0,0
22501044,2026-03-23 21:30:00,1610612742,1610612744,Regular Season,2026,0,Dallas Mavericks,Golden State Warriors,0,0
22501045,2026-03-23 22:00:00,1610612757,1610612751,Regular Season,2026,1,Portland Trail Blazers,Brooklyn Nets,0,0
22501046,2026-03-23 22:30:00,1610612746,1610612749,Regular Season,2026,1,LA Clippers,Milwaukee Bucks,0,0
22501047,2026-03-24 19:00:00,1610612766,1610612758,Regular Season,2026,1,Charlotte Hornets,Sacramento Kings,0,0
22501048,2026-03-24 19:30:00,1610612752,1610612740,Regular Season,2026,1,New York Knicks,New Orleans Pelicans,0,0
22501049,2026-03-24 20:00:00,1610612739,1610612753,Regular Season,2026,1,Cleveland Cavaliers,Orlando Magic,0,0
22501050,2026-03-24 23:00:00,1610612756,1610612743,Regular Season,2026,0,Phoenix Suns,Denver Nuggets,0,0
22501052,2026-03-25 19:00:00,1610612754,1610612747,Regular Season,2026,0,Indiana Pacers,Los Angeles Lakers,0,0
22501053,2026-03-25 19:00:00,1610612755,1610612741,Regular Season,2026,1,Philadelphia 76ers,Chicago Bulls,0,0
22501051,2026-03-25 19:00:00,1610612765,1610612737,Regular Season,2026,0,Detroit Pistons,Atlanta Hawks,0,0
22501055,2026-03-25 19:30:00,1610612739,1610612748,Regular Season,2026,0,Cleveland Cavaliers,Miami Heat,0,0
22501054,2026-03-25 19:30:00,1610612738,1610612760,Regular Season,2026,1,Boston Celtics,Oklahoma City Thunder,0,0
22501056,2026-03-25 20:00:00,1610612763,1610612759,Regular Season,2026,0,Memphis Grizzlies,San Antonio Spurs,0,0
22501057,2026-03-25 21:00:00,1610612762,1610612764,Regular Season,2026,0,Utah Jazz,Washington Wizards,0,0
22501058,2026-03-25 21:30:00,1610612750,1610612745,Regular Season,2026,1,Minnesota Timberwolves,Houston Rockets,0,0
22501061,2026-03-25 22:00:00,1610612757,1610612749,Regular Season,2026,1,Portland Trail Blazers,Milwaukee Bucks,0,0
22501060,2026-03-25 22:00:00,1610612744,1610612751,Regular Season,2026,1,Golden State Warriors,Brooklyn Nets,0,0
22501059,2026-03-25 22:00:00,1610612743,1610612742,Regular Season,2026,1,Denver Nuggets,Dallas Mavericks,0,0
22501062,2026-03-25 22:30:00,1610612746,1610612761,Regular Season,2026,1,LA Clippers,Toronto Raptors,0,0
22501065,2026-03-26 19:00:00,1610612753,1610612758,Regular Season,2026,1,Orlando Magic,Sacramento Kings,0,0
22501064,2026-03-26 19:00:00,1610612765,1610612740,Regular Season,2026,1,Detroit Pistons,New Orleans Pelicans,0,0
22501063,2026-03-26 19:00:00,1610612766,1610612752,Regular Season,2026,1,Charlotte Hornets,New York Knicks,0,0
22501066,2026-03-27 19:00:00,1610612754,1610612746,Regular Season,2026,0,Indiana Pacers,LA Clippers,0,0
22501067,2026-03-27 19:30:00,1610612738,1610612737,Regular Season,2026,1,Boston Celtics,Atlanta Hawks,0,0
22501068,2026-03-27 19:30:00,1610612739,1610612748,Regular Season,2026,1,Cleveland Cavaliers,Miami Heat,0,0
22501070,2026-03-27 20:00:00,1610612760,1610612741,Regular Season,2026,1,Oklahoma City Thunder,Chicago Bulls,0,0
22501069,2026-03-27 20:00:00,1610612763,1610612745,Regular Season,2026,0,Memphis Grizzlies,Houston Rockets,0,0
22501071,2026-03-27 20:30:00,1610612761,1610612740,Regular Season,2026,1,Toronto Raptors,New Orleans Pelicans,0,0
22501072,2026-03-27 21:00:00,1610612743,1610612762,Regular Season,2026,1,Denver Nuggets,Utah Jazz,0,0
22501074,2026-03-27 22:00:00,1610612757,1610612742,Regular Season,2026,0,Portland Trail Blazers,Dallas Mavericks,0,0
22501073,2026-03-27 22:00:00,1610612744,1610612764,Regular Season,2026,1,Golden State Warriors,Washington Wizards,0,0
22501075,2026-03-27 22:30:00,1610612747,1610612751,Regular Season,2026,1,Los Angeles Lakers,Brooklyn Nets,0,0
22501076,2026-03-28 15:00:00,1610612749,1610612759,Regular Season,2026,0,Milwaukee Bucks,San Antonio Spurs,0,0
22501080,2026-03-28 17:30:00,1610612750,1610612765,Regular Season,2026,0,Minnesota Timberwolves,Detroit Pistons,0,0
22501077,2026-03-28 18:00:00,1610612766,1610612755,Regular Season,2026,0,Charlotte Hornets,Philadelphia 76ers,0,0
22501078,2026-03-28 19:30:00,1610612737,1610612758,Regular Season,2026,1,Atlanta Hawks,Sacramento Kings,0,0
22501079,2026-03-28 20:00:00,1610612763,1610612741,Regular Season,2026,1,Memphis Grizzlies,Chicago Bulls,0,0
22501081,2026-03-28 22:00:00,1610612756,1610612762,Regular Season,2026,1,Phoenix Suns,Utah Jazz,0,0
22501082,2026-03-29 15:30:00,1610612749,1610612746,Regular Season,2026,0,Milwaukee Bucks,LA Clippers,0,0
22501083,2026-03-29 17:00:00,1610612754,1610612748,Regular Season,2026,1,Indiana Pacers,Miami Heat,0,0
22501087,2026-03-29 18:00:00,1610612757,1610612764,Regular Season,2026,1,Portland Trail Blazers,Washington Wizards,0,0
22501086,2026-03-29 18:00:00,1610612761,1610612753,Regular Season,2026,1,Toronto Raptors,Orlando Magic,0,0
22501085,2026-03-29 18:00:00,1610612766,1610612738,Regular Season,2026,0,Charlotte Hornets,Boston Celtics,0,0
22501084,2026-03-29 18:00:00,1610612751,1610612758,Regular Season,2026,1,Brooklyn Nets,Sacramento Kings,0,0
22501088,2026-03-29 19:00:00,1610612740,1610612745,Regular Season,2026,0,New Orleans Pelicans,Houston Rockets,0,0
22501089,2026-03-29 19:30:00,1610612760,1610612752,Regular Season,2026,1,Oklahoma City Thunder,New York Knicks,0,0
22501090,2026-03-29 22:00:00,1610612743,1610612744,Regular Season,2026,1,Denver Nuggets,Golden State Warriors,0,0
22501091,2026-03-30 19:00:00,1610612748,1610612755,Regular Season,2026,1,Miami Heat,Philadelphia 76ers,0,0
22501092,2026-03-30 19:30:00,1610612737,1610612738,Regular Season,2026,1,Atlanta Hawks,Boston Celtics,0,0
22501094,2026-03-30 20:00:00,1610612759,1610612741,Regular Season,2026,1,San Antonio Spurs,Chicago Bulls,0,0
22501093,2026-03-30 20:00:00,1610612763,1610612756,Regular Season,2026,0,Memphis Grizzlies,Phoenix Suns,0,0
22501095,2026-03-30 20:30:00,1610612742,1610612750,Regular Season,2026,0,Dallas Mavericks,Minnesota Timberwolves,0,0
22501096,2026-03-30 21:00:00,1610612762,1610612739,Regular Season,2026,0,Utah Jazz,Cleveland Cavaliers,0,0
22501097,2026-03-30 21:30:00,1610612760,1610612765,Regular Season,2026,1,Oklahoma City Thunder,Detroit Pistons,0,0
22501098,2026-03-30 22:00:00,1610612747,1610612764,Regular Season,2026,1,Los Angeles Lakers,Washington Wizards,0,0
22501099,2026-03-31 19:00:00,1610612753,1610612756,Regular Season,2026,1,Orlando Magic,Phoenix Suns,0,0
22501100,2026-03-31 19:30:00,1610612751,1610612766,Regular Season,2026,0,Brooklyn Nets,Charlotte Hornets,0,0
22501102,2026-03-31 20:00:00,1610612745,1610612752,Regular Season,2026,1,Houston Rockets,New York Knicks,0,0
22501101,2026-03-31 20:00:00,1610612765,1610612761,Regular Season,2026,1,Detroit Pistons,Toronto Raptors,0,0
22500652,2026-03-31 20:00:00,1610612749,1610612742,Regular Season,2026,1,Milwaukee Bucks,Dallas Mavericks,0,0
22501103,2026-03-31 22:30:00,1610612747,1610612739,Regular Season,2026,1,Los Angeles Lakers,Cleveland Cavaliers,0,0
22501104,2026-03-31 23:00:00,1610612746,1610612757,Regular Season,2026,0,LA Clippers,Portland Trail Blazers,0,0
22501107,2026-04-01 19:00:00,1610612753,1610612737,Regular Season,2026,0,Orlando Magic,Atlanta Hawks,0,0
22501105,2026-04-01 19:00:00,1610612764,1610612755,Regular Season,2026,0,Washington Wizards,Philadelphia 76ers,0,0
22501106,2026-04-01 19:30:00,1610612748,1610612738,Regular Season,2026,0,Miami Heat,Boston Celtics,0,0
22501108,2026-04-01 20:00:00,1610612761,1610612758,Regular Season,2026,0,Toronto Raptors,Sacramento Kings,0,0
22501003,2026-04-01 20:00:00,1610612763,1610612752,Regular Season,2026,0,Memphis Grizzlies,New York Knicks,0,0
22501110,2026-04-01 20:00:00,1610612745,1610612749,Regular Season,2026,1,Houston Rockets,Milwaukee Bucks,0,0
22501109,2026-04-01 20:00:00,1610612741,1610612754,Regular Season,2026,0,Chicago Bulls,Indiana Pacers,0,0
22501112,2026-04-01 21:00:00,1610612762,1610612743,Regular Season,2026,0,Utah Jazz,Denver Nuggets,0,0
22501113,2026-04-01 22:00:00,1610612744,1610612759,Regular Season,2026,0,Golden State Warriors,San Antonio Spurs,0,0
22501115,2026-04-02 19:00:00,1610612765,1610612750,Regular Season,2026,1,Detroit Pistons,Minnesota Timberwolves,0,0
22501114,2026-04-02 19:00:00,1610612766,1610612756,Regular Season,2026,1,Charlotte Hornets,Phoenix Suns,0,0
22501116,2026-04-02 21:30:00,1610612760,1610612747,Regular Season,2026,1,Oklahoma City Thunder,Los Angeles Lakers,0,0
22501118,2026-04-02 22:00:00,1610612757,1610612740,Regular Season,2026,1,Portland Trail Blazers,New Orleans Pelicans,0,0
22501117,2026-04-02 22:00:00,1610612744,1610612739,Regular Season,2026,0,Golden State Warriors,Cleveland Cavaliers,0,0
22501119,2026-04-02 22:30:00,1610612746,1610612759,Regular Season,2026,0,LA Clippers,San Antonio Spurs,0,0
22501121,2026-04-03 19:00:00,1610612755,1610612750,Regular Season,2026,1,Philadelphia 76ers,Minnesota Timberwolves,0,0
22501120,2026-04-03 19:00:00,1610612766,1610612754,Regular Season,2026,1,Charlotte Hornets,Indiana Pacers,0,0
22501123,2026-04-03 19:30:00,1610612752,1610612741,Regular Season,2026,1,New York Knicks,Chicago Bulls,0,0
22501122,2026-04-03 19:30:00,1610612751,1610612737,Regular Season,2026,0,Brooklyn Nets,Atlanta Hawks,0,0
22501124,2026-04-03 20:00:00,1610612745,1610612762,Regular Season,2026,1,Houston Rockets,Utah Jazz,0,0
22501126,2026-04-03 20:00:00,1610612749,1610612738,Regular Season,2026,0,Milwaukee Bucks,Boston Celtics,0,0
22501125,2026-04-03 20:00:00,1610612763,1610612761,Regular Season,2026,0,Memphis Grizzlies,Toronto Raptors,0,0
22501127,2026-04-03 20:30:00,1610612742,1610612753,Regular Season,2026,0,Dallas Mavericks,Orlando Magic,0,0
22501128,2026-04-03 22:00:00,1610612758,1610612740,Regular Season,2026,1,Sacramento Kings,New Orleans Pelicans,0,0
22501130,2026-04-04 15:00:00,1610612743,1610612759,Regular Season,2026,1,Denver Nuggets,San Antonio Spurs,0,0
22501129,2026-04-04 15:00:00,1610612748,1610612764,Regular Season,2026,1,Miami Heat,Washington Wizards,0,0
22501131,2026-04-04 19:00:00,1610612755,1610612765,Regular Season,2026,0,Philadelphia 76ers,Detroit Pistons,0,0
22501135,2026-04-05 15:30:00,1610612749,1610612763,Regular Season,2026,1,Milwaukee Bucks,Memphis Grizzlies,0,0
22501134,2026-04-05 15:30:00,1610612741,1610612756,Regular Season,2026,0,Chicago Bulls,Phoenix Suns,0,0
22501133,2026-04-05 15:30:00,1610612751,1610612764,Regular Season,2026,1,Brooklyn Nets,Washington Wizards,0,0
22501132,2026-04-05 15:30:00,1610612738,1610612761,Regular Season,2026,1,Boston Celtics,Toronto Raptors,0,0
22501136,2026-04-05 18:00:00,1610612739,1610612754,Regular Season,2026,1,Cleveland Cavaliers,Indiana Pacers,0,0
22501139,2026-04-05 19:00:00,1610612760,1610612762,Regular Season,2026,1,Oklahoma City Thunder,Utah Jazz,0,0
22501138,2026-04-05 19:00:00,1610612740,1610612753,Regular Season,2026,0,New Orleans Pelicans,Orlando Magic,0,0
22501137,2026-04-05 19:00:00,1610612750,1610612766,Regular Season,2026,0,Minnesota Timberwolves,Charlotte Hornets,0,0
22501140,2026-04-05 19:30:00,1610612742,1610612747,Regular Season,2026,1,Dallas Mavericks,Los Angeles Lakers,0,0
22501141,2026-04-05 21:00:00,1610612758,1610612746,Regular Season,2026,0,Sacramento Kings,LA Clippers,0,0
22501142,2026-04-05 22:00:00,1610612744,1610612745,Regular Season,2026,0,Golden State Warriors,Houston Rockets,0,0
22501144,2026-04-06 19:00:00,1610612753,1610612765,Regular Season,2026,1,Orlando Magic,Detroit Pistons,0,0
22501143,2026-04-06 19:00:00,1610612737,1610612752,Regular Season,2026,0,Atlanta Hawks,New York Knicks,0,0
22501146,2026-04-06 20:00:00,1610612759,1610612755,Regular Season,2026,1,San Antonio Spurs,Philadelphia 76ers,0,0
22501145,2026-04-06 20:00:00,1610612763,1610612739,Regular Season,2026,0,Memphis Grizzlies,Cleveland Cavaliers,0,0
22501147,2026-04-06 21:00:00,1610612743,1610612757,Regular Season,2026,1,Denver Nuggets,Portland Trail Blazers,0,0
22501152,2026-04-07 19:00:00,1610612754,1610612750,Regular Season,2026,0,Indiana Pacers,Minnesota Timberwolves,0,0
22501148,2026-04-07 19:00:00,1610612764,1610612741,Regular Season,2026,0,Washington Wizards,Chicago Bulls,0,0
22501151,2026-04-07 19:30:00,1610612761,1610612748,Regular Season,2026,1,Toronto Raptors,Miami Heat,0,0
22501150,2026-04-07 19:30:00,1610612751,1610612749,Regular Season,2026,1,Brooklyn Nets,Milwaukee Bucks,0,0
22501153,2026-04-07 20:00:00,1610612740,1610612762,Regular Season,2026,1,New Orleans Pelicans,Utah Jazz,0,0
22501149,2026-04-07 20:00:00,1610612738,1610612766,Regular Season,2026,1,Boston Celtics,Charlotte Hornets,0,0
22501154,2026-04-07 22:00:00,1610612744,1610612758,Regular Season,2026,1,Golden State Warriors,Sacramento Kings,0,0
22501156,2026-04-07 22:30:00,1610612746,1610612742,Regular Season,2026,1,LA Clippers,Dallas Mavericks,0,0
22501155,2026-04-07 22:30:00,1610612747,1610612760,Regular Season,2026,0,Los Angeles Lakers,Oklahoma City Thunder,0,0
22501157,2026-04-07 23:00:00,1610612756,1610612745,Regular Season,2026,0,Phoenix Suns,Houston Rockets,0,0
22501158,2026-04-08 19:00:00,1610612739,1610612737,Regular Season,2026,1,Cleveland Cavaliers,Atlanta Hawks,0,0
22501159,2026-04-08 19:00:00,1610612753,1610612750,Regular Season,2026,1,Orlando Magic,Minnesota Timberwolves,0,0
22501160,2026-04-08 19:00:00,1610612765,1610612749,Regular Season,2026,1,Detroit Pistons,Milwaukee Bucks,0,0
22501162,2026-04-08 21:00:00,1610612743,1610612763,Regular Season,2026,1,Denver Nuggets,Memphis Grizzlies,0,0
22501161,2026-04-08 21:30:00,1610612759,1610612757,Regular Season,2026,1,San Antonio Spurs,Portland Trail Blazers,0,0
22501164,2026-04-08 22:00:00,1610612756,1610612742,Regular Season,2026,1,Phoenix Suns,Dallas Mavericks,0,0
22501163,2026-04-08 22:00:00,1610612746,1610612760,Regular Season,2026,0,LA Clippers,Oklahoma City Thunder,0,0
22501166,2026-04-09 19:00:00,1610612764,1610612741,Regular Season,2026,0,Washington Wizards,Chicago Bulls,0,0
22501165,2026-04-09 19:00:00,1610612761,1610612748,Regular Season,2026,1,Toronto Raptors,Miami Heat,0,0
22501168,2026-04-09 19:30:00,1610612752,1610612738,Regular Season,2026,1,New York Knicks,Boston Celtics,0,0
22501167,2026-04-09 19:30:00,1610612751,1610612754,Regular Season,2026,0,Brooklyn Nets,Indiana Pacers,0,0
22501169,2026-04-09 20:00:00,1610612745,1610612755,Regular Season,2026,1,Houston Rockets,Philadelphia 76ers,0,0
22501170,2026-04-09 22:00:00,1610612744,1610612747,Regular Season,2026,0,Golden State Warriors,Los Angeles Lakers,0,0
22501171,2026-04-10 19:00:00,1610612766,1610612765,Regular Season,2026,0,Charlotte Hornets,Detroit Pistons,0,0
22501173,2026-04-10 19:00:00,1610612737,1610612739,Regular Season,2026,1,Atlanta Hawks,Cleveland Cavaliers,0,0
22501172,2026-04-10 19:00:00,1610612764,1610612748,Regular Season,2026,0,Washington Wizards,Miami Heat,0,0
22501176,2026-04-10 19:30:00,1610612752,1610612761,Regular Season,2026,1,New York Knicks,Toronto Raptors,0,0
22501175,2026-04-10 19:30:00,1610612754,1610612755,Regular Season,2026,0,Indiana Pacers,Philadelphia 76ers,0,0
22501174,2026-04-10 19:30:00,1610612738,1610612740,Regular Season,2026,1,Boston Celtics,New Orleans Pelicans,0,0
22501180,2026-04-10 20:00:00,1610612759,1610612742,Regular Season,2026,1,San Antonio Spurs,Dallas Mavericks,0,0
22501179,2026-04-10 20:00:00,1610612749,1610612751,Regular Season,2026,1,Milwaukee Bucks,Brooklyn Nets,0,0
22501177,2026-04-10 20:00:00,1610612741,1610612753,Regular Season,2026,0,Chicago Bulls,Orlando Magic,0,0
22501182,2026-04-10 21:00:00,1610612743,1610612760,Regular Season,2026,1,Denver Nuggets,Oklahoma City Thunder,0,0
22501181,2026-04-10 21:30:00,1610612762,1610612763,Regular Season,2026,1,Utah Jazz,Memphis Grizzlies,0,0
22501178,2026-04-10 21:30:00,1610612745,1610612750,Regular Season,2026,0,Houston Rockets,Minnesota Timberwolves,0,0
22501184,2026-04-10 22:00:00,1610612758,1610612744,Regular Season,2026,1,Sacramento Kings,Golden State Warriors,0,0
22501183,2026-04-10 22:00:00,1610612757,1610612746,Regular Season,2026,1,Portland Trail Blazers,LA Clippers,0,0
22501185,2026-04-10 22:30:00,1610612747,1610612756,Regular Season,2026,1,Los Angeles Lakers,Phoenix Suns,0,0
22501186,2026-04-12 18:00:00,1610612738,1610612753,Regular Season,2026,1,Boston Celtics,Orlando Magic,0,0
22501187,2026-04-12 18:00:00,1610612739,1610612764,Regular Season,2026,1,Cleveland Cavaliers,Washington Wizards,0,0
22501188,2026-04-12 18:00:00,1610612754,1610612765,Regular Season,2026,0,Indiana Pacers,Detroit Pistons,0,0
22501190,2026-04-12 18:00:00,1610612752,1610612766,Regular Season,2026,0,New York Knicks,Charlotte Hornets,0,0
22501191,2026-04-12 18:00:00,1610612755,1610612749,Regular Season,2026,1,Philadelphia 76ers,Milwaukee Bucks,0,0
22501192,2026-04-12 18:00:00,1610612761,1610612751,Regular Season,2026,1,Toronto Raptors,Brooklyn Nets,0,0
22501189,2026-04-12 18:00:00,1610612748,1610612737,Regular Season,2026,1,Miami Heat,Atlanta Hawks,0,0
22501200,2026-04-12 20:30:00,1610612757,1610612758,Regular Season,2026,1,Portland Trail Blazers,Sacramento Kings,0,0
22501199,2026-04-12 20:30:00,1610612746,1610612744,Regular Season,2026,1,LA Clippers,Golden State Warriors,0,0
22501198,2026-04-12 20:30:00,1610612747,1610612762,Regular Season,2026,1,Los Angeles Lakers,Utah Jazz,0,0
22501197,2026-04-12 20:30:00,1610612759,1610612743,Regular Season,2026,0,San Antonio Spurs,Denver Nuggets,0,0
22501196,2026-04-12 20:30:00,1610612760,1610612756,Regular Season,2026,0,Oklahoma City Thunder,Phoenix Suns,0,0
22501195,2026-04-12 20:30:00,1610612750,1610612740,Regular Season,2026,1,Minnesota Timberwolves,New Orleans Pelicans,0,0
22501194,2026-04-12 20:30:00,1610612745,1610612763,Regular Season,2026,1,Houston Rockets,Memphis Grizzlies,0,0
22501193,2026-04-12 20:30:00,1610612742,1610612741,Regular Season,2026,1,Dallas Mavericks,Chicago Bulls,0,0
52500111,2026-04-14 19:30:00,1610612766,1610612748,Play-in Tournament,2026,1,Charlotte Hornets,Miami Heat,1,0
52500121,2026-04-14 22:00:00,1610612756,1610612757,Play-in Tournament,2026,0,Phoenix Suns,Portland Trail Blazers,1,0
52500101,2026-04-15 19:30:00,1610612755,1610612753,Play-in Tournament,2026,1,Philadelphia 76ers,Orlando Magic,1,0
52500131,2026-04-15 22:00:00,1610612746,1610612744,Play-in Tournament,2026,0,LA Clippers,Golden State Warriors,1,0
52500201,2026-04-17 19:30:00,1610612753,1610612766,Play-in Tournament,2026,1,Orlando Magic,Charlotte Hornets,1,0
52500211,2026-04-17 22:00:00,1610612756,1610612744,Play-in Tournament,2026,1,Phoenix Suns,Golden State Warriors,1,0
42500131,2026-04-18 13:00:00,1610612739,1610612761,Playoffs,2026,1,Cleveland Cavaliers,Toronto Raptors,1,0
42500161,2026-04-18 15:30:00,1610612743,1610612750,Playoffs,2026,1,Denver Nuggets,Minnesota Timberwolves,1,0
42500121,2026-04-18 18:00:00,1610612752,1610612737,Playoffs,2026,1,New York Knicks,Atlanta Hawks,1,0
42500171,2026-04-18 20:30:00,1610612747,1610612745,Playoffs,2026,1,Los Angeles Lakers,Houston Rockets,1,0
42500111,2026-04-19 13:00:00,1610612738,1610612755,Playoffs,2026,1,Boston Celtics,Philadelphia 76ers,1,0
42500141,2026-04-19 15:30:00,1610612760,1610612756,Playoffs,2026,1,Oklahoma City Thunder,Phoenix Suns,1,0
42500101,2026-04-19 18:30:00,1610612765,1610612753,Playoffs,2026,0,Detroit Pistons,Orlando Magic,1,0
42500151,2026-04-19 21:00:00,1610612759,1610612757,Playoffs,2026,1,San Antonio Spurs,Portland Trail Blazers,1,0
42500132,2026-04-20 19:00:00,1610612739,1610612761,Playoffs,2026,1,Cleveland Cavaliers,Toronto Raptors,1,0
42500122,2026-04-20 20:00:00,1610612752,1610612737,Playoffs,2026,0,New York Knicks,Atlanta Hawks,1,0
42500162,2026-04-20 22:30:00,1610612743,1610612750,Playoffs,2026,0,Denver Nuggets,Minnesota Timberwolves,1,0
42500112,2026-04-21 19:00:00,1610612738,1610612755,Playoffs,2026,0,Boston Celtics,Philadelphia 76ers,1,0
42500152,2026-04-21 20:00:00,1610612759,1610612757,Playoffs,2026,0,San Antonio Spurs,Portland Trail Blazers,1,0
42500172,2026-04-21 22:30:00,1610612747,1610612745,Playoffs,2026,1,Los Angeles Lakers,Houston Rockets,1,0
42500102,2026-04-22 19:00:00,1610612765,1610612753,Playoffs,2026,1,Detroit Pistons,Orlando Magic,1,0
42500142,2026-04-22 21:30:00,1610612760,1610612756,Playoffs,2026,1,Oklahoma City Thunder,Phoenix Suns,1,0
42500123,2026-04-23 19:00:00,1610612737,1610612752,Playoffs,2026,1,Atlanta Hawks,New York Knicks,1,0
42500133,2026-04-23 20:00:00,1610612761,1610612739,Playoffs,2026,1,Toronto Raptors,Cleveland Cavaliers,1,0
42500163,2026-04-23 21:30:00,1610612750,1610612743,Playoffs,2026,1,Minnesota Timberwolves,Denver Nuggets,1,0
42500113,2026-04-24 19:00:00,1610612755,1610612738,Playoffs,2026,0,Philadelphia 76ers,Boston Celtics,1,0
42500173,2026-04-24 20:00:00,1610612745,1610612747,Playoffs,2026,0,Houston Rockets,Los Angeles Lakers,1,0
42500153,2026-04-24 22:30:00,1610612757,1610612759,Playoffs,2026,0,Portland Trail Blazers,San Antonio Spurs,1,0
42500103,2026-04-25 13:00:00,1610612753,1610612765,Playoffs,2026,1,Orlando Magic,Detroit Pistons,1,0
42500143,2026-04-25 15:30:00,1610612756,1610612760,Playoffs,2026,0,Phoenix Suns,Oklahoma City Thunder,1,0
42500124,2026-04-25 18:00:00,1610612737,1610612752,Playoffs,2026,0,Atlanta Hawks,New York Knicks,1,0
42500164,2026-04-25 20:30:00,1610612750,1610612743,Playoffs,2026,1,Minnesota Timberwolves,Denver Nuggets,1,0
42500134,2026-04-26 13:00:00,1610612761,1610612739,Playoffs,2026,1,Toronto Raptors,Cleveland Cavaliers,1,0
42500154,2026-04-26 15:30:00,1610612757,1610612759,Playoffs,2026,0,Portland Trail Blazers,San Antonio Spurs,1,0
42500114,2026-04-26 19:00:00,1610612755,1610612738,Playoffs,2026,0,Philadelphia 76ers,Boston Celtics,1,0
42500174,2026-04-26 21:30:00,1610612745,1610612747,Playoffs,2026,1,Houston Rockets,Los Angeles Lakers,1,0
42500104,2026-04-27 20:00:00,1610612753,1610612765,Playoffs,2026,1,Orlando Magic,Detroit Pistons,1,0
42500144,2026-04-27 21:30:00,1610612756,1610612760,Playoffs,2026,0,Phoenix Suns,Oklahoma City Thunder,1,0
42500165,2026-04-27 22:30:00,1610612743,1610612750,Playoffs,2026,1,Denver Nuggets,Minnesota Timberwolves,1,0
42500115,2026-04-28 19:00:00,1610612738,1610612755,Playoffs,2026,0,Boston Celtics,Philadelphia 76ers,1,0
42500125,2026-04-28 20:00:00,1610612752,1610612737,Playoffs,2026,1,New York Knicks,Atlanta Hawks,1,0
42500155,2026-04-28 21:30:00,1610612759,1610612757,Playoffs,2026,1,San Antonio Spurs,Portland Trail Blazers,1,0
42500105,2026-04-29 19:00:00,1610612765,1610612753,Playoffs,2026,1,Detroit Pistons,Orlando Magic,1,0
42500135,2026-04-29 19:30:00,1610612739,1610612761,Playoffs,2026,1,Cleveland Cavaliers,Toronto Raptors,1,0
42500175,2026-04-29 22:00:00,1610612747,1610612745,Playoffs,2026,0,Los Angeles Lakers,Houston Rockets,1,0
42500126,2026-04-30 19:00:00,1610612737,1610612752,Playoffs,2026,0,Atlanta Hawks,New York Knicks,1,0
42500116,2026-04-30 20:00:00,1610612755,1610612738,Playoffs,2026,1,Philadelphia 76ers,Boston Celtics,1,0
42500166,2026-04-30 21:30:00,1610612750,1610612743,Playoffs,2026,1,Minnesota Timberwolves,Denver Nuggets,1,0
42500106,2026-05-01 19:00:00,1610612753,1610612765,Playoffs,2026,0,Orlando Magic,Detroit Pistons,1,0
42500136,2026-05-01 19:30:00,1610612761,1610612739,Playoffs,2026,1,Toronto Raptors,Cleveland Cavaliers,1,0
42500176,2026-05-01 21:30:00,1610612745,1610612747,Playoffs,2026,0,Houston Rockets,Los Angeles Lakers,1,0
42500117,2026-05-02 19:30:00,1610612738,1610612755,Playoffs,2026,0,Boston Celtics,Philadelphia 76ers,1,0
42500107,2026-05-03 15:30:00,1610612765,1610612753,Playoffs,2026,1,Detroit Pistons,Orlando Magic,1,0
42500137,2026-05-03 19:30:00,1610612739,1610612761,Playoffs,2026,1,Cleveland Cavaliers,Toronto Raptors,1,0
42500211,2026-05-04 20:00:00,1610612752,1610612755,Playoffs,2026,1,New York Knicks,Philadelphia 76ers,1,0
42500231,2026-05-04 21:30:00,1610612759,1610612750,Playoffs,2026,0,San Antonio Spurs,Minnesota Timberwolves,1,0
42500201,2026-05-05 19:00:00,1610612765,1610612739,Playoffs,2026,1,Detroit Pistons,Cleveland Cavaliers,1,0
42500221,2026-05-05 20:30:00,1610612760,1610612747,Playoffs,2026,1,Oklahoma City Thunder,Los Angeles Lakers,1,0
42500212,2026-05-06 19:00:00,1610612752,1610612755,Playoffs,2026,1,New York Knicks,Philadelphia 76ers,1,0
42500232,2026-05-06 21:30:00,1610612759,1610612750,Playoffs,2026,1,San Antonio Spurs,Minnesota Timberwolves,1,0
42500202,2026-05-07 19:00:00,1610612765,1610612739,Playoffs,2026,1,Detroit Pistons,Cleveland Cavaliers,1,0
42500222,2026-05-07 21:30:00,1610612760,1610612747,Playoffs,2026,1,Oklahoma City Thunder,Los Angeles Lakers,1,0
42500213,2026-05-08 19:00:00,1610612755,1610612752,Playoffs,2026,0,Philadelphia 76ers,New York Knicks,1,0
42500233,2026-05-08 21:30:00,1610612750,1610612759,Playoffs,2026,0,Minnesota Timberwolves,San Antonio Spurs,1,0
